{
    "time": "2024-08-09T12:33:13.328864-04:00",
    "daily_start_net_value": 108923.7749,
    "current_net_value": 108710.4186,
    "daily_pnl": -213.35629999999946,
    "daily_pnl_percentage": -0.2,
    "remain_portion": 0,
    "positions": {
        "TSLA": 16.25,
        "NVDA": 0.57,
        "META": 0,
        "MSFT": 19.29,
        "IBM": 20.0,
        "PLTR": 0,
        "BA": 22.28,
        "SNOW": 14.0,
        "GOOGL": 53.41,
        "COIN": 0,
        "SMCI": 6.0,
        "HOOD": 443.47,
        "CRWD": 15.49,
        "LULU": 17.83,
        "PANW": 0,
        "AMD": 60.44,
        "ARM": 0,
        "BABA": 24.0,
        "CELH": 301.82,
        "QCOM": 19.25,
        "AAPL": 0,
        "DELL": 113.51,
        "SHOP": 0,
        "CEG": 59.09,
        "MU": 96.73,
        "HIMS": 55.0
    },
    "cash_position": 408.36,
    "active_orders": {
        "TSLA": [
            {
                "uuid": "00000000-0000-0000-0000-0000000000",
                "stock": "TSLA",
                "time": "2024-08-09T07:00:41.788048-04:00",
                "price": 215.8739,
                "share": 13.25,
                "remain_portion": -1
            },
            {
                "uuid": "7061af15-ccb5-4c59-9ec0-bea5be27f3fa",
                "stock": "TSLA",
                "time": "2024-08-09T08:26:43.662101-04:00",
                "price": 198.30800000000002,
                "share": 5.0,
                "remain_portion": 3
            }
        ],
        "NVDA": [
            {
                "uuid": "00000000-0000-0000-0000-0000000000",
                "stock": "NVDA",
                "time": "2024-08-09T07:00:41.788078-04:00",
                "price": 117.7549,
                "share": 0.57,
                "remain_portion": -1
            }
        ],
        "META": [],
        "MSFT": [
            {
                "uuid": "00000000-0000-0000-0000-0000000000",
                "stock": "MSFT",
                "time": "2024-08-09T07:00:41.788017-04:00",
                "price": 446.5873,
                "share": 19.29,
                "remain_portion": -1
            }
        ],
        "IBM": [
            {
                "uuid": "1f99175d-6754-407b-8820-7aee632717d5",
                "stock": "IBM",
                "time": "2024-08-09T07:50:46.250001-04:00",
                "price": 191.35000000000002,
                "share": 5.0,
                "remain_portion": 10
            },
            {
                "uuid": "8be34fdb-0558-4cc1-a42e-e94bc4b4bb2e",
                "stock": "IBM",
                "time": "2024-08-09T08:06:11.129740-04:00",
                "price": 191.0,
                "share": 5.0,
                "remain_portion": 8
            },
            {
                "uuid": "d4fec962-9202-40c0-96e2-f8f6a41accb2",
                "stock": "IBM",
                "time": "2024-08-09T08:21:25.882395-04:00",
                "price": 191.0,
                "share": 5.0,
                "remain_portion": 5
            },
            {
                "uuid": "e75344ee-99c9-415d-97c8-1d7069986d75",
                "stock": "IBM",
                "time": "2024-08-09T08:36:03.544911-04:00",
                "price": 191.0,
                "share": 5.0,
                "remain_portion": 1
            }
        ],
        "PLTR": [],
        "BA": [
            {
                "uuid": "00000000-0000-0000-0000-0000000000",
                "stock": "BA",
                "time": "2024-08-09T07:00:41.788135-04:00",
                "price": 173.421,
                "share": 22.28,
                "remain_portion": -1
            }
        ],
        "SNOW": [
            {
                "uuid": "00000000-0000-0000-0000-0000000000",
                "stock": "SNOW",
                "time": "2024-08-09T07:00:41.788272-04:00",
                "price": 129.91,
                "share": 14.0,
                "remain_portion": -1
            }
        ],
        "GOOGL": [
            {
                "uuid": "00000000-0000-0000-0000-0000000000",
                "stock": "GOOGL",
                "time": "2024-08-09T07:00:41.788106-04:00",
                "price": 176.8764,
                "share": 41.41,
                "remain_portion": -1
            },
            {
                "uuid": "cda5a326-7033-4b48-9ffd-e8f3a3fe04a0",
                "stock": "GOOGL",
                "time": "2024-08-09T07:30:34.399461-04:00",
                "price": 160.89000000000001,
                "share": 0.0,
                "remain_portion": 12
            },
            {
                "uuid": "c783c0b0-a274-40fb-bfcb-7b73f8479a9f",
                "stock": "GOOGL",
                "time": "2024-08-09T07:45:40.925101-04:00",
                "price": 160.12,
                "share": 12.0,
                "remain_portion": 11
            },
            {
                "uuid": "51391c0d-ffc4-4082-aa5f-2401f8d8d1cf",
                "stock": "GOOGL",
                "time": "2024-08-09T08:21:38.873370-04:00",
                "price": 159.25,
                "share": 0.0,
                "remain_portion": 4
            }
        ],
        "COIN": [],
        "SMCI": [
            {
                "uuid": "00000000-0000-0000-0000-0000000000",
                "stock": "SMCI",
                "time": "2024-08-09T07:00:41.788204-04:00",
                "price": 684.4683,
                "share": 6.0,
                "remain_portion": -1
            }
        ],
        "HOOD": [
            {
                "uuid": "00000000-0000-0000-0000-0000000000",
                "stock": "HOOD",
                "time": "2024-08-09T07:00:41.788175-04:00",
                "price": 22.4114,
                "share": 443.47,
                "remain_portion": -1
            }
        ],
        "CRWD": [
            {
                "uuid": "00000000-0000-0000-0000-0000000000",
                "stock": "CRWD",
                "time": "2024-08-09T07:00:41.788325-04:00",
                "price": 307.4512,
                "share": 15.49,
                "remain_portion": -1
            }
        ],
        "LULU": [
            {
                "uuid": "00000000-0000-0000-0000-0000000000",
                "stock": "LULU",
                "time": "2024-08-09T07:00:41.788245-04:00",
                "price": 280.291,
                "share": 17.83,
                "remain_portion": -1
            }
        ],
        "PANW": [],
        "AMD": [
            {
                "uuid": "00000000-0000-0000-0000-0000000000",
                "stock": "AMD",
                "time": "2024-08-09T07:00:41.787885-04:00",
                "price": 148.6707,
                "share": 53.44,
                "remain_portion": -1
            },
            {
                "uuid": "6ec1b189-c273-4156-9c40-e2d67ceec519",
                "stock": "AMD",
                "time": "2024-08-09T08:36:06.836993-04:00",
                "price": 134.9,
                "share": 7.0,
                "remain_portion": 0
            }
        ],
        "ARM": [],
        "BABA": [
            {
                "uuid": "b8e8d4a7-a8ee-4d95-9c8d-2a671459853f",
                "stock": "BABA",
                "time": "2024-08-09T07:55:51.528783-04:00",
                "price": 79.84,
                "share": 12.0,
                "remain_portion": 9
            },
            {
                "uuid": "9d60af05-9597-43ef-9a7d-e40889de07b9",
                "stock": "BABA",
                "time": "2024-08-09T08:16:21.492481-04:00",
                "price": 79.75999999999999,
                "share": 12.0,
                "remain_portion": 6
            }
        ],
        "CELH": [
            {
                "uuid": "00000000-0000-0000-0000-0000000000",
                "stock": "CELH",
                "time": "2024-08-09T07:00:41.788299-04:00",
                "price": 52.0913,
                "share": 301.82,
                "remain_portion": -1
            }
        ],
        "QCOM": [
            {
                "uuid": "00000000-0000-0000-0000-0000000000",
                "stock": "QCOM",
                "time": "2024-08-09T07:00:41.788427-04:00",
                "price": 177.3508,
                "share": 19.25,
                "remain_portion": -1
            }
        ],
        "AAPL": [],
        "DELL": [
            {
                "uuid": "00000000-0000-0000-0000-0000000000",
                "stock": "DELL",
                "time": "2024-08-09T07:00:41.788464-04:00",
                "price": 126.8585,
                "share": 113.51,
                "remain_portion": -1
            }
        ],
        "SHOP": [],
        "CEG": [
            {
                "uuid": "00000000-0000-0000-0000-0000000000",
                "stock": "CEG",
                "time": "2024-08-09T07:00:41.788532-04:00",
                "price": 191.8425,
                "share": 59.09,
                "remain_portion": -1
            }
        ],
        "MU": [
            {
                "uuid": "00000000-0000-0000-0000-0000000000",
                "stock": "MU",
                "time": "2024-08-09T07:00:41.788504-04:00",
                "price": 122.8553,
                "share": 96.73,
                "remain_portion": -1
            }
        ],
        "HIMS": [
            {
                "uuid": "00000000-0000-0000-0000-0000000000",
                "stock": "HIMS",
                "time": "2024-08-09T07:00:41.788380-04:00",
                "price": 17.68,
                "share": 55.0,
                "remain_portion": -1
            }
        ]
    },
    "active_pnl": {
        "TSLA": -248.41,
        "NVDA": -7.62,
        "META": 0,
        "MSFT": -819.97,
        "IBM": 7.65,
        "PLTR": 0,
        "BA": -133.7,
        "SNOW": -95.55,
        "GOOGL": -719.79,
        "COIN": 0,
        "SMCI": -1043.81,
        "HOOD": -2040.58,
        "CRWD": -1035.99,
        "LULU": -730.51,
        "PANW": 0,
        "AMD": -777.01,
        "ARM": 0,
        "BABA": 0.36,
        "CELH": -3838.03,
        "QCOM": -263.55,
        "AAPL": 0,
        "DELL": -4075.41,
        "SHOP": 0,
        "CEG": -263.69,
        "MU": -2867.98,
        "HIMS": -93.24
    },
    "active_pnl_percentage": {
        "TSLA": -6.4,
        "NVDA": -11.34,
        "META": 0,
        "MSFT": -9.51,
        "IBM": 0.2,
        "PLTR": 0,
        "BA": -3.46,
        "SNOW": -5.28,
        "GOOGL": -7.79,
        "COIN": 0,
        "SMCI": -25.41,
        "HOOD": -20.55,
        "CRWD": -21.78,
        "LULU": -14.62,
        "PANW": 0,
        "AMD": -8.75,
        "ARM": 0,
        "BABA": 0.02,
        "CELH": -24.46,
        "QCOM": -7.72,
        "AAPL": 0,
        "DELL": -28.3,
        "SHOP": 0,
        "CEG": -2.26,
        "MU": -24.13,
        "HIMS": -9.61
    }
}