{
    "time": "2024-07-29T07:30:09.312493-04:00",
    "daily_start_net_value": 116422.9434,
    "current_net_value": 116422.9434,
    "daily_pnl": 0.0,
    "daily_pnl_percentage": 0.0,
    "remain_portion": 14,
    "positions": {
        "TSLA": 0,
        "NVDA": 39.01,
        "META": 10.0,
        "MSFT": 17.29,
        "IBM": 0,
        "PLTR": 0,
        "BA": 0,
        "SNOW": 0.02,
        "GOOGL": 36.41,
        "COIN": 0,
        "SMCI": 3.0,
        "HOOD": 393.27,
        "CRWD": 11.0,
        "LULU": 17.83,
        "PANW": 0,
        "AMD": 38.86,
        "ARM": 0,
        "BABA": 23.55,
        "CELH": 280.48,
        "QCOM": 15.42,
        "AAPL": 17.04,
        "DELL": 104.62,
        "SHOP": 92.14,
        "CEG": 41.88,
        "MU": 86.76,
        "HIMS": 0
    },
    "cash_position": 14667.03,
    "active_orders": {
        "TSLA": [],
        "NVDA": [
            {
                "uuid": "00000000-0000-0000-0000-0000000000",
                "stock": "NVDA",
                "time": "2024-07-29T07:01:05.435308-04:00",
                "price": 121.2032,
                "share": 39.01,
                "remain_portion": -1
            }
        ],
        "META": [
            {
                "uuid": "00000000-0000-0000-0000-0000000000",
                "stock": "META",
                "time": "2024-07-29T07:01:05.435035-04:00",
                "price": 498.0661,
                "share": 10.0,
                "remain_portion": -1
            }
        ],
        "MSFT": [
            {
                "uuid": "00000000-0000-0000-0000-0000000000",
                "stock": "MSFT",
                "time": "2024-07-29T07:01:05.435221-04:00",
                "price": 450.417,
                "share": 17.29,
                "remain_portion": -1
            }
        ],
        "IBM": [],
        "PLTR": [],
        "BA": [],
        "SNOW": [
            {
                "uuid": "00000000-0000-0000-0000-0000000000",
                "stock": "SNOW",
                "time": "2024-07-29T07:01:05.435548-04:00",
                "price": 128.8788,
                "share": 0.02,
                "remain_portion": -1
            }
        ],
        "GOOGL": [
            {
                "uuid": "00000000-0000-0000-0000-0000000000",
                "stock": "GOOGL",
                "time": "2024-07-29T07:01:05.435360-04:00",
                "price": 178.1352,
                "share": 36.41,
                "remain_portion": -1
            }
        ],
        "COIN": [],
        "SMCI": [
            {
                "uuid": "00000000-0000-0000-0000-0000000000",
                "stock": "SMCI",
                "time": "2024-07-29T07:01:05.435475-04:00",
                "price": 835.2433,
                "share": 3.0,
                "remain_portion": -1
            }
        ],
        "HOOD": [
            {
                "uuid": "00000000-0000-0000-0000-0000000000",
                "stock": "HOOD",
                "time": "2024-07-29T07:01:05.435397-04:00",
                "price": 22.73,
                "share": 393.27,
                "remain_portion": -1
            }
        ],
        "CRWD": [
            {
                "uuid": "00000000-0000-0000-0000-0000000000",
                "stock": "CRWD",
                "time": "2024-07-29T07:01:05.435628-04:00",
                "price": 342.1445,
                "share": 11.0,
                "remain_portion": -1
            }
        ],
        "LULU": [
            {
                "uuid": "00000000-0000-0000-0000-0000000000",
                "stock": "LULU",
                "time": "2024-07-29T07:01:05.435511-04:00",
                "price": 280.291,
                "share": 17.83,
                "remain_portion": -1
            }
        ],
        "PANW": [],
        "AMD": [
            {
                "uuid": "00000000-0000-0000-0000-0000000000",
                "stock": "AMD",
                "time": "2024-07-29T07:01:05.435180-04:00",
                "price": 152.9862,
                "share": 38.86,
                "remain_portion": -1
            }
        ],
        "ARM": [],
        "BABA": [
            {
                "uuid": "00000000-0000-0000-0000-0000000000",
                "stock": "BABA",
                "time": "2024-07-29T07:01:05.435439-04:00",
                "price": 76.5219,
                "share": 23.55,
                "remain_portion": -1
            }
        ],
        "CELH": [
            {
                "uuid": "00000000-0000-0000-0000-0000000000",
                "stock": "CELH",
                "time": "2024-07-29T07:01:05.435584-04:00",
                "price": 52.4928,
                "share": 280.48,
                "remain_portion": -1
            }
        ],
        "QCOM": [
            {
                "uuid": "00000000-0000-0000-0000-0000000000",
                "stock": "QCOM",
                "time": "2024-07-29T07:01:05.435714-04:00",
                "price": 189.4474,
                "share": 15.42,
                "remain_portion": -1
            }
        ],
        "AAPL": [
            {
                "uuid": "00000000-0000-0000-0000-0000000000",
                "stock": "AAPL",
                "time": "2024-07-29T07:01:05.435272-04:00",
                "price": 225.2471,
                "share": 17.04,
                "remain_portion": -1
            }
        ],
        "DELL": [
            {
                "uuid": "00000000-0000-0000-0000-0000000000",
                "stock": "DELL",
                "time": "2024-07-29T07:01:05.435754-04:00",
                "price": 128.0829,
                "share": 104.62,
                "remain_portion": -1
            }
        ],
        "SHOP": [
            {
                "uuid": "00000000-0000-0000-0000-0000000000",
                "stock": "SHOP",
                "time": "2024-07-29T07:01:05.435665-04:00",
                "price": 64.7146,
                "share": 92.14,
                "remain_portion": -1
            }
        ],
        "CEG": [
            {
                "uuid": "00000000-0000-0000-0000-0000000000",
                "stock": "CEG",
                "time": "2024-07-29T07:01:05.435871-04:00",
                "price": 199.0884,
                "share": 41.88,
                "remain_portion": -1
            }
        ],
        "MU": [
            {
                "uuid": "00000000-0000-0000-0000-0000000000",
                "stock": "MU",
                "time": "2024-07-29T07:01:05.435825-04:00",
                "price": 125.4544,
                "share": 86.76,
                "remain_portion": -1
            }
        ],
        "HIMS": []
    },
    "active_pnl": {
        "TSLA": 0,
        "NVDA": -290.75,
        "META": -272.66,
        "MSFT": -370.3,
        "IBM": 0,
        "PLTR": 0,
        "BA": 0,
        "SNOW": 0.03,
        "GOOGL": -336.62,
        "COIN": 0,
        "SMCI": -351.73,
        "HOOD": -499.45,
        "CRWD": -910.19,
        "LULU": -452.72,
        "PANW": 0,
        "AMD": -449.85,
        "ARM": 0,
        "BABA": 50.12,
        "CELH": -1063.8,
        "QCOM": -116.38,
        "AAPL": -123.49,
        "DELL": -1421.04,
        "SHOP": -387.41,
        "CEG": -1006.73,
        "MU": -1293.11,
        "HIMS": 0
    },
    "active_pnl_percentage": {
        "TSLA": 0,
        "NVDA": -6.15,
        "META": -5.47,
        "MSFT": -4.75,
        "IBM": 0,
        "PLTR": 0,
        "BA": 0,
        "SNOW": 1.02,
        "GOOGL": -5.19,
        "COIN": 0,
        "SMCI": -14.04,
        "HOOD": -5.59,
        "CRWD": -24.18,
        "LULU": -9.06,
        "PANW": 0,
        "AMD": -7.57,
        "ARM": 0,
        "BABA": 2.78,
        "CELH": -7.23,
        "QCOM": -3.98,
        "AAPL": -3.22,
        "DELL": -10.6,
        "SHOP": -6.5,
        "CEG": -12.07,
        "MU": -11.88,
        "HIMS": 0
    }
}