{
    "time": "2024-08-14T19:36:32.959274-04:00",
    "daily_start_net_value": 112486.8987,
    "current_net_value": 112723.8996,
    "daily_pnl": 237.0008999999991,
    "daily_pnl_percentage": 0.21,
    "remain_portion": 0,
    "positions": {
        "TSLA": 23.16,
        "NVDA": 0.57,
        "META": 0,
        "MSFT": 19.29,
        "IBM": 0,
        "PLTR": 0,
        "BA": 27.28,
        "SNOW": 14.0,
        "GOOGL": 65.67,
        "COIN": 0,
        "SMCI": 6.0,
        "HOOD": 497.85,
        "CRWD": 15.49,
        "LULU": 17.83,
        "PANW": 0.0,
        "AMD": 60.44,
        "ARM": 0,
        "BABA": 0,
        "CELH": 301.82,
        "QCOM": 37.24,
        "AAPL": 0,
        "DELL": 113.51,
        "SHOP": 0,
        "CEG": 34.87,
        "MU": 96.73,
        "HIMS": 184.24
    },
    "cash_position": 795.79,
    "active_orders": {
        "TSLA": [
            {
                "uuid": "00000000-0000-0000-0000-0000000000",
                "stock": "TSLA",
                "time": "2024-08-14T07:01:12.395767-04:00",
                "price": 211.0569,
                "share": 18.25,
                "remain_portion": -1
            },
            {
                "uuid": "635bb652-5dc1-4d70-8a7a-5a6924c6182a",
                "stock": "TSLA",
                "time": "2024-08-14T09:50:31.472937-04:00",
                "price": 203.77,
                "share": 4.91,
                "remain_portion": 3
            }
        ],
        "NVDA": [
            {
                "uuid": "00000000-0000-0000-0000-0000000000",
                "stock": "NVDA",
                "time": "2024-08-14T07:01:12.395805-04:00",
                "price": 117.7549,
                "share": 0.57,
                "remain_portion": -1
            }
        ],
        "META": [],
        "MSFT": [
            {
                "uuid": "00000000-0000-0000-0000-0000000000",
                "stock": "MSFT",
                "time": "2024-08-14T07:01:12.395733-04:00",
                "price": 446.5873,
                "share": 19.29,
                "remain_portion": -1
            }
        ],
        "IBM": [],
        "PLTR": [],
        "BA": [
            {
                "uuid": "00000000-0000-0000-0000-0000000000",
                "stock": "BA",
                "time": "2024-08-14T07:01:12.395869-04:00",
                "price": 172.4164,
                "share": 27.28,
                "remain_portion": -1
            }
        ],
        "SNOW": [
            {
                "uuid": "00000000-0000-0000-0000-0000000000",
                "stock": "SNOW",
                "time": "2024-08-14T07:01:12.396030-04:00",
                "price": 129.91,
                "share": 14.0,
                "remain_portion": -1
            }
        ],
        "GOOGL": [
            {
                "uuid": "00000000-0000-0000-0000-0000000000",
                "stock": "GOOGL",
                "time": "2024-08-14T07:01:12.395843-04:00",
                "price": 171.7854,
                "share": 59.41,
                "remain_portion": -1
            },
            {
                "uuid": "9a156cc5-e910-4f3d-a0cb-a69ecb393c63",
                "stock": "GOOGL",
                "time": "2024-08-14T09:55:36.717513-04:00",
                "price": 159.8,
                "share": 6.260000000000005,
                "remain_portion": 2
            }
        ],
        "COIN": [],
        "SMCI": [
            {
                "uuid": "00000000-0000-0000-0000-0000000000",
                "stock": "SMCI",
                "time": "2024-08-14T07:01:12.395953-04:00",
                "price": 684.4683,
                "share": 6.0,
                "remain_portion": -1
            }
        ],
        "HOOD": [
            {
                "uuid": "00000000-0000-0000-0000-0000000000",
                "stock": "HOOD",
                "time": "2024-08-14T07:01:12.395928-04:00",
                "price": 21.971,
                "share": 497.85,
                "remain_portion": -1
            }
        ],
        "CRWD": [
            {
                "uuid": "00000000-0000-0000-0000-0000000000",
                "stock": "CRWD",
                "time": "2024-08-14T07:01:12.396108-04:00",
                "price": 307.4512,
                "share": 15.49,
                "remain_portion": -1
            }
        ],
        "LULU": [
            {
                "uuid": "00000000-0000-0000-0000-0000000000",
                "stock": "LULU",
                "time": "2024-08-14T07:01:12.395985-04:00",
                "price": 280.291,
                "share": 17.83,
                "remain_portion": -1
            }
        ],
        "PANW": [
            {
                "uuid": "670b1d16-a82a-4fd2-abcd-f57e33888fc7",
                "stock": "PANW",
                "time": "2024-08-14T09:01:02.861403-04:00",
                "price": 332.05,
                "share": 0.0,
                "remain_portion": 3
            }
        ],
        "AMD": [
            {
                "uuid": "00000000-0000-0000-0000-0000000000",
                "stock": "AMD",
                "time": "2024-08-14T07:01:12.395599-04:00",
                "price": 147.0538,
                "share": 60.44,
                "remain_portion": -1
            }
        ],
        "ARM": [],
        "BABA": [],
        "CELH": [
            {
                "uuid": "00000000-0000-0000-0000-0000000000",
                "stock": "CELH",
                "time": "2024-08-14T07:01:12.396079-04:00",
                "price": 52.0913,
                "share": 301.82,
                "remain_portion": -1
            }
        ],
        "QCOM": [
            {
                "uuid": "00000000-0000-0000-0000-0000000000",
                "stock": "QCOM",
                "time": "2024-08-14T07:01:12.396200-04:00",
                "price": 171.5521,
                "share": 31.25,
                "remain_portion": -1
            },
            {
                "uuid": "a3d8ff41-6c6c-4d21-b0a8-c43b2b90082c",
                "stock": "QCOM",
                "time": "2024-08-14T10:00:54.784336-04:00",
                "price": 166.94,
                "share": 5.990000000000002,
                "remain_portion": 0
            }
        ],
        "AAPL": [],
        "DELL": [
            {
                "uuid": "00000000-0000-0000-0000-0000000000",
                "stock": "DELL",
                "time": "2024-08-14T07:01:12.396231-04:00",
                "price": 126.8585,
                "share": 113.51,
                "remain_portion": -1
            }
        ],
        "SHOP": [],
        "CEG": [
            {
                "uuid": "00000000-0000-0000-0000-0000000000",
                "stock": "CEG",
                "time": "2024-08-14T07:01:12.396363-04:00",
                "price": 191.1878,
                "share": 34.87,
                "remain_portion": -1
            }
        ],
        "MU": [
            {
                "uuid": "00000000-0000-0000-0000-0000000000",
                "stock": "MU",
                "time": "2024-08-14T07:01:12.396271-04:00",
                "price": 122.8553,
                "share": 96.73,
                "remain_portion": -1
            }
        ],
        "HIMS": [
            {
                "uuid": "00000000-0000-0000-0000-0000000000",
                "stock": "HIMS",
                "time": "2024-08-14T07:01:12.396154-04:00",
                "price": 16.133,
                "share": 184.24,
                "remain_portion": -1
            }
        ]
    },
    "active_pnl": {
        "TSLA": -199.45,
        "NVDA": -0.07,
        "META": 0,
        "MSFT": -564.95,
        "IBM": 0,
        "PLTR": 0,
        "BA": -109.57,
        "SNOW": -58.94,
        "GOOGL": -707.46,
        "COIN": 0,
        "SMCI": -646.01,
        "HOOD": -1598.6,
        "CRWD": -782.42,
        "LULU": -673.81,
        "PANW": 0.0,
        "AMD": -401.55,
        "ARM": 0,
        "BABA": 0,
        "CELH": -3797.29,
        "QCOM": -139.94,
        "AAPL": 0,
        "DELL": -2716.29,
        "SHOP": 0,
        "CEG": -215.77,
        "MU": -2152.76,
        "HIMS": -131.36
    },
    "active_pnl_percentage": {
        "TSLA": -4.11,
        "NVDA": -0.1,
        "META": 0,
        "MSFT": -6.56,
        "IBM": 0,
        "PLTR": 0,
        "BA": -2.33,
        "SNOW": -3.24,
        "GOOGL": -6.31,
        "COIN": 0,
        "SMCI": -15.73,
        "HOOD": -14.61,
        "CRWD": -16.43,
        "LULU": -13.48,
        "PANW": 0,
        "AMD": -4.52,
        "ARM": 0,
        "BABA": 0,
        "CELH": -24.15,
        "QCOM": -2.2,
        "AAPL": 0,
        "DELL": -18.86,
        "SHOP": 0,
        "CEG": -3.24,
        "MU": -18.12,
        "HIMS": -4.42
    }
}