{
    "time": "2024-07-19T15:35:20.918934-04:00",
    "daily_start_net_value": 91876.228,
    "current_net_value": 91036.6274,
    "daily_pnl": -839.6006000000052,
    "daily_pnl_percentage": -0.91,
    "remain_portion": 0,
    "positions": {
        "TSLA": 0,
        "NVDA": 22.13,
        "META": 5.96,
        "MSFT": 15.29,
        "IBM": 0,
        "PLTR": 0,
        "BA": 10.49,
        "SNOW": 7.6,
        "GOOGL": 40.5,
        "COIN": 0,
        "SMCI": 2.0,
        "HOOD": 83.28,
        "CRWD": 8.0,
        "LULU": 0,
        "PANW": 10.0,
        "AMD": 17.75,
        "ARM": 0,
        "BABA": 60.25,
        "CELH": 215.98,
        "QCOM": 4.82,
        "AAPL": 12.39,
        "DELL": 77.91,
        "SHOP": 59.45,
        "CEG": 36.0,
        "MU": 77.76,
        "HIMS": 44.0
    },
    "cash_position": 896.52,
    "active_orders": {
        "TSLA": [],
        "NVDA": [
            {
                "uuid": "00000000-0000-0000-0000-0000000000",
                "stock": "NVDA",
                "time": "2024-07-19T07:01:39.832691-04:00",
                "price": 125.1503,
                "share": 22.13,
                "remain_portion": -1
            }
        ],
        "META": [
            {
                "uuid": "00000000-0000-0000-0000-0000000000",
                "stock": "META",
                "time": "2024-07-19T07:01:39.832482-04:00",
                "price": 509.2937,
                "share": 5.96,
                "remain_portion": -1
            }
        ],
        "MSFT": [
            {
                "uuid": "00000000-0000-0000-0000-0000000000",
                "stock": "MSFT",
                "time": "2024-07-19T07:01:39.832637-04:00",
                "price": 451.8031,
                "share": 15.29,
                "remain_portion": -1
            }
        ],
        "IBM": [],
        "PLTR": [],
        "BA": [
            {
                "uuid": "a21dee7b-4b86-4832-ab32-b5a5c84bee94",
                "stock": "BA",
                "time": "2024-07-19T09:36:08.129265-04:00",
                "price": 181.048,
                "share": 4.91,
                "remain_portion": -1
            },
            {
                "uuid": "3a70ee01-de4e-4062-9daa-98895573c00c",
                "stock": "BA",
                "time": "2024-07-19T09:56:20.492342-04:00",
                "price": 179.28,
                "share": 5.58,
                "remain_portion": 1
            }
        ],
        "SNOW": [
            {
                "uuid": "00000000-0000-0000-0000-0000000000",
                "stock": "SNOW",
                "time": "2024-07-19T07:01:39.832856-04:00",
                "price": 131.6053,
                "share": 7.6,
                "remain_portion": -1
            },
            {
                "uuid": "181e403c-d8c1-48a2-b24b-586a93766fcb",
                "stock": "SNOW",
                "time": "2024-07-19T07:30:31.164551-04:00",
                "price": 128.9,
                "share": 0.0,
                "remain_portion": 6
            }
        ],
        "GOOGL": [
            {
                "uuid": "00000000-0000-0000-0000-0000000000",
                "stock": "GOOGL",
                "time": "2024-07-19T07:01:39.832717-04:00",
                "price": 184.4393,
                "share": 40.5,
                "remain_portion": -1
            }
        ],
        "COIN": [],
        "SMCI": [
            {
                "uuid": "00000000-0000-0000-0000-0000000000",
                "stock": "SMCI",
                "time": "2024-07-19T07:01:39.832829-04:00",
                "price": 869.365,
                "share": 2.0,
                "remain_portion": -1
            }
        ],
        "HOOD": [
            {
                "uuid": "00000000-0000-0000-0000-0000000000",
                "stock": "HOOD",
                "time": "2024-07-19T07:01:39.832768-04:00",
                "price": 23.8369,
                "share": 83.28,
                "remain_portion": -1
            }
        ],
        "CRWD": [
            {
                "uuid": "00000000-0000-0000-0000-0000000000",
                "stock": "CRWD",
                "time": "2024-07-19T07:01:39.832939-04:00",
                "price": 361.5375,
                "share": 8.0,
                "remain_portion": -1
            }
        ],
        "LULU": [],
        "PANW": [
            {
                "uuid": "c0182378-2007-4ea7-904d-1b5bc757e28f",
                "stock": "PANW",
                "time": "2024-07-19T09:06:28.729830-04:00",
                "price": 333.017,
                "share": 10.0,
                "remain_portion": -1
            }
        ],
        "AMD": [
            {
                "uuid": "00000000-0000-0000-0000-0000000000",
                "stock": "AMD",
                "time": "2024-07-19T07:01:39.832607-04:00",
                "price": 165.9466,
                "share": 17.75,
                "remain_portion": -1
            }
        ],
        "ARM": [],
        "BABA": [
            {
                "uuid": "00000000-0000-0000-0000-0000000000",
                "stock": "BABA",
                "time": "2024-07-19T07:01:39.832802-04:00",
                "price": 77.4946,
                "share": 46.99,
                "remain_portion": -1
            },
            {
                "uuid": "bdb609f3-c699-4d61-bef9-d64a8315f348",
                "stock": "BABA",
                "time": "2024-07-19T10:26:32.135254-04:00",
                "price": 75.39,
                "share": 13.259999999999998,
                "remain_portion": 0
            }
        ],
        "CELH": [
            {
                "uuid": "00000000-0000-0000-0000-0000000000",
                "stock": "CELH",
                "time": "2024-07-19T07:01:39.832913-04:00",
                "price": 54.3346,
                "share": 215.98,
                "remain_portion": -1
            }
        ],
        "QCOM": [
            {
                "uuid": "00000000-0000-0000-0000-0000000000",
                "stock": "QCOM",
                "time": "2024-07-19T07:01:39.833042-04:00",
                "price": 201.3545,
                "share": 4.82,
                "remain_portion": -1
            }
        ],
        "AAPL": [
            {
                "uuid": "00000000-0000-0000-0000-0000000000",
                "stock": "AAPL",
                "time": "2024-07-19T07:01:39.832664-04:00",
                "price": 229.0549,
                "share": 12.39,
                "remain_portion": -1
            }
        ],
        "DELL": [
            {
                "uuid": "00000000-0000-0000-0000-0000000000",
                "stock": "DELL",
                "time": "2024-07-19T07:01:39.833071-04:00",
                "price": 133.4984,
                "share": 77.91,
                "remain_portion": -1
            }
        ],
        "SHOP": [
            {
                "uuid": "00000000-0000-0000-0000-0000000000",
                "stock": "SHOP",
                "time": "2024-07-19T07:01:39.833016-04:00",
                "price": 66.6823,
                "share": 59.45,
                "remain_portion": -1
            },
            {
                "uuid": "cef04ed6-2516-4918-8cab-97cfd1b7471d",
                "stock": "SHOP",
                "time": "2024-07-19T07:30:43.849319-04:00",
                "price": 62.4,
                "share": 0.0,
                "remain_portion": 5
            }
        ],
        "CEG": [
            {
                "uuid": "00000000-0000-0000-0000-0000000000",
                "stock": "CEG",
                "time": "2024-07-19T07:01:39.833124-04:00",
                "price": 203.8425,
                "share": 36.0,
                "remain_portion": -1
            }
        ],
        "MU": [
            {
                "uuid": "00000000-0000-0000-0000-0000000000",
                "stock": "MU",
                "time": "2024-07-19T07:01:39.833097-04:00",
                "price": 127.7454,
                "share": 77.76,
                "remain_portion": -1
            }
        ],
        "HIMS": [
            {
                "uuid": "00000000-0000-0000-0000-0000000000",
                "stock": "HIMS",
                "time": "2024-07-19T07:01:39.832991-04:00",
                "price": 22.67,
                "share": 44.0,
                "remain_portion": -1
            },
            {
                "uuid": "e56a9961-aabc-4949-aaeb-83eabb3f2f44",
                "stock": "HIMS",
                "time": "2024-07-19T08:56:33.977656-04:00",
                "price": 20.330309999999997,
                "share": 0.0,
                "remain_portion": 4
            }
        ]
    },
    "active_pnl": {
        "TSLA": 0,
        "NVDA": -153.7,
        "META": -188.21,
        "MSFT": -227.18,
        "IBM": 0,
        "PLTR": 0,
        "BA": -11.2,
        "SNOW": -15.16,
        "GOOGL": -275.37,
        "COIN": 0,
        "SMCI": -153.34,
        "HOOD": -23.89,
        "CRWD": -440.42,
        "LULU": 0,
        "PANW": -13.57,
        "AMD": -245.21,
        "ARM": 0,
        "BABA": -98.29,
        "CELH": -961.02,
        "QCOM": -67.21,
        "AAPL": -55.51,
        "DELL": -609.13,
        "SHOP": -200.48,
        "CEG": -532.08,
        "MU": -1011.3,
        "HIMS": -140.36
    },
    "active_pnl_percentage": {
        "TSLA": 0,
        "NVDA": -5.47,
        "META": -6.17,
        "MSFT": -3.27,
        "IBM": 0,
        "PLTR": 0,
        "BA": -0.59,
        "SNOW": -1.5,
        "GOOGL": -3.69,
        "COIN": 0,
        "SMCI": -8.81,
        "HOOD": -1.2,
        "CRWD": -15.26,
        "LULU": 0,
        "PANW": -0.41,
        "AMD": -8.33,
        "ARM": 0,
        "BABA": -2.11,
        "CELH": -8.2,
        "QCOM": -6.87,
        "AAPL": -1.95,
        "DELL": -5.86,
        "SHOP": -5.06,
        "CEG": -7.25,
        "MU": -10.2,
        "HIMS": -14.03
    }
}