{
    "time": "2024-07-25T07:30:08.829264-04:00",
    "daily_start_net_value": 96468.2151,
    "current_net_value": 96468.2151,
    "daily_pnl": 0.0,
    "daily_pnl_percentage": 0.0,
    "remain_portion": 8,
    "positions": {
        "TSLA": 0,
        "NVDA": 30.13,
        "META": 10.0,
        "MSFT": 17.29,
        "IBM": 0,
        "PLTR": 0,
        "BA": 0,
        "SNOW": 7.86,
        "GOOGL": 25.5,
        "COIN": 0,
        "SMCI": 3.0,
        "HOOD": 298.28,
        "CRWD": 11.0,
        "LULU": 17.83,
        "PANW": 3.05,
        "AMD": 24.54,
        "ARM": 0,
        "BABA": 23.55,
        "CELH": 258.48,
        "QCOM": 9.82,
        "AAPL": 12.39,
        "DELL": 77.91,
        "SHOP": 75.45,
        "CEG": 36.0,
        "MU": 77.76,
        "HIMS": 0
    },
    "cash_position": 8395.83,
    "active_orders": {
        "TSLA": [],
        "NVDA": [
            {
                "uuid": "00000000-0000-0000-0000-0000000000",
                "stock": "NVDA",
                "time": "2024-07-25T07:01:40.016557-04:00",
                "price": 123.7297,
                "share": 30.13,
                "remain_portion": -1
            }
        ],
        "META": [
            {
                "uuid": "00000000-0000-0000-0000-0000000000",
                "stock": "META",
                "time": "2024-07-25T07:01:40.016291-04:00",
                "price": 498.0661,
                "share": 10.0,
                "remain_portion": -1
            }
        ],
        "MSFT": [
            {
                "uuid": "00000000-0000-0000-0000-0000000000",
                "stock": "MSFT",
                "time": "2024-07-25T07:01:40.016470-04:00",
                "price": 450.417,
                "share": 17.29,
                "remain_portion": -1
            }
        ],
        "IBM": [],
        "PLTR": [],
        "BA": [],
        "SNOW": [
            {
                "uuid": "00000000-0000-0000-0000-0000000000",
                "stock": "SNOW",
                "time": "2024-07-25T07:01:40.016830-04:00",
                "price": 127.1005,
                "share": 7.86,
                "remain_portion": -1
            }
        ],
        "GOOGL": [
            {
                "uuid": "00000000-0000-0000-0000-0000000000",
                "stock": "GOOGL",
                "time": "2024-07-25T07:01:40.016592-04:00",
                "price": 182.4257,
                "share": 25.5,
                "remain_portion": -1
            }
        ],
        "COIN": [],
        "SMCI": [
            {
                "uuid": "00000000-0000-0000-0000-0000000000",
                "stock": "SMCI",
                "time": "2024-07-25T07:01:40.016727-04:00",
                "price": 835.2433,
                "share": 3.0,
                "remain_portion": -1
            }
        ],
        "HOOD": [
            {
                "uuid": "00000000-0000-0000-0000-0000000000",
                "stock": "HOOD",
                "time": "2024-07-25T07:01:40.016627-04:00",
                "price": 23.2682,
                "share": 298.28,
                "remain_portion": -1
            }
        ],
        "CRWD": [
            {
                "uuid": "00000000-0000-0000-0000-0000000000",
                "stock": "CRWD",
                "time": "2024-07-25T07:01:40.016956-04:00",
                "price": 342.1445,
                "share": 11.0,
                "remain_portion": -1
            }
        ],
        "LULU": [
            {
                "uuid": "00000000-0000-0000-0000-0000000000",
                "stock": "LULU",
                "time": "2024-07-25T07:01:40.016784-04:00",
                "price": 280.291,
                "share": 17.83,
                "remain_portion": -1
            }
        ],
        "PANW": [
            {
                "uuid": "00000000-0000-0000-0000-0000000000",
                "stock": "PANW",
                "time": "2024-07-25T07:01:40.016865-04:00",
                "price": 327.7508,
                "share": 3.05,
                "remain_portion": -1
            }
        ],
        "AMD": [
            {
                "uuid": "00000000-0000-0000-0000-0000000000",
                "stock": "AMD",
                "time": "2024-07-25T07:01:40.016428-04:00",
                "price": 160.7967,
                "share": 24.54,
                "remain_portion": -1
            }
        ],
        "ARM": [],
        "BABA": [
            {
                "uuid": "00000000-0000-0000-0000-0000000000",
                "stock": "BABA",
                "time": "2024-07-25T07:01:40.016691-04:00",
                "price": 76.5219,
                "share": 23.55,
                "remain_portion": -1
            }
        ],
        "CELH": [
            {
                "uuid": "00000000-0000-0000-0000-0000000000",
                "stock": "CELH",
                "time": "2024-07-25T07:01:40.016900-04:00",
                "price": 53.122,
                "share": 258.48,
                "remain_portion": -1
            }
        ],
        "QCOM": [
            {
                "uuid": "00000000-0000-0000-0000-0000000000",
                "stock": "QCOM",
                "time": "2024-07-25T07:01:40.017040-04:00",
                "price": 195.7158,
                "share": 9.82,
                "remain_portion": -1
            }
        ],
        "AAPL": [
            {
                "uuid": "00000000-0000-0000-0000-0000000000",
                "stock": "AAPL",
                "time": "2024-07-25T07:01:40.016515-04:00",
                "price": 229.0549,
                "share": 12.39,
                "remain_portion": -1
            }
        ],
        "DELL": [
            {
                "uuid": "00000000-0000-0000-0000-0000000000",
                "stock": "DELL",
                "time": "2024-07-25T07:01:40.017116-04:00",
                "price": 133.4984,
                "share": 77.91,
                "remain_portion": -1
            }
        ],
        "SHOP": [
            {
                "uuid": "00000000-0000-0000-0000-0000000000",
                "stock": "SHOP",
                "time": "2024-07-25T07:01:40.017003-04:00",
                "price": 65.7742,
                "share": 75.45,
                "remain_portion": -1
            }
        ],
        "CEG": [
            {
                "uuid": "00000000-0000-0000-0000-0000000000",
                "stock": "CEG",
                "time": "2024-07-25T07:01:40.017211-04:00",
                "price": 203.8425,
                "share": 36.0,
                "remain_portion": -1
            }
        ],
        "MU": [
            {
                "uuid": "00000000-0000-0000-0000-0000000000",
                "stock": "MU",
                "time": "2024-07-25T07:01:40.017163-04:00",
                "price": 127.7454,
                "share": 77.76,
                "remain_portion": -1
            }
        ],
        "HIMS": []
    },
    "active_pnl": {
        "TSLA": 0,
        "NVDA": -317.26,
        "META": -357.66,
        "MSFT": -394.51,
        "IBM": 0,
        "PLTR": 0,
        "BA": 0,
        "SNOW": -6.29,
        "GOOGL": -273.51,
        "COIN": 0,
        "SMCI": -414.73,
        "HOOD": -658.66,
        "CRWD": -958.59,
        "LULU": -275.31,
        "PANW": -14.83,
        "AMD": -404.83,
        "ARM": 0,
        "BABA": -25.24,
        "CELH": -2091.62,
        "QCOM": -151.19,
        "AAPL": -149.36,
        "DELL": -1466.92,
        "SHOP": -462.07,
        "CEG": -1074.33,
        "MU": -1652.04,
        "HIMS": 0
    },
    "active_pnl_percentage": {
        "TSLA": 0,
        "NVDA": -8.51,
        "META": -7.18,
        "MSFT": -5.07,
        "IBM": 0,
        "PLTR": 0,
        "BA": 0,
        "SNOW": -0.63,
        "GOOGL": -5.88,
        "COIN": 0,
        "SMCI": -16.55,
        "HOOD": -9.49,
        "CRWD": -25.47,
        "LULU": -5.51,
        "PANW": -1.48,
        "AMD": -10.26,
        "ARM": 0,
        "BABA": -1.4,
        "CELH": -15.23,
        "QCOM": -7.87,
        "AAPL": -5.26,
        "DELL": -14.1,
        "SHOP": -9.31,
        "CEG": -14.64,
        "MU": -16.63,
        "HIMS": 0
    }
}