{
    "time": "2024-07-10T07:30:09.591607-04:00",
    "daily_start_net_value": 84592.2994,
    "current_net_value": 84592.2994,
    "daily_pnl": 0.0,
    "daily_pnl_percentage": 0.0,
    "remain_portion": 38,
    "positions": {
        "TSLA": 0,
        "NVDA": 0,
        "META": 0,
        "MSFT": 6.52,
        "IBM": 16.37,
        "PLTR": 0,
        "BA": 34.89,
        "SNOW": 21.68,
        "GOOGL": 0.87,
        "COIN": 0,
        "SMCI": 0,
        "HOOD": 0.35,
        "CRWD": 2.6,
        "LULU": 18.18,
        "PANW": 0,
        "AMD": 0,
        "ARM": 5.54,
        "BABA": 0,
        "CELH": 61.83,
        "QCOM": 0.96,
        "AAPL": 0,
        "DELL": 0,
        "SHOP": 46.14,
        "CEG": 9.26,
        "MU": 44.66,
        "HIMS": 434.65
    },
    "cash_position": 38358.72,
    "active_orders": {
        "TSLA": [],
        "NVDA": [],
        "META": [],
        "MSFT": [
            {
                "uuid": "00000000-0000-0000-0000-0000000000",
                "stock": "MSFT",
                "time": "2024-07-10T07:02:15.927640-04:00",
                "price": 460.1335,
                "share": 6.52,
                "remain_portion": -1
            }
        ],
        "IBM": [
            {
                "uuid": "00000000-0000-0000-0000-0000000000",
                "stock": "IBM",
                "time": "2024-07-10T07:02:15.927856-04:00",
                "price": 176.5412,
                "share": 16.37,
                "remain_portion": -1
            }
        ],
        "PLTR": [],
        "BA": [
            {
                "uuid": "00000000-0000-0000-0000-0000000000",
                "stock": "BA",
                "time": "2024-07-10T07:02:15.927818-04:00",
                "price": 183.8827,
                "share": 34.89,
                "remain_portion": -1
            }
        ],
        "SNOW": [
            {
                "uuid": "00000000-0000-0000-0000-0000000000",
                "stock": "SNOW",
                "time": "2024-07-10T07:02:15.927972-04:00",
                "price": 139.8141,
                "share": 21.68,
                "remain_portion": -1
            }
        ],
        "GOOGL": [
            {
                "uuid": "00000000-0000-0000-0000-0000000000",
                "stock": "GOOGL",
                "time": "2024-07-10T07:02:15.927777-04:00",
                "price": 188.9874,
                "share": 0.87,
                "remain_portion": -1
            }
        ],
        "COIN": [],
        "SMCI": [],
        "HOOD": [
            {
                "uuid": "00000000-0000-0000-0000-0000000000",
                "stock": "HOOD",
                "time": "2024-07-10T07:02:15.927905-04:00",
                "price": 22.3169,
                "share": 0.35,
                "remain_portion": -1
            }
        ],
        "CRWD": [
            {
                "uuid": "00000000-0000-0000-0000-0000000000",
                "stock": "CRWD",
                "time": "2024-07-10T07:02:15.928067-04:00",
                "price": 384.4385,
                "share": 2.6,
                "remain_portion": -1
            }
        ],
        "LULU": [
            {
                "uuid": "00000000-0000-0000-0000-0000000000",
                "stock": "LULU",
                "time": "2024-07-10T07:02:15.927940-04:00",
                "price": 297.0588,
                "share": 18.18,
                "remain_portion": -1
            }
        ],
        "PANW": [],
        "AMD": [],
        "ARM": [
            {
                "uuid": "00000000-0000-0000-0000-0000000000",
                "stock": "ARM",
                "time": "2024-07-10T07:02:15.927999-04:00",
                "price": 180.3953,
                "share": 5.54,
                "remain_portion": -1
            }
        ],
        "BABA": [],
        "CELH": [
            {
                "uuid": "00000000-0000-0000-0000-0000000000",
                "stock": "CELH",
                "time": "2024-07-10T07:02:15.928033-04:00",
                "price": 54.9536,
                "share": 61.83,
                "remain_portion": -1
            }
        ],
        "QCOM": [
            {
                "uuid": "00000000-0000-0000-0000-0000000000",
                "stock": "QCOM",
                "time": "2024-07-10T07:02:15.928145-04:00",
                "price": 206.3645,
                "share": 0.96,
                "remain_portion": -1
            }
        ],
        "AAPL": [],
        "DELL": [],
        "SHOP": [
            {
                "uuid": "00000000-0000-0000-0000-0000000000",
                "stock": "SHOP",
                "time": "2024-07-10T07:02:15.928119-04:00",
                "price": 66.1375,
                "share": 46.14,
                "remain_portion": -1
            }
        ],
        "CEG": [
            {
                "uuid": "00000000-0000-0000-0000-0000000000",
                "stock": "CEG",
                "time": "2024-07-10T07:02:15.928198-04:00",
                "price": 215.959,
                "share": 9.26,
                "remain_portion": -1
            }
        ],
        "MU": [
            {
                "uuid": "00000000-0000-0000-0000-0000000000",
                "stock": "MU",
                "time": "2024-07-10T07:02:15.928172-04:00",
                "price": 135.663,
                "share": 44.66,
                "remain_portion": -1
            }
        ],
        "HIMS": [
            {
                "uuid": "00000000-0000-0000-0000-0000000000",
                "stock": "HIMS",
                "time": "2024-07-10T07:02:15.928094-04:00",
                "price": 20.4689,
                "share": 434.65,
                "remain_portion": -1
            }
        ]
    },
    "active_pnl": {
        "TSLA": 0,
        "NVDA": 0,
        "META": 0,
        "MSFT": 3.11,
        "IBM": -0.35,
        "PLTR": 0,
        "BA": -11.61,
        "SNOW": -40.41,
        "GOOGL": 0.68,
        "COIN": 0,
        "SMCI": 0,
        "HOOD": 0.17,
        "CRWD": 1.93,
        "LULU": -146.51,
        "PANW": 0,
        "AMD": 0,
        "ARM": 17.98,
        "BABA": 0,
        "CELH": 33.17,
        "QCOM": 1.21,
        "AAPL": 0,
        "DELL": 0,
        "SHOP": 5.65,
        "CEG": 0.01,
        "MU": -153.76,
        "HIMS": 96.1
    },
    "active_pnl_percentage": {
        "TSLA": 0,
        "NVDA": 0,
        "META": 0,
        "MSFT": 0.1,
        "IBM": -0.01,
        "PLTR": 0,
        "BA": -0.18,
        "SNOW": -1.33,
        "GOOGL": 0.41,
        "COIN": 0,
        "SMCI": 0,
        "HOOD": 2.16,
        "CRWD": 0.19,
        "LULU": -2.71,
        "PANW": 0,
        "AMD": 0,
        "ARM": 1.8,
        "BABA": 0,
        "CELH": 0.98,
        "QCOM": 0.61,
        "AAPL": 0,
        "DELL": 0,
        "SHOP": 0.19,
        "CEG": 0.0,
        "MU": -2.54,
        "HIMS": 1.08
    }
}