{
    "time": "2024-08-13T11:31:55.485214-04:00",
    "daily_start_net_value": 109741.4155,
    "current_net_value": 111986.4956,
    "daily_pnl": 2245.080099999992,
    "daily_pnl_percentage": 2.05,
    "remain_portion": 7,
    "positions": {
        "TSLA": 18.25,
        "NVDA": 0.57,
        "META": 0,
        "MSFT": 19.29,
        "IBM": 15.27,
        "PLTR": 0,
        "BA": 27.28,
        "SNOW": 14.0,
        "GOOGL": 59.41,
        "COIN": 0,
        "SMCI": 6.0,
        "HOOD": 443.47,
        "CRWD": 15.49,
        "LULU": 17.83,
        "PANW": 0,
        "AMD": 60.44,
        "ARM": 0,
        "BABA": 0,
        "CELH": 301.82,
        "QCOM": 31.25,
        "AAPL": 0,
        "DELL": 113.51,
        "SHOP": 0,
        "CEG": 29.54,
        "MU": 96.73,
        "HIMS": 119.6
    },
    "cash_position": 7793.99,
    "active_orders": {
        "TSLA": [
            {
                "uuid": "00000000-0000-0000-0000-0000000000",
                "stock": "TSLA",
                "time": "2024-08-13T07:01:41.916715-04:00",
                "price": 211.0569,
                "share": 18.25,
                "remain_portion": -1
            }
        ],
        "NVDA": [
            {
                "uuid": "00000000-0000-0000-0000-0000000000",
                "stock": "NVDA",
                "time": "2024-08-13T07:01:41.916759-04:00",
                "price": 117.7549,
                "share": 0.57,
                "remain_portion": -1
            }
        ],
        "META": [],
        "MSFT": [
            {
                "uuid": "00000000-0000-0000-0000-0000000000",
                "stock": "MSFT",
                "time": "2024-08-13T07:01:41.916673-04:00",
                "price": 446.5873,
                "share": 19.29,
                "remain_portion": -1
            }
        ],
        "IBM": [
            {
                "uuid": "00000000-0000-0000-0000-0000000000",
                "stock": "IBM",
                "time": "2024-08-13T07:01:41.916892-04:00",
                "price": 190.7983,
                "share": 15.27,
                "remain_portion": -1
            }
        ],
        "PLTR": [],
        "BA": [
            {
                "uuid": "00000000-0000-0000-0000-0000000000",
                "stock": "BA",
                "time": "2024-08-13T07:01:41.916857-04:00",
                "price": 172.4164,
                "share": 27.28,
                "remain_portion": -1
            }
        ],
        "SNOW": [
            {
                "uuid": "00000000-0000-0000-0000-0000000000",
                "stock": "SNOW",
                "time": "2024-08-13T07:01:41.917128-04:00",
                "price": 129.91,
                "share": 14.0,
                "remain_portion": -1
            }
        ],
        "GOOGL": [
            {
                "uuid": "00000000-0000-0000-0000-0000000000",
                "stock": "GOOGL",
                "time": "2024-08-13T07:01:41.916811-04:00",
                "price": 171.7854,
                "share": 59.41,
                "remain_portion": -1
            }
        ],
        "COIN": [],
        "SMCI": [
            {
                "uuid": "00000000-0000-0000-0000-0000000000",
                "stock": "SMCI",
                "time": "2024-08-13T07:01:41.917023-04:00",
                "price": 684.4683,
                "share": 6.0,
                "remain_portion": -1
            }
        ],
        "HOOD": [
            {
                "uuid": "00000000-0000-0000-0000-0000000000",
                "stock": "HOOD",
                "time": "2024-08-13T07:01:41.916961-04:00",
                "price": 22.4114,
                "share": 443.47,
                "remain_portion": -1
            }
        ],
        "CRWD": [
            {
                "uuid": "00000000-0000-0000-0000-0000000000",
                "stock": "CRWD",
                "time": "2024-08-13T07:01:41.917265-04:00",
                "price": 307.4512,
                "share": 15.49,
                "remain_portion": -1
            }
        ],
        "LULU": [
            {
                "uuid": "00000000-0000-0000-0000-0000000000",
                "stock": "LULU",
                "time": "2024-08-13T07:01:41.917076-04:00",
                "price": 280.291,
                "share": 17.83,
                "remain_portion": -1
            }
        ],
        "PANW": [],
        "AMD": [
            {
                "uuid": "00000000-0000-0000-0000-0000000000",
                "stock": "AMD",
                "time": "2024-08-13T07:01:41.916526-04:00",
                "price": 147.0538,
                "share": 60.44,
                "remain_portion": -1
            }
        ],
        "ARM": [],
        "BABA": [],
        "CELH": [
            {
                "uuid": "00000000-0000-0000-0000-0000000000",
                "stock": "CELH",
                "time": "2024-08-13T07:01:41.917207-04:00",
                "price": 52.0913,
                "share": 301.82,
                "remain_portion": -1
            }
        ],
        "QCOM": [
            {
                "uuid": "00000000-0000-0000-0000-0000000000",
                "stock": "QCOM",
                "time": "2024-08-13T07:01:41.917414-04:00",
                "price": 171.5521,
                "share": 31.25,
                "remain_portion": -1
            }
        ],
        "AAPL": [],
        "DELL": [
            {
                "uuid": "00000000-0000-0000-0000-0000000000",
                "stock": "DELL",
                "time": "2024-08-13T07:01:41.917473-04:00",
                "price": 126.8585,
                "share": 113.51,
                "remain_portion": -1
            }
        ],
        "SHOP": [],
        "CEG": [
            {
                "uuid": "00000000-0000-0000-0000-0000000000",
                "stock": "CEG",
                "time": "2024-08-13T07:01:41.917571-04:00",
                "price": 191.8425,
                "share": 29.54,
                "remain_portion": -1
            }
        ],
        "MU": [
            {
                "uuid": "00000000-0000-0000-0000-0000000000",
                "stock": "MU",
                "time": "2024-08-13T07:01:41.917518-04:00",
                "price": 122.8553,
                "share": 96.73,
                "remain_portion": -1
            }
        ],
        "HIMS": [
            {
                "uuid": "00000000-0000-0000-0000-0000000000",
                "stock": "HIMS",
                "time": "2024-08-13T07:01:41.917339-04:00",
                "price": 17.68,
                "share": 55.0,
                "remain_portion": -1
            },
            {
                "uuid": "6c66ef7d-4bd6-4f69-bef2-35683524b40a",
                "stock": "HIMS",
                "time": "2024-08-13T11:26:53.651731-04:00",
                "price": 15.48,
                "share": 64.6,
                "remain_portion": 7
            }
        ]
    },
    "active_pnl": {
        "TSLA": -117.29,
        "NVDA": -1.84,
        "META": 0,
        "MSFT": -649.83,
        "IBM": -7.38,
        "PLTR": 0,
        "BA": -150.08,
        "SNOW": -37.38,
        "GOOGL": -473.82,
        "COIN": 0,
        "SMCI": -683.09,
        "HOOD": -1674.72,
        "CRWD": -955.13,
        "LULU": -702.97,
        "PANW": 0,
        "AMD": -434.79,
        "ARM": 0,
        "BABA": 0,
        "CELH": -3916.51,
        "QCOM": -184.91,
        "AAPL": 0,
        "DELL": -2986.85,
        "SHOP": 0,
        "CEG": -110.26,
        "MU": -2502.92,
        "HIMS": -121.0
    },
    "active_pnl_percentage": {
        "TSLA": -3.05,
        "NVDA": -2.76,
        "META": 0,
        "MSFT": -7.55,
        "IBM": -0.25,
        "PLTR": 0,
        "BA": -3.19,
        "SNOW": -2.06,
        "GOOGL": -4.63,
        "COIN": 0,
        "SMCI": -16.73,
        "HOOD": -16.83,
        "CRWD": -20.12,
        "LULU": -14.07,
        "PANW": 0,
        "AMD": -4.9,
        "ARM": 0,
        "BABA": 0,
        "CELH": -24.91,
        "QCOM": -3.47,
        "AAPL": 0,
        "DELL": -20.7,
        "SHOP": 0,
        "CEG": -1.95,
        "MU": -21.05,
        "HIMS": -6.14
    }
}