{
    "time": "2024-07-01T08:31:04.347170-04:00",
    "daily_start_net_value": 83115.5106,
    "current_net_value": 83115.5106,
    "daily_pnl": 0.0,
    "daily_pnl_percentage": 0.0,
    "remain_portion": 84,
    "positions": {
        "TSLA": 0,
        "NVDA": 0.89,
        "META": 2.0,
        "MSFT": 1.0,
        "IBM": 0.43,
        "PLTR": 0.6,
        "BA": 0,
        "SNOW": 0,
        "GOOGL": 6.0,
        "COIN": 0,
        "SMCI": 0,
        "HOOD": 0,
        "CRWD": 0.55,
        "LULU": 5.0,
        "PANW": 0,
        "AMD": 0,
        "ARM": 0,
        "BABA": 56.92,
        "CELH": 20.0,
        "QCOM": 37.26,
        "AAPL": 0,
        "DELL": 8.32,
        "SHOP": 0,
        "CEG": 0,
        "MU": 21.72,
        "HIMS": 282.3
    },
    "cash_position": 50737.54,
    "active_orders": {
        "TSLA": [],
        "NVDA": [
            {
                "uuid": "00000000-0000-0000-0000-0000000000",
                "stock": "NVDA",
                "time": "2024-07-01T07:01:24.546401-04:00",
                "price": 123.6839,
                "share": 0.89,
                "remain_portion": -1
            }
        ],
        "META": [
            {
                "uuid": "00000000-0000-0000-0000-0000000000",
                "stock": "META",
                "time": "2024-07-01T07:01:24.546235-04:00",
                "price": 517.3,
                "share": 2.0,
                "remain_portion": -1
            }
        ],
        "MSFT": [
            {
                "uuid": "00000000-0000-0000-0000-0000000000",
                "stock": "MSFT",
                "time": "2024-07-01T07:01:24.546359-04:00",
                "price": 452.25,
                "share": 1.0,
                "remain_portion": -1
            }
        ],
        "IBM": [
            {
                "uuid": "00000000-0000-0000-0000-0000000000",
                "stock": "IBM",
                "time": "2024-07-01T08:15:31.540911-04:00",
                "price": 172.1005,
                "share": 0.43,
                "remain_portion": -1
            }
        ],
        "PLTR": [
            {
                "uuid": "00000000-0000-0000-0000-0000000000",
                "stock": "PLTR",
                "time": "2024-07-01T08:16:07.810331-04:00",
                "price": 25.4051,
                "share": 0.6,
                "remain_portion": -1
            }
        ],
        "BA": [],
        "SNOW": [],
        "GOOGL": [
            {
                "uuid": "00000000-0000-0000-0000-0000000000",
                "stock": "GOOGL",
                "time": "2024-07-01T07:01:24.546437-04:00",
                "price": 183.03,
                "share": 6.0,
                "remain_portion": -1
            }
        ],
        "COIN": [],
        "SMCI": [],
        "HOOD": [],
        "CRWD": [
            {
                "uuid": "00000000-0000-0000-0000-0000000000",
                "stock": "CRWD",
                "time": "2024-07-01T07:01:24.546647-04:00",
                "price": 386.8323,
                "share": 0.55,
                "remain_portion": -1
            }
        ],
        "LULU": [
            {
                "uuid": "00000000-0000-0000-0000-0000000000",
                "stock": "LULU",
                "time": "2024-07-01T07:01:24.546543-04:00",
                "price": 303.486,
                "share": 5.0,
                "remain_portion": -1
            }
        ],
        "PANW": [],
        "AMD": [],
        "ARM": [],
        "BABA": [
            {
                "uuid": "00000000-0000-0000-0000-0000000000",
                "stock": "BABA",
                "time": "2024-07-01T07:01:24.546509-04:00",
                "price": 72.7836,
                "share": 56.92,
                "remain_portion": -1
            }
        ],
        "CELH": [
            {
                "uuid": "00000000-0000-0000-0000-0000000000",
                "stock": "CELH",
                "time": "2024-07-01T08:25:02.351195-04:00",
                "price": 57.025,
                "share": 20.0,
                "remain_portion": -1
            }
        ],
        "QCOM": [
            {
                "uuid": "00000000-0000-0000-0000-0000000000",
                "stock": "QCOM",
                "time": "2024-07-01T07:01:24.546717-04:00",
                "price": 204.7194,
                "share": 37.26,
                "remain_portion": -1
            }
        ],
        "AAPL": [],
        "DELL": [
            {
                "uuid": "00000000-0000-0000-0000-0000000000",
                "stock": "DELL",
                "time": "2024-07-01T07:01:24.546752-04:00",
                "price": 139.4447,
                "share": 8.32,
                "remain_portion": -1
            }
        ],
        "SHOP": [],
        "CEG": [],
        "MU": [
            {
                "uuid": "00000000-0000-0000-0000-0000000000",
                "stock": "MU",
                "time": "2024-07-01T07:01:24.546787-04:00",
                "price": 140.8356,
                "share": 21.72,
                "remain_portion": -1
            }
        ],
        "HIMS": [
            {
                "uuid": "00000000-0000-0000-0000-0000000000",
                "stock": "HIMS",
                "time": "2024-07-01T07:01:24.546681-04:00",
                "price": 21.0686,
                "share": 282.3,
                "remain_portion": -1
            }
        ]
    },
    "active_pnl": {
        "TSLA": 0,
        "NVDA": -0.46,
        "META": -21.12,
        "MSFT": -2.85,
        "IBM": 0.37,
        "PLTR": 0.09,
        "BA": 0,
        "SNOW": 0,
        "GOOGL": 1.92,
        "COIN": 0,
        "SMCI": 0,
        "HOOD": 0,
        "CRWD": -2.0,
        "LULU": -21.23,
        "PANW": 0,
        "AMD": 0,
        "ARM": 0,
        "BABA": -26.96,
        "CELH": -1.5,
        "QCOM": -163.25,
        "AAPL": 0,
        "DELL": -9.94,
        "SHOP": 0,
        "CEG": 0,
        "MU": -231.66,
        "HIMS": -239.56
    },
    "active_pnl_percentage": {
        "TSLA": 0,
        "NVDA": -0.42,
        "META": -2.04,
        "MSFT": -0.63,
        "IBM": 0.49,
        "PLTR": 0.61,
        "BA": 0,
        "SNOW": 0,
        "GOOGL": 0.17,
        "COIN": 0,
        "SMCI": 0,
        "HOOD": 0,
        "CRWD": -0.94,
        "LULU": -1.4,
        "PANW": 0,
        "AMD": 0,
        "ARM": 0,
        "BABA": -0.65,
        "CELH": -0.13,
        "QCOM": -2.14,
        "AAPL": 0,
        "DELL": -0.86,
        "SHOP": 0,
        "CEG": 0,
        "MU": -7.57,
        "HIMS": -4.03
    }
}