{
    "time": "2024-07-09T15:35:37.966463-04:00",
    "daily_start_net_value": 84225.1358,
    "current_net_value": 84583.7706,
    "daily_pnl": 358.6347999999998,
    "daily_pnl_percentage": 0.43,
    "remain_portion": 15,
    "positions": {
        "TSLA": 0,
        "NVDA": 0,
        "META": 0,
        "MSFT": 6.52,
        "IBM": 10.68,
        "PLTR": 0,
        "BA": 29.89,
        "SNOW": 21.36,
        "GOOGL": 10.87,
        "COIN": 0,
        "SMCI": 0,
        "HOOD": 61.35,
        "CRWD": 0,
        "LULU": 18.18,
        "PANW": 0,
        "AMD": 0,
        "ARM": 5.54,
        "BABA": 0,
        "CELH": 61.83,
        "QCOM": 4.96,
        "AAPL": 0,
        "DELL": 0,
        "SHOP": 46.14,
        "CEG": 5.26,
        "MU": 44.66,
        "HIMS": 384.65
    },
    "cash_position": 15297.26,
    "active_orders": {
        "TSLA": [],
        "NVDA": [],
        "META": [],
        "MSFT": [
            {
                "uuid": "e28e6902-ff6e-487b-822d-3dcb63451042",
                "stock": "MSFT",
                "time": "2024-07-09T12:26:09.660350-04:00",
                "price": 461.16,
                "share": 2.17,
                "remain_portion": 29
            },
            {
                "uuid": "5290b8d7-dfbe-43d3-a912-f982104f5391",
                "stock": "MSFT",
                "time": "2024-07-09T12:41:30.656322-04:00",
                "price": 460.2,
                "share": 2.17,
                "remain_portion": 27
            },
            {
                "uuid": "554281e4-1e67-4975-9753-b0c2c25f62f3",
                "stock": "MSFT",
                "time": "2024-07-09T14:36:17.700129-04:00",
                "price": 459.1,
                "share": 2.1799999999999997,
                "remain_portion": 17
            }
        ],
        "IBM": [
            {
                "uuid": "85b5f1ef-b0ad-42e8-835a-d1d165dbca44",
                "stock": "IBM",
                "time": "2024-07-09T08:55:44.164916-04:00",
                "price": 177.75330000000002,
                "share": 0.0,
                "remain_portion": 40
            },
            {
                "uuid": "b28815e5-7972-4714-a35d-017522a24395",
                "stock": "IBM",
                "time": "2024-07-09T10:25:56.781445-04:00",
                "price": 176.19,
                "share": 5.0,
                "remain_portion": 34
            },
            {
                "uuid": "f6e54de6-ac49-4ebc-8063-9f0112e6db12",
                "stock": "IBM",
                "time": "2024-07-09T11:25:40.244254-04:00",
                "price": 175.87,
                "share": 5.68,
                "remain_portion": 30
            }
        ],
        "PLTR": [],
        "BA": [
            {
                "uuid": "46b578b5-0f3d-433e-b0b3-9bbb8c6c0f44",
                "stock": "BA",
                "time": "2024-07-09T13:10:48.484386-04:00",
                "price": 183.8738,
                "share": 13.59,
                "remain_portion": -1
            },
            {
                "uuid": "8e797906-4e0b-4cf7-95b1-8a6f5cc32855",
                "stock": "BA",
                "time": "2024-07-09T14:10:49.534756-04:00",
                "price": 184.23,
                "share": 5.43,
                "remain_portion": 20
            },
            {
                "uuid": "4363b853-6606-420c-b60a-f9a23ec2bad9",
                "stock": "BA",
                "time": "2024-07-09T14:25:59.868773-04:00",
                "price": 183.98,
                "share": 5.440000000000001,
                "remain_portion": 18
            },
            {
                "uuid": "659273c8-3388-4845-9bf7-40a72cbc9e20",
                "stock": "BA",
                "time": "2024-07-09T14:41:22.387445-04:00",
                "price": 184.23,
                "share": 5.43,
                "remain_portion": 16
            }
        ],
        "SNOW": [
            {
                "uuid": "68b67208-97dd-4cb9-aad7-93d9a9045261",
                "stock": "SNOW",
                "time": "2024-07-09T08:40:18.205175-04:00",
                "price": 141.35000000000002,
                "share": 7.0,
                "remain_portion": 43
            },
            {
                "uuid": "c14f1d0a-16c9-4fd4-b260-e998564da29f",
                "stock": "SNOW",
                "time": "2024-07-09T09:36:24.472415-04:00",
                "price": 140.65,
                "share": 7.109999999999999,
                "remain_portion": 37
            },
            {
                "uuid": "0367d703-de0a-4f5e-9762-1ccaaec8c6a3",
                "stock": "SNOW",
                "time": "2024-07-09T10:26:00.118557-04:00",
                "price": 137.88,
                "share": 7.25,
                "remain_portion": 33
            },
            {
                "uuid": "91ea28dc-b9a5-4d6e-b643-640039273f53",
                "stock": "SNOW",
                "time": "2024-07-09T11:15:31.893115-04:00",
                "price": 136.65,
                "share": 7.32,
                "remain_portion": 31
            }
        ],
        "GOOGL": [
            {
                "uuid": "923e0141-267a-4ea3-b1e3-3f9d1b3a34e1",
                "stock": "GOOGL",
                "time": "2024-07-09T12:36:26.465260-04:00",
                "price": 189.14,
                "share": 5.29,
                "remain_portion": 28
            },
            {
                "uuid": "b4667104-a0c9-4a49-80c5-d27526cd761c",
                "stock": "GOOGL",
                "time": "2024-07-09T12:51:35.148377-04:00",
                "price": 188.98,
                "share": 5.29,
                "remain_portion": 26
            },
            {
                "uuid": "ecf588d8-6a3f-41b5-ad1f-cbf7f6525cf6",
                "stock": "GOOGL",
                "time": "2024-07-09T15:35:37.340781-04:00",
                "price": 188.86,
                "share": 0.28999999999999915,
                "remain_portion": 15
            }
        ],
        "COIN": [],
        "SMCI": [],
        "HOOD": [
            {
                "uuid": "c009d10d-0c2a-4e5d-b22c-abac9373a71c",
                "stock": "HOOD",
                "time": "2024-07-09T12:21:05.694947-04:00",
                "price": 22.3169,
                "share": 61.35,
                "remain_portion": -1
            }
        ],
        "CRWD": [],
        "LULU": [
            {
                "uuid": "00000000-0000-0000-0000-0000000000",
                "stock": "LULU",
                "time": "2024-07-09T07:03:23.967022-04:00",
                "price": 297.5685,
                "share": 15.18,
                "remain_portion": -1
            },
            {
                "uuid": "9b2a277f-8428-4c42-ab9a-5a8d54a1fd0b",
                "stock": "LULU",
                "time": "2024-07-09T08:45:25.145807-04:00",
                "price": 294.55,
                "share": 3.0,
                "remain_portion": 41
            }
        ],
        "PANW": [],
        "AMD": [],
        "ARM": [
            {
                "uuid": "f1a3a479-38eb-4d00-b733-b6b2d588e425",
                "stock": "ARM",
                "time": "2024-07-09T12:51:37.597556-04:00",
                "price": 180.5,
                "share": 5.54,
                "remain_portion": 25
            }
        ],
        "BABA": [],
        "CELH": [
            {
                "uuid": "acafb928-9adc-4a6d-bfca-8bc6985567a3",
                "stock": "CELH",
                "time": "2024-07-09T14:01:37.385156-04:00",
                "price": 54.9536,
                "share": 61.83,
                "remain_portion": -1
            }
        ],
        "QCOM": [
            {
                "uuid": "00000000-0000-0000-0000-0000000000",
                "stock": "QCOM",
                "time": "2024-07-09T07:03:23.967125-04:00",
                "price": 205.0916,
                "share": 0.96,
                "remain_portion": -1
            },
            {
                "uuid": "e5bea606-2925-48be-866c-86e25b16d443",
                "stock": "QCOM",
                "time": "2024-07-09T08:35:11.119568-04:00",
                "price": 206.70000000000002,
                "share": 4.0,
                "remain_portion": 44
            }
        ],
        "AAPL": [],
        "DELL": [],
        "SHOP": [
            {
                "uuid": "00000000-0000-0000-0000-0000000000",
                "stock": "SHOP",
                "time": "2024-07-09T07:03:23.967099-04:00",
                "price": 67.1672,
                "share": 0.78,
                "remain_portion": -1
            },
            {
                "uuid": "044aad96-18d6-497d-a125-e120944f318f",
                "stock": "SHOP",
                "time": "2024-07-09T10:20:53.280663-04:00",
                "price": 66.34,
                "share": 15.07,
                "remain_portion": 35
            },
            {
                "uuid": "2bfb5243-fc63-4916-9c66-fab5ad5a7e70",
                "stock": "SHOP",
                "time": "2024-07-09T10:36:21.141041-04:00",
                "price": 66.06,
                "share": 15.139999999999999,
                "remain_portion": 31
            },
            {
                "uuid": "19f95e67-40dd-41ff-8f76-d3e92664ed19",
                "stock": "SHOP",
                "time": "2024-07-09T13:47:29.965333-04:00",
                "price": 65.99,
                "share": 15.150000000000002,
                "remain_portion": 23
            }
        ],
        "CEG": [
            {
                "uuid": "88e5badf-3808-435d-b1fb-f3e82c653ab8",
                "stock": "CEG",
                "time": "2024-07-09T14:06:42.033376-04:00",
                "price": 216.44,
                "share": 4.62,
                "remain_portion": 22
            },
            {
                "uuid": "8cdaeff5-3403-4575-92bf-99ad6dcb3b38",
                "stock": "CEG",
                "time": "2024-07-09T14:20:55.356891-04:00",
                "price": 215.61,
                "share": 4.64,
                "remain_portion": 19
            }
        ],
        "MU": [
            {
                "uuid": "00000000-0000-0000-0000-0000000000",
                "stock": "MU",
                "time": "2024-07-09T07:03:23.967151-04:00",
                "price": 136.5127,
                "share": 37.06,
                "remain_portion": -1
            },
            {
                "uuid": "65f403ac-219d-40ad-b444-fd4abde7bb0b",
                "stock": "MU",
                "time": "2024-07-09T12:56:41.424701-04:00",
                "price": 131.52,
                "share": 7.599999999999994,
                "remain_portion": 24
            }
        ],
        "HIMS": [
            {
                "uuid": "00000000-0000-0000-0000-0000000000",
                "stock": "HIMS",
                "time": "2024-07-09T07:03:23.967074-04:00",
                "price": 20.6147,
                "share": 144.62,
                "remain_portion": -1
            },
            {
                "uuid": "36765718-880e-4f93-ae76-51aa8364969e",
                "stock": "HIMS",
                "time": "2024-07-09T07:40:33.775013-04:00",
                "price": 20.530510000000003,
                "share": 0.0,
                "remain_portion": 46
            },
            {
                "uuid": "4caac4fc-d6a1-49f8-b0a1-2f59828feb3b",
                "stock": "HIMS",
                "time": "2024-07-09T08:50:29.281164-04:00",
                "price": 20.54052,
                "share": 240.0,
                "remain_portion": 41
            },
            {
                "uuid": "a7e58286-d7b9-465f-9f9a-6cee41e19a92",
                "stock": "HIMS",
                "time": "2024-07-09T14:06:44.747539-04:00",
                "price": 19.99,
                "share": 50.02999999999997,
                "remain_portion": 21
            }
        ]
    },
    "active_pnl": {
        "TSLA": 0,
        "NVDA": 0,
        "META": 0,
        "MSFT": -7.77,
        "IBM": -0.75,
        "PLTR": 0,
        "BA": -0.67,
        "SNOW": -49.32,
        "GOOGL": -2.17,
        "COIN": 0,
        "SMCI": 0,
        "HOOD": 18.9,
        "CRWD": 0,
        "LULU": -113.54,
        "PANW": 0,
        "AMD": 0,
        "ARM": 13.09,
        "BABA": 0,
        "CELH": 61.61,
        "QCOM": 3.55,
        "AAPL": 0,
        "DELL": 0,
        "SHOP": 10.05,
        "CEG": -2.72,
        "MU": -202.89,
        "HIMS": 3.55
    },
    "active_pnl_percentage": {
        "TSLA": 0,
        "NVDA": 0,
        "META": 0,
        "MSFT": -0.26,
        "IBM": -0.04,
        "PLTR": 0,
        "BA": -0.0,
        "SNOW": -1.23,
        "GOOGL": -0.11,
        "COIN": 0,
        "SMCI": 0,
        "HOOD": 1.4,
        "CRWD": 0,
        "LULU": -2.13,
        "PANW": 0,
        "AMD": 0,
        "ARM": 1.27,
        "BABA": 0,
        "CELH": 1.81,
        "QCOM": 0.35,
        "AAPL": 0,
        "DELL": 0,
        "SHOP": 0.38,
        "CEG": -0.09,
        "MU": -3.33,
        "HIMS": 0.09
    }
}