{
    "time": "2024-07-30T14:34:54.833189-04:00",
    "daily_start_net_value": 115706.8836,
    "current_net_value": 112949.4749,
    "daily_pnl": -2757.4087,
    "daily_pnl_percentage": -2.38,
    "remain_portion": 0,
    "positions": {
        "TSLA": 0,
        "NVDA": 49.92,
        "META": 10.0,
        "MSFT": 17.29,
        "IBM": 0,
        "PLTR": 0,
        "BA": 0,
        "SNOW": 0,
        "GOOGL": 36.41,
        "COIN": 0,
        "SMCI": 3.0,
        "HOOD": 393.27,
        "CRWD": 11.0,
        "LULU": 17.83,
        "PANW": 0,
        "AMD": 38.86,
        "ARM": 19.95,
        "BABA": 0,
        "CELH": 301.82,
        "QCOM": 20.42,
        "AAPL": 21.04,
        "DELL": 113.51,
        "SHOP": 92.14,
        "CEG": 53.45,
        "MU": 86.76,
        "HIMS": 0
    },
    "cash_position": 9.42,
    "active_orders": {
        "TSLA": [],
        "NVDA": [
            {
                "uuid": "00000000-0000-0000-0000-0000000000",
                "stock": "NVDA",
                "time": "2024-07-30T07:01:19.452480-04:00",
                "price": 119.5394,
                "share": 47.92,
                "remain_portion": -1
            },
            {
                "uuid": "ba6f924f-b393-4176-b317-a764cbcca778",
                "stock": "NVDA",
                "time": "2024-07-30T10:06:14.233045-04:00",
                "price": 108.48,
                "share": 2.0,
                "remain_portion": 1
            }
        ],
        "META": [
            {
                "uuid": "00000000-0000-0000-0000-0000000000",
                "stock": "META",
                "time": "2024-07-30T07:01:19.452234-04:00",
                "price": 498.0661,
                "share": 10.0,
                "remain_portion": -1
            }
        ],
        "MSFT": [
            {
                "uuid": "00000000-0000-0000-0000-0000000000",
                "stock": "MSFT",
                "time": "2024-07-30T07:01:19.452424-04:00",
                "price": 450.417,
                "share": 17.29,
                "remain_portion": -1
            }
        ],
        "IBM": [],
        "PLTR": [],
        "BA": [],
        "SNOW": [],
        "GOOGL": [
            {
                "uuid": "00000000-0000-0000-0000-0000000000",
                "stock": "GOOGL",
                "time": "2024-07-30T07:01:19.452501-04:00",
                "price": 178.1352,
                "share": 36.41,
                "remain_portion": -1
            }
        ],
        "COIN": [],
        "SMCI": [
            {
                "uuid": "00000000-0000-0000-0000-0000000000",
                "stock": "SMCI",
                "time": "2024-07-30T07:01:19.452550-04:00",
                "price": 835.2433,
                "share": 3.0,
                "remain_portion": -1
            }
        ],
        "HOOD": [
            {
                "uuid": "00000000-0000-0000-0000-0000000000",
                "stock": "HOOD",
                "time": "2024-07-30T07:01:19.452529-04:00",
                "price": 22.73,
                "share": 393.27,
                "remain_portion": -1
            }
        ],
        "CRWD": [
            {
                "uuid": "00000000-0000-0000-0000-0000000000",
                "stock": "CRWD",
                "time": "2024-07-30T07:01:19.452670-04:00",
                "price": 342.1445,
                "share": 11.0,
                "remain_portion": -1
            }
        ],
        "LULU": [
            {
                "uuid": "00000000-0000-0000-0000-0000000000",
                "stock": "LULU",
                "time": "2024-07-30T07:01:19.452575-04:00",
                "price": 280.291,
                "share": 17.83,
                "remain_portion": -1
            }
        ],
        "PANW": [],
        "AMD": [
            {
                "uuid": "00000000-0000-0000-0000-0000000000",
                "stock": "AMD",
                "time": "2024-07-30T07:01:19.452383-04:00",
                "price": 152.9862,
                "share": 38.86,
                "remain_portion": -1
            }
        ],
        "ARM": [
            {
                "uuid": "00000000-0000-0000-0000-0000000000",
                "stock": "ARM",
                "time": "2024-07-30T07:01:19.452619-04:00",
                "price": 144.8625,
                "share": 12.95,
                "remain_portion": -1
            },
            {
                "uuid": "d8901d56-6da3-45f7-8853-e805fa8a87d3",
                "stock": "ARM",
                "time": "2024-07-30T08:41:13.329719-04:00",
                "price": 139.5583,
                "share": 0.0,
                "remain_portion": 3
            },
            {
                "uuid": "9a3fd2cc-dd81-45f7-a635-8aee61ec8682",
                "stock": "ARM",
                "time": "2024-07-30T10:06:16.288877-04:00",
                "price": 135.14,
                "share": 14.400000000000002,
                "remain_portion": 0
            }
        ],
        "BABA": [],
        "CELH": [
            {
                "uuid": "00000000-0000-0000-0000-0000000000",
                "stock": "CELH",
                "time": "2024-07-30T07:01:19.452649-04:00",
                "price": 52.0913,
                "share": 301.82,
                "remain_portion": -1
            }
        ],
        "QCOM": [
            {
                "uuid": "00000000-0000-0000-0000-0000000000",
                "stock": "QCOM",
                "time": "2024-07-30T07:01:19.452757-04:00",
                "price": 189.4474,
                "share": 15.42,
                "remain_portion": -1
            },
            {
                "uuid": "0ddfcdd6-7b99-4995-9378-2957e0e50303",
                "stock": "QCOM",
                "time": "2024-07-30T09:01:31.904825-04:00",
                "price": 178.5609,
                "share": 0.0,
                "remain_portion": 3
            },
            {
                "uuid": "a0f9be26-b914-4cf2-a69e-990e4d2ba199",
                "stock": "QCOM",
                "time": "2024-07-30T10:01:10.119200-04:00",
                "price": 177.04,
                "share": 10.65,
                "remain_portion": 2
            }
        ],
        "AAPL": [
            {
                "uuid": "00000000-0000-0000-0000-0000000000",
                "stock": "AAPL",
                "time": "2024-07-30T07:01:19.452459-04:00",
                "price": 223.6602,
                "share": 21.04,
                "remain_portion": -1
            }
        ],
        "DELL": [
            {
                "uuid": "00000000-0000-0000-0000-0000000000",
                "stock": "DELL",
                "time": "2024-07-30T07:01:19.452789-04:00",
                "price": 126.8585,
                "share": 113.51,
                "remain_portion": -1
            }
        ],
        "SHOP": [
            {
                "uuid": "00000000-0000-0000-0000-0000000000",
                "stock": "SHOP",
                "time": "2024-07-30T07:01:19.452714-04:00",
                "price": 64.7146,
                "share": 92.14,
                "remain_portion": -1
            }
        ],
        "CEG": [
            {
                "uuid": "00000000-0000-0000-0000-0000000000",
                "stock": "CEG",
                "time": "2024-07-30T07:01:19.452837-04:00",
                "price": 193.3875,
                "share": 53.45,
                "remain_portion": -1
            }
        ],
        "MU": [
            {
                "uuid": "00000000-0000-0000-0000-0000000000",
                "stock": "MU",
                "time": "2024-07-30T07:01:19.452813-04:00",
                "price": 125.4544,
                "share": 86.76,
                "remain_portion": -1
            }
        ],
        "HIMS": []
    },
    "active_pnl": {
        "TSLA": 0,
        "NVDA": -656.76,
        "META": -345.97,
        "MSFT": -517.26,
        "IBM": 0,
        "PLTR": 0,
        "BA": 0,
        "SNOW": 0,
        "GOOGL": -292.93,
        "COIN": 0,
        "SMCI": -498.52,
        "HOOD": -894.69,
        "CRWD": -1220.62,
        "LULU": -446.84,
        "PANW": 0,
        "AMD": -587.8,
        "ARM": -188.26,
        "BABA": 0,
        "CELH": -1756.14,
        "QCOM": -383.72,
        "AAPL": -114.78,
        "DELL": -2102.03,
        "SHOP": -501.67,
        "CEG": -1354.82,
        "MU": -1868.32,
        "HIMS": 0
    },
    "active_pnl_percentage": {
        "TSLA": 0,
        "NVDA": -11.06,
        "META": -6.95,
        "MSFT": -6.64,
        "IBM": 0,
        "PLTR": 0,
        "BA": 0,
        "SNOW": 0,
        "GOOGL": -4.51,
        "COIN": 0,
        "SMCI": -19.9,
        "HOOD": -10.01,
        "CRWD": -32.43,
        "LULU": -8.94,
        "PANW": 0,
        "AMD": -9.84,
        "ARM": -4.93,
        "BABA": 0,
        "CELH": -11.17,
        "QCOM": -7.96,
        "AAPL": -2.42,
        "DELL": -14.59,
        "SHOP": -8.41,
        "CEG": -13.11,
        "MU": -17.22,
        "HIMS": 0
    }
}