{
    "time": "2024-07-10T08:30:49.161164-04:00",
    "daily_start_net_value": 84592.2994,
    "current_net_value": 84592.2994,
    "daily_pnl": 0.0,
    "daily_pnl_percentage": 0.0,
    "remain_portion": 37,
    "positions": {
        "TSLA": 0,
        "NVDA": 0,
        "META": 0,
        "MSFT": 6.52,
        "IBM": 16.37,
        "PLTR": 0,
        "BA": 34.89,
        "SNOW": 21.68,
        "GOOGL": 0.87,
        "COIN": 0,
        "SMCI": 0,
        "HOOD": 0.35,
        "CRWD": 2.6,
        "LULU": 21.18,
        "PANW": 0,
        "AMD": 0,
        "ARM": 5.54,
        "BABA": 0,
        "CELH": 53.83,
        "QCOM": 0.96,
        "AAPL": 0,
        "DELL": 0,
        "SHOP": 16.14,
        "CEG": 9.26,
        "MU": 44.66,
        "HIMS": 434.65
    },
    "cash_position": 37491.81,
    "active_orders": {
        "TSLA": [],
        "NVDA": [],
        "META": [],
        "MSFT": [
            {
                "uuid": "00000000-0000-0000-0000-0000000000",
                "stock": "MSFT",
                "time": "2024-07-10T07:02:15.927640-04:00",
                "price": 460.1335,
                "share": 6.52,
                "remain_portion": -1
            }
        ],
        "IBM": [
            {
                "uuid": "00000000-0000-0000-0000-0000000000",
                "stock": "IBM",
                "time": "2024-07-10T07:02:15.927856-04:00",
                "price": 176.5412,
                "share": 16.37,
                "remain_portion": -1
            }
        ],
        "PLTR": [],
        "BA": [
            {
                "uuid": "00000000-0000-0000-0000-0000000000",
                "stock": "BA",
                "time": "2024-07-10T07:02:15.927818-04:00",
                "price": 183.8827,
                "share": 34.89,
                "remain_portion": -1
            }
        ],
        "SNOW": [
            {
                "uuid": "00000000-0000-0000-0000-0000000000",
                "stock": "SNOW",
                "time": "2024-07-10T07:02:15.927972-04:00",
                "price": 139.8141,
                "share": 21.68,
                "remain_portion": -1
            }
        ],
        "GOOGL": [
            {
                "uuid": "00000000-0000-0000-0000-0000000000",
                "stock": "GOOGL",
                "time": "2024-07-10T07:02:15.927777-04:00",
                "price": 188.9874,
                "share": 0.87,
                "remain_portion": -1
            }
        ],
        "COIN": [],
        "SMCI": [],
        "HOOD": [
            {
                "uuid": "00000000-0000-0000-0000-0000000000",
                "stock": "HOOD",
                "time": "2024-07-10T07:02:15.927905-04:00",
                "price": 22.3169,
                "share": 0.35,
                "remain_portion": -1
            }
        ],
        "CRWD": [
            {
                "uuid": "3c841f7f-c216-4520-963f-229045c10a5c",
                "stock": "CRWD",
                "time": "2024-07-10T08:12:14.489797-04:00",
                "price": 384.4385,
                "share": 2.6,
                "remain_portion": -1
            }
        ],
        "LULU": [
            {
                "uuid": "00000000-0000-0000-0000-0000000000",
                "stock": "LULU",
                "time": "2024-07-10T07:02:15.927940-04:00",
                "price": 297.0588,
                "share": 18.18,
                "remain_portion": -1
            },
            {
                "uuid": "0068ac93-275b-424e-9cc1-6e32860200a9",
                "stock": "LULU",
                "time": "2024-07-10T08:21:03.894969-04:00",
                "price": 288.97,
                "share": 3.0,
                "remain_portion": 37
            }
        ],
        "PANW": [],
        "AMD": [],
        "ARM": [
            {
                "uuid": "00000000-0000-0000-0000-0000000000",
                "stock": "ARM",
                "time": "2024-07-10T07:02:15.927999-04:00",
                "price": 180.3953,
                "share": 5.54,
                "remain_portion": -1
            }
        ],
        "BABA": [],
        "CELH": [
            {
                "uuid": "371cbf7a-51f2-4caf-9076-3e048c41232b",
                "stock": "CELH",
                "time": "2024-07-10T08:30:48.239551-04:00",
                "price": 54.9536,
                "share": 53.83,
                "remain_portion": -1
            }
        ],
        "QCOM": [
            {
                "uuid": "00000000-0000-0000-0000-0000000000",
                "stock": "QCOM",
                "time": "2024-07-10T07:02:15.928145-04:00",
                "price": 206.3645,
                "share": 0.96,
                "remain_portion": -1
            }
        ],
        "AAPL": [],
        "DELL": [],
        "SHOP": [
            {
                "uuid": "347831fe-bf10-448c-909d-2d4a317374d9",
                "stock": "SHOP",
                "time": "2024-07-10T08:12:18.855306-04:00",
                "price": 66.1375,
                "share": 16.14,
                "remain_portion": -1
            }
        ],
        "CEG": [
            {
                "uuid": "00000000-0000-0000-0000-0000000000",
                "stock": "CEG",
                "time": "2024-07-10T07:02:15.928198-04:00",
                "price": 215.959,
                "share": 9.26,
                "remain_portion": -1
            }
        ],
        "MU": [
            {
                "uuid": "00000000-0000-0000-0000-0000000000",
                "stock": "MU",
                "time": "2024-07-10T07:02:15.928172-04:00",
                "price": 135.663,
                "share": 44.66,
                "remain_portion": -1
            }
        ],
        "HIMS": [
            {
                "uuid": "9a35fdaa-eb6a-45f7-bf36-ad0f66cf9754",
                "stock": "HIMS",
                "time": "2024-07-10T08:12:59.443470-04:00",
                "price": 20.4689,
                "share": 434.65,
                "remain_portion": -1
            }
        ]
    },
    "active_pnl": {
        "TSLA": 0,
        "NVDA": 0,
        "META": 0,
        "MSFT": 6.76,
        "IBM": -0.35,
        "PLTR": 0,
        "BA": -0.79,
        "SNOW": -39.41,
        "GOOGL": 0.52,
        "COIN": 0,
        "SMCI": 0,
        "HOOD": 0.18,
        "CRWD": 8.79,
        "LULU": -146.42,
        "PANW": 0,
        "AMD": 0,
        "ARM": 20.52,
        "BABA": 0,
        "CELH": 38.03,
        "QCOM": 1.11,
        "AAPL": 0,
        "DELL": 0,
        "SHOP": 1.82,
        "CEG": 0.01,
        "MU": -125.63,
        "HIMS": 187.38
    },
    "active_pnl_percentage": {
        "TSLA": 0,
        "NVDA": 0,
        "META": 0,
        "MSFT": 0.23,
        "IBM": -0.01,
        "PLTR": 0,
        "BA": -0.01,
        "SNOW": -1.3,
        "GOOGL": 0.32,
        "COIN": 0,
        "SMCI": 0,
        "HOOD": 2.3,
        "CRWD": 0.88,
        "LULU": -2.34,
        "PANW": 0,
        "AMD": 0,
        "ARM": 1.99,
        "BABA": 0,
        "CELH": 1.29,
        "QCOM": 0.56,
        "AAPL": 0,
        "DELL": 0,
        "SHOP": 0.17,
        "CEG": 0.0,
        "MU": -2.07,
        "HIMS": 2.11
    }
}