{
    "time": "2024-07-12T07:30:08.185971-04:00",
    "daily_start_net_value": 85094.821,
    "current_net_value": 85094.821,
    "daily_pnl": 0.0,
    "daily_pnl_percentage": 0.0,
    "remain_portion": 34,
    "positions": {
        "TSLA": 8.0,
        "NVDA": 29.63,
        "META": 2.96,
        "MSFT": 6.55,
        "IBM": 0,
        "PLTR": 37.21,
        "BA": 5.0,
        "SNOW": 14.59,
        "GOOGL": 32.07,
        "COIN": 13.84,
        "SMCI": 1.0,
        "HOOD": 90.28,
        "CRWD": 5.29,
        "LULU": 13.84,
        "PANW": 5.0,
        "AMD": 0,
        "ARM": 31.44,
        "BABA": 0,
        "CELH": 0,
        "QCOM": 24.76,
        "AAPL": 0.79,
        "DELL": 14.33,
        "SHOP": 0,
        "CEG": 0,
        "MU": 23.15,
        "HIMS": 0.59
    },
    "cash_position": 34215.46,
    "active_orders": {
        "TSLA": [
            {
                "uuid": "00000000-0000-0000-0000-0000000000",
                "stock": "TSLA",
                "time": "2024-07-12T07:01:34.409101-04:00",
                "price": 236.945,
                "share": 8.0,
                "remain_portion": -1
            }
        ],
        "NVDA": [
            {
                "uuid": "00000000-0000-0000-0000-0000000000",
                "stock": "NVDA",
                "time": "2024-07-12T07:01:34.409128-04:00",
                "price": 127.3415,
                "share": 29.63,
                "remain_portion": -1
            }
        ],
        "META": [
            {
                "uuid": "00000000-0000-0000-0000-0000000000",
                "stock": "META",
                "time": "2024-07-12T07:01:34.408919-04:00",
                "price": 518.5169,
                "share": 2.96,
                "remain_portion": -1
            }
        ],
        "MSFT": [
            {
                "uuid": "00000000-0000-0000-0000-0000000000",
                "stock": "MSFT",
                "time": "2024-07-12T07:01:34.409041-04:00",
                "price": 458.3649,
                "share": 6.55,
                "remain_portion": -1
            }
        ],
        "IBM": [],
        "PLTR": [
            {
                "uuid": "00000000-0000-0000-0000-0000000000",
                "stock": "PLTR",
                "time": "2024-07-12T07:01:34.409321-04:00",
                "price": 27.294,
                "share": 37.21,
                "remain_portion": -1
            }
        ],
        "BA": [
            {
                "uuid": "00000000-0000-0000-0000-0000000000",
                "stock": "BA",
                "time": "2024-07-12T07:01:34.409189-04:00",
                "price": 183.97,
                "share": 5.0,
                "remain_portion": -1
            }
        ],
        "SNOW": [
            {
                "uuid": "00000000-0000-0000-0000-0000000000",
                "stock": "SNOW",
                "time": "2024-07-12T07:01:34.409347-04:00",
                "price": 137.0089,
                "share": 14.59,
                "remain_portion": -1
            }
        ],
        "GOOGL": [
            {
                "uuid": "00000000-0000-0000-0000-0000000000",
                "stock": "GOOGL",
                "time": "2024-07-12T07:01:34.409155-04:00",
                "price": 187.1272,
                "share": 32.07,
                "remain_portion": -1
            }
        ],
        "COIN": [
            {
                "uuid": "00000000-0000-0000-0000-0000000000",
                "stock": "COIN",
                "time": "2024-07-12T07:01:34.409476-04:00",
                "price": 216.5982,
                "share": 13.84,
                "remain_portion": -1
            }
        ],
        "SMCI": [
            {
                "uuid": "00000000-0000-0000-0000-0000000000",
                "stock": "SMCI",
                "time": "2024-07-12T07:01:34.409269-04:00",
                "price": 880.11,
                "share": 1.0,
                "remain_portion": -1
            }
        ],
        "HOOD": [
            {
                "uuid": "00000000-0000-0000-0000-0000000000",
                "stock": "HOOD",
                "time": "2024-07-12T07:01:34.409242-04:00",
                "price": 22.1537,
                "share": 90.28,
                "remain_portion": -1
            }
        ],
        "CRWD": [
            {
                "uuid": "00000000-0000-0000-0000-0000000000",
                "stock": "CRWD",
                "time": "2024-07-12T07:01:34.409428-04:00",
                "price": 377.7316,
                "share": 5.29,
                "remain_portion": -1
            }
        ],
        "LULU": [
            {
                "uuid": "00000000-0000-0000-0000-0000000000",
                "stock": "LULU",
                "time": "2024-07-12T07:01:34.409295-04:00",
                "price": 293.6294,
                "share": 13.84,
                "remain_portion": -1
            }
        ],
        "PANW": [
            {
                "uuid": "00000000-0000-0000-0000-0000000000",
                "stock": "PANW",
                "time": "2024-07-12T07:01:34.409375-04:00",
                "price": 333.806,
                "share": 5.0,
                "remain_portion": -1
            }
        ],
        "AMD": [],
        "ARM": [
            {
                "uuid": "00000000-0000-0000-0000-0000000000",
                "stock": "ARM",
                "time": "2024-07-12T07:01:34.409401-04:00",
                "price": 173.7049,
                "share": 31.44,
                "remain_portion": -1
            }
        ],
        "BABA": [],
        "CELH": [],
        "QCOM": [
            {
                "uuid": "00000000-0000-0000-0000-0000000000",
                "stock": "QCOM",
                "time": "2024-07-12T07:01:34.409550-04:00",
                "price": 201.901,
                "share": 24.76,
                "remain_portion": -1
            }
        ],
        "AAPL": [
            {
                "uuid": "00000000-0000-0000-0000-0000000000",
                "stock": "AAPL",
                "time": "2024-07-12T07:01:34.409072-04:00",
                "price": 227.5358,
                "share": 0.79,
                "remain_portion": -1
            }
        ],
        "DELL": [
            {
                "uuid": "00000000-0000-0000-0000-0000000000",
                "stock": "DELL",
                "time": "2024-07-12T07:01:34.409577-04:00",
                "price": 140.9909,
                "share": 14.33,
                "remain_portion": -1
            }
        ],
        "SHOP": [],
        "CEG": [],
        "MU": [
            {
                "uuid": "00000000-0000-0000-0000-0000000000",
                "stock": "MU",
                "time": "2024-07-12T07:01:34.409612-04:00",
                "price": 131.4972,
                "share": 23.15,
                "remain_portion": -1
            }
        ],
        "HIMS": [
            {
                "uuid": "00000000-0000-0000-0000-0000000000",
                "stock": "HIMS",
                "time": "2024-07-12T07:01:34.409521-04:00",
                "price": 20.2633,
                "share": 0.59,
                "remain_portion": -1
            }
        ]
    },
    "active_pnl": {
        "TSLA": 2.04,
        "NVDA": 6.18,
        "META": -47.08,
        "MSFT": -22.04,
        "IBM": 0,
        "PLTR": -3.13,
        "BA": -4.6,
        "SNOW": -85.77,
        "GOOGL": -42.24,
        "COIN": -12.85,
        "SMCI": 2.78,
        "HOOD": -3.04,
        "CRWD": -44.55,
        "LULU": -59.89,
        "PANW": -14.08,
        "AMD": 0,
        "ARM": 9.28,
        "BABA": 0,
        "CELH": 0,
        "QCOM": -38.4,
        "AAPL": 0.67,
        "DELL": -9.76,
        "SHOP": 0,
        "CEG": 0,
        "MU": -25.86,
        "HIMS": 0.53
    },
    "active_pnl_percentage": {
        "TSLA": 0.11,
        "NVDA": 0.16,
        "META": -3.07,
        "MSFT": -0.73,
        "IBM": 0,
        "PLTR": -0.31,
        "BA": -0.5,
        "SNOW": -4.29,
        "GOOGL": -0.7,
        "COIN": -0.43,
        "SMCI": 0.32,
        "HOOD": -0.15,
        "CRWD": -2.23,
        "LULU": -1.47,
        "PANW": -0.84,
        "AMD": 0,
        "ARM": 0.17,
        "BABA": 0,
        "CELH": 0,
        "QCOM": -0.77,
        "AAPL": 0.38,
        "DELL": -0.48,
        "SHOP": 0,
        "CEG": 0,
        "MU": -0.85,
        "HIMS": 4.47
    }
}