{
    "time": "2024-08-01T08:30:48.728558-04:00",
    "daily_start_net_value": 117504.0467,
    "current_net_value": 117504.0467,
    "daily_pnl": 0.0,
    "daily_pnl_percentage": 0.0,
    "remain_portion": 19,
    "positions": {
        "TSLA": 0,
        "NVDA": 0.57,
        "META": 5.0,
        "MSFT": 17.29,
        "IBM": 0,
        "PLTR": 0,
        "BA": 0,
        "SNOW": 7.0,
        "GOOGL": 36.41,
        "COIN": 0,
        "SMCI": 3.0,
        "HOOD": 393.27,
        "CRWD": 11.0,
        "LULU": 17.83,
        "PANW": 0,
        "AMD": 45.79,
        "ARM": 0,
        "BABA": 0,
        "CELH": 301.82,
        "QCOM": 13.07,
        "AAPL": 0.52,
        "DELL": 113.51,
        "SHOP": 92.14,
        "CEG": 53.45,
        "MU": 86.76,
        "HIMS": 0
    },
    "cash_position": 19306.93,
    "active_orders": {
        "TSLA": [],
        "NVDA": [
            {
                "uuid": "00000000-0000-0000-0000-0000000000",
                "stock": "NVDA",
                "time": "2024-08-01T07:26:32.590676-04:00",
                "price": 117.7549,
                "share": 0.57,
                "remain_portion": -1
            }
        ],
        "META": [
            {
                "uuid": "a07a8c43-4001-444c-8f74-837bdcf1f128",
                "stock": "META",
                "time": "2024-08-01T07:40:26.664505-04:00",
                "price": 498.0661,
                "share": 5.0,
                "remain_portion": -1
            }
        ],
        "MSFT": [
            {
                "uuid": "00000000-0000-0000-0000-0000000000",
                "stock": "MSFT",
                "time": "2024-08-01T07:26:32.590590-04:00",
                "price": 450.417,
                "share": 17.29,
                "remain_portion": -1
            }
        ],
        "IBM": [],
        "PLTR": [],
        "BA": [],
        "SNOW": [
            {
                "uuid": "783116d7-e026-4fe6-af0b-a27c0d53a9a1",
                "stock": "SNOW",
                "time": "2024-08-01T07:55:39.122299-04:00",
                "price": 130.19,
                "share": 7.0,
                "remain_portion": 19
            }
        ],
        "GOOGL": [
            {
                "uuid": "00000000-0000-0000-0000-0000000000",
                "stock": "GOOGL",
                "time": "2024-08-01T07:26:32.590738-04:00",
                "price": 178.1352,
                "share": 36.41,
                "remain_portion": -1
            }
        ],
        "COIN": [],
        "SMCI": [
            {
                "uuid": "00000000-0000-0000-0000-0000000000",
                "stock": "SMCI",
                "time": "2024-08-01T07:26:32.590839-04:00",
                "price": 835.2433,
                "share": 3.0,
                "remain_portion": -1
            }
        ],
        "HOOD": [
            {
                "uuid": "00000000-0000-0000-0000-0000000000",
                "stock": "HOOD",
                "time": "2024-08-01T07:26:32.590776-04:00",
                "price": 22.73,
                "share": 393.27,
                "remain_portion": -1
            }
        ],
        "CRWD": [
            {
                "uuid": "00000000-0000-0000-0000-0000000000",
                "stock": "CRWD",
                "time": "2024-08-01T07:26:32.591016-04:00",
                "price": 342.1445,
                "share": 11.0,
                "remain_portion": -1
            }
        ],
        "LULU": [
            {
                "uuid": "00000000-0000-0000-0000-0000000000",
                "stock": "LULU",
                "time": "2024-08-01T07:26:32.590906-04:00",
                "price": 280.291,
                "share": 17.83,
                "remain_portion": -1
            }
        ],
        "PANW": [],
        "AMD": [
            {
                "uuid": "00000000-0000-0000-0000-0000000000",
                "stock": "AMD",
                "time": "2024-08-01T07:26:32.590547-04:00",
                "price": 151.6618,
                "share": 45.79,
                "remain_portion": -1
            }
        ],
        "ARM": [],
        "BABA": [],
        "CELH": [
            {
                "uuid": "00000000-0000-0000-0000-0000000000",
                "stock": "CELH",
                "time": "2024-08-01T07:26:32.590959-04:00",
                "price": 52.0913,
                "share": 301.82,
                "remain_portion": -1
            }
        ],
        "QCOM": [
            {
                "uuid": "00000000-0000-0000-0000-0000000000",
                "stock": "QCOM",
                "time": "2024-08-01T07:26:32.591110-04:00",
                "price": 184.652,
                "share": 13.07,
                "remain_portion": -1
            }
        ],
        "AAPL": [
            {
                "uuid": "bf9ff652-1c1b-473a-aa78-3f52c61ad846",
                "stock": "AAPL",
                "time": "2024-08-01T07:50:34.510405-04:00",
                "price": 223.6602,
                "share": 0.52,
                "remain_portion": -1
            }
        ],
        "DELL": [
            {
                "uuid": "00000000-0000-0000-0000-0000000000",
                "stock": "DELL",
                "time": "2024-08-01T07:26:32.591178-04:00",
                "price": 126.8585,
                "share": 113.51,
                "remain_portion": -1
            }
        ],
        "SHOP": [
            {
                "uuid": "00000000-0000-0000-0000-0000000000",
                "stock": "SHOP",
                "time": "2024-08-01T07:26:32.591054-04:00",
                "price": 64.7146,
                "share": 92.14,
                "remain_portion": -1
            }
        ],
        "CEG": [
            {
                "uuid": "00000000-0000-0000-0000-0000000000",
                "stock": "CEG",
                "time": "2024-08-01T07:26:32.591274-04:00",
                "price": 193.3875,
                "share": 53.45,
                "remain_portion": -1
            }
        ],
        "MU": [
            {
                "uuid": "00000000-0000-0000-0000-0000000000",
                "stock": "MU",
                "time": "2024-08-01T07:26:32.591234-04:00",
                "price": 125.4544,
                "share": 86.76,
                "remain_portion": -1
            }
        ],
        "HIMS": []
    },
    "active_pnl": {
        "TSLA": 0,
        "NVDA": 1.39,
        "META": 92.17,
        "MSFT": -531.1,
        "IBM": 0,
        "PLTR": 0,
        "BA": 0,
        "SNOW": -3.99,
        "GOOGL": -245.59,
        "COIN": 0,
        "SMCI": -354.73,
        "HOOD": -747.21,
        "CRWD": -1171.99,
        "LULU": -363.93,
        "PANW": 0,
        "AMD": -325.67,
        "ARM": 0,
        "BABA": 0,
        "CELH": -1536.66,
        "QCOM": -67.38,
        "AAPL": 0.48,
        "DELL": -1368.76,
        "SHOP": -273.16,
        "CEG": -191.75,
        "MU": -1307.77,
        "HIMS": 0
    },
    "active_pnl_percentage": {
        "TSLA": 0,
        "NVDA": 1.99,
        "META": 3.75,
        "MSFT": -6.82,
        "IBM": 0,
        "PLTR": 0,
        "BA": 0,
        "SNOW": -0.44,
        "GOOGL": -3.79,
        "COIN": 0,
        "SMCI": -14.16,
        "HOOD": -8.36,
        "CRWD": -31.14,
        "LULU": -7.28,
        "PANW": 0,
        "AMD": -4.69,
        "ARM": 0,
        "BABA": 0,
        "CELH": -9.77,
        "QCOM": -2.79,
        "AAPL": 0.42,
        "DELL": -9.51,
        "SHOP": -4.58,
        "CEG": -1.86,
        "MU": -12.02,
        "HIMS": 0
    }
}