{
    "time": "2024-08-13T09:31:01.553396-04:00",
    "daily_start_net_value": 109741.4155,
    "current_net_value": 110891.0274,
    "daily_pnl": 1149.6119000000035,
    "daily_pnl_percentage": 1.05,
    "remain_portion": 8,
    "positions": {
        "TSLA": 18.25,
        "NVDA": 0.57,
        "META": 0,
        "MSFT": 19.29,
        "IBM": 15.27,
        "PLTR": 0,
        "BA": 27.28,
        "SNOW": 14.0,
        "GOOGL": 59.41,
        "COIN": 0,
        "SMCI": 6.0,
        "HOOD": 443.47,
        "CRWD": 15.49,
        "LULU": 17.83,
        "PANW": 0,
        "AMD": 60.44,
        "ARM": 0,
        "BABA": 0,
        "CELH": 301.82,
        "QCOM": 31.25,
        "AAPL": 0,
        "DELL": 113.51,
        "SHOP": 0,
        "CEG": 29.54,
        "MU": 96.73,
        "HIMS": 55.0
    },
    "cash_position": 8793.95,
    "active_orders": {
        "TSLA": [
            {
                "uuid": "00000000-0000-0000-0000-0000000000",
                "stock": "TSLA",
                "time": "2024-08-13T07:01:41.916715-04:00",
                "price": 211.0569,
                "share": 18.25,
                "remain_portion": -1
            }
        ],
        "NVDA": [
            {
                "uuid": "00000000-0000-0000-0000-0000000000",
                "stock": "NVDA",
                "time": "2024-08-13T07:01:41.916759-04:00",
                "price": 117.7549,
                "share": 0.57,
                "remain_portion": -1
            }
        ],
        "META": [],
        "MSFT": [
            {
                "uuid": "00000000-0000-0000-0000-0000000000",
                "stock": "MSFT",
                "time": "2024-08-13T07:01:41.916673-04:00",
                "price": 446.5873,
                "share": 19.29,
                "remain_portion": -1
            }
        ],
        "IBM": [
            {
                "uuid": "00000000-0000-0000-0000-0000000000",
                "stock": "IBM",
                "time": "2024-08-13T07:01:41.916892-04:00",
                "price": 190.7983,
                "share": 15.27,
                "remain_portion": -1
            }
        ],
        "PLTR": [],
        "BA": [
            {
                "uuid": "00000000-0000-0000-0000-0000000000",
                "stock": "BA",
                "time": "2024-08-13T07:01:41.916857-04:00",
                "price": 172.4164,
                "share": 27.28,
                "remain_portion": -1
            }
        ],
        "SNOW": [
            {
                "uuid": "00000000-0000-0000-0000-0000000000",
                "stock": "SNOW",
                "time": "2024-08-13T07:01:41.917128-04:00",
                "price": 129.91,
                "share": 14.0,
                "remain_portion": -1
            }
        ],
        "GOOGL": [
            {
                "uuid": "00000000-0000-0000-0000-0000000000",
                "stock": "GOOGL",
                "time": "2024-08-13T07:01:41.916811-04:00",
                "price": 171.7854,
                "share": 59.41,
                "remain_portion": -1
            }
        ],
        "COIN": [],
        "SMCI": [
            {
                "uuid": "00000000-0000-0000-0000-0000000000",
                "stock": "SMCI",
                "time": "2024-08-13T07:01:41.917023-04:00",
                "price": 684.4683,
                "share": 6.0,
                "remain_portion": -1
            }
        ],
        "HOOD": [
            {
                "uuid": "00000000-0000-0000-0000-0000000000",
                "stock": "HOOD",
                "time": "2024-08-13T07:01:41.916961-04:00",
                "price": 22.4114,
                "share": 443.47,
                "remain_portion": -1
            }
        ],
        "CRWD": [
            {
                "uuid": "00000000-0000-0000-0000-0000000000",
                "stock": "CRWD",
                "time": "2024-08-13T07:01:41.917265-04:00",
                "price": 307.4512,
                "share": 15.49,
                "remain_portion": -1
            }
        ],
        "LULU": [
            {
                "uuid": "00000000-0000-0000-0000-0000000000",
                "stock": "LULU",
                "time": "2024-08-13T07:01:41.917076-04:00",
                "price": 280.291,
                "share": 17.83,
                "remain_portion": -1
            }
        ],
        "PANW": [],
        "AMD": [
            {
                "uuid": "00000000-0000-0000-0000-0000000000",
                "stock": "AMD",
                "time": "2024-08-13T07:01:41.916526-04:00",
                "price": 147.0538,
                "share": 60.44,
                "remain_portion": -1
            }
        ],
        "ARM": [],
        "BABA": [],
        "CELH": [
            {
                "uuid": "00000000-0000-0000-0000-0000000000",
                "stock": "CELH",
                "time": "2024-08-13T07:01:41.917207-04:00",
                "price": 52.0913,
                "share": 301.82,
                "remain_portion": -1
            }
        ],
        "QCOM": [
            {
                "uuid": "00000000-0000-0000-0000-0000000000",
                "stock": "QCOM",
                "time": "2024-08-13T07:01:41.917414-04:00",
                "price": 171.5521,
                "share": 31.25,
                "remain_portion": -1
            }
        ],
        "AAPL": [],
        "DELL": [
            {
                "uuid": "00000000-0000-0000-0000-0000000000",
                "stock": "DELL",
                "time": "2024-08-13T07:01:41.917473-04:00",
                "price": 126.8585,
                "share": 113.51,
                "remain_portion": -1
            }
        ],
        "SHOP": [],
        "CEG": [
            {
                "uuid": "00000000-0000-0000-0000-0000000000",
                "stock": "CEG",
                "time": "2024-08-13T07:01:41.917571-04:00",
                "price": 191.8425,
                "share": 29.54,
                "remain_portion": -1
            }
        ],
        "MU": [
            {
                "uuid": "00000000-0000-0000-0000-0000000000",
                "stock": "MU",
                "time": "2024-08-13T07:01:41.917518-04:00",
                "price": 122.8553,
                "share": 96.73,
                "remain_portion": -1
            }
        ],
        "HIMS": [
            {
                "uuid": "00000000-0000-0000-0000-0000000000",
                "stock": "HIMS",
                "time": "2024-08-13T07:01:41.917339-04:00",
                "price": 17.68,
                "share": 55.0,
                "remain_portion": -1
            }
        ]
    },
    "active_pnl": {
        "TSLA": -239.57,
        "NVDA": -3.08,
        "META": 0,
        "MSFT": -691.69,
        "IBM": -20.97,
        "PLTR": 0,
        "BA": -230.42,
        "SNOW": -82.74,
        "GOOGL": -469.07,
        "COIN": 0,
        "SMCI": -742.67,
        "HOOD": -1668.02,
        "CRWD": -1004.55,
        "LULU": -699.29,
        "PANW": 0,
        "AMD": -546.0,
        "ARM": 0,
        "BABA": 0,
        "CELH": -4195.69,
        "QCOM": -236.0,
        "AAPL": 0,
        "DELL": -3308.65,
        "SHOP": 0,
        "CEG": -48.13,
        "MU": -2492.28,
        "HIMS": -91.85
    },
    "active_pnl_percentage": {
        "TSLA": -6.51,
        "NVDA": -4.63,
        "META": 0,
        "MSFT": -8.03,
        "IBM": -0.72,
        "PLTR": 0,
        "BA": -4.91,
        "SNOW": -4.55,
        "GOOGL": -4.44,
        "COIN": 0,
        "SMCI": -18.07,
        "HOOD": -16.76,
        "CRWD": -21.0,
        "LULU": -13.99,
        "PANW": 0,
        "AMD": -6.12,
        "ARM": 0,
        "BABA": 0,
        "CELH": -26.69,
        "QCOM": -4.38,
        "AAPL": 0,
        "DELL": -22.93,
        "SHOP": 0,
        "CEG": -0.85,
        "MU": -20.98,
        "HIMS": -9.7
    }
}