{
    "time": "2024-07-15T08:30:20.591303-04:00",
    "daily_start_net_value": 85763.8902,
    "current_net_value": 85763.8902,
    "daily_pnl": 0.0,
    "daily_pnl_percentage": 0.0,
    "remain_portion": 50,
    "positions": {
        "TSLA": 0,
        "NVDA": 14.13,
        "META": 5.96,
        "MSFT": 6.55,
        "IBM": 0,
        "PLTR": 0,
        "BA": 15.0,
        "SNOW": 14.59,
        "GOOGL": 32.07,
        "COIN": 0,
        "SMCI": 0,
        "HOOD": 44.0,
        "CRWD": 5.29,
        "LULU": 7.39,
        "PANW": 0,
        "AMD": 0.52,
        "ARM": 0.75,
        "BABA": 12.0,
        "CELH": 50.94,
        "QCOM": 0,
        "AAPL": 0,
        "DELL": 7.33,
        "SHOP": 0.46,
        "CEG": 0.0,
        "MU": 0,
        "HIMS": 0
    },
    "cash_position": 50827.73,
    "active_orders": {
        "TSLA": [],
        "NVDA": [
            {
                "uuid": "00000000-0000-0000-0000-0000000000",
                "stock": "NVDA",
                "time": "2024-07-15T07:05:38.441433-04:00",
                "price": 127.3415,
                "share": 14.13,
                "remain_portion": -1
            }
        ],
        "META": [
            {
                "uuid": "00000000-0000-0000-0000-0000000000",
                "stock": "META",
                "time": "2024-07-15T07:05:38.441219-04:00",
                "price": 509.2937,
                "share": 5.96,
                "remain_portion": -1
            }
        ],
        "MSFT": [
            {
                "uuid": "00000000-0000-0000-0000-0000000000",
                "stock": "MSFT",
                "time": "2024-07-15T07:05:38.441396-04:00",
                "price": 458.3649,
                "share": 6.55,
                "remain_portion": -1
            }
        ],
        "IBM": [],
        "PLTR": [],
        "BA": [
            {
                "uuid": "00000000-0000-0000-0000-0000000000",
                "stock": "BA",
                "time": "2024-07-15T07:05:38.441522-04:00",
                "price": 182.8267,
                "share": 15.0,
                "remain_portion": -1
            }
        ],
        "SNOW": [
            {
                "uuid": "00000000-0000-0000-0000-0000000000",
                "stock": "SNOW",
                "time": "2024-07-15T07:05:38.441668-04:00",
                "price": 137.0089,
                "share": 14.59,
                "remain_portion": -1
            }
        ],
        "GOOGL": [
            {
                "uuid": "00000000-0000-0000-0000-0000000000",
                "stock": "GOOGL",
                "time": "2024-07-15T07:05:38.441480-04:00",
                "price": 187.1272,
                "share": 32.07,
                "remain_portion": -1
            }
        ],
        "COIN": [],
        "SMCI": [],
        "HOOD": [
            {
                "uuid": "00000000-0000-0000-0000-0000000000",
                "stock": "HOOD",
                "time": "2024-07-15T07:05:38.441549-04:00",
                "price": 22.23,
                "share": 44.0,
                "remain_portion": -1
            }
        ],
        "CRWD": [
            {
                "uuid": "00000000-0000-0000-0000-0000000000",
                "stock": "CRWD",
                "time": "2024-07-15T07:05:38.441770-04:00",
                "price": 377.7316,
                "share": 5.29,
                "remain_portion": -1
            }
        ],
        "LULU": [
            {
                "uuid": "00000000-0000-0000-0000-0000000000",
                "stock": "LULU",
                "time": "2024-07-15T07:05:38.441634-04:00",
                "price": 293.2673,
                "share": 7.39,
                "remain_portion": -1
            }
        ],
        "PANW": [],
        "AMD": [
            {
                "uuid": "e1d6fc4c-4353-43df-8d72-225a77fa2980",
                "stock": "AMD",
                "time": "2024-07-15T07:40:25.148087-04:00",
                "price": 180.9656,
                "share": 0.52,
                "remain_portion": -1
            }
        ],
        "ARM": [
            {
                "uuid": "ade5f37e-f830-48aa-aca8-c0666ef4f434",
                "stock": "ARM",
                "time": "2024-07-15T07:40:28.883396-04:00",
                "price": 173.7049,
                "share": 0.75,
                "remain_portion": -1
            }
        ],
        "BABA": [
            {
                "uuid": "00000000-0000-0000-0000-0000000000",
                "stock": "BABA",
                "time": "2024-07-15T07:05:38.441593-04:00",
                "price": 79.6692,
                "share": 12.0,
                "remain_portion": -1
            }
        ],
        "CELH": [
            {
                "uuid": "00000000-0000-0000-0000-0000000000",
                "stock": "CELH",
                "time": "2024-07-15T07:05:38.441745-04:00",
                "price": 59.0047,
                "share": 16.94,
                "remain_portion": -1
            },
            {
                "uuid": "6f1d364e-b9e4-4271-9c2d-f792b03afff9",
                "stock": "CELH",
                "time": "2024-07-15T07:50:37.869239-04:00",
                "price": 58.04,
                "share": 16.999999999999996,
                "remain_portion": 53
            },
            {
                "uuid": "4e7cb640-a4bc-4f81-b7c3-ec870ee146bd",
                "stock": "CELH",
                "time": "2024-07-15T08:05:58.708732-04:00",
                "price": 58.05,
                "share": 17.0,
                "remain_portion": 51
            }
        ],
        "QCOM": [],
        "AAPL": [],
        "DELL": [
            {
                "uuid": "944c13b6-ed6a-4969-9a53-d1e4d712bce2",
                "stock": "DELL",
                "time": "2024-07-15T07:40:32.775785-04:00",
                "price": 140.6165,
                "share": 7.33,
                "remain_portion": -1
            }
        ],
        "SHOP": [
            {
                "uuid": "00000000-0000-0000-0000-0000000000",
                "stock": "SHOP",
                "time": "2024-07-15T07:05:38.441800-04:00",
                "price": 64.6695,
                "share": 0.46,
                "remain_portion": -1
            }
        ],
        "CEG": [
            {
                "uuid": "556b7589-15a4-4f2e-9c8c-6f47e56d7d1d",
                "stock": "CEG",
                "time": "2024-07-15T08:00:54.099960-04:00",
                "price": 215.03240000000002,
                "share": 0.0,
                "remain_portion": 52
            },
            {
                "uuid": "12e4abaf-8823-444f-a2dc-22a7462484d9",
                "stock": "CEG",
                "time": "2024-07-15T08:16:17.024637-04:00",
                "price": 215.03240000000002,
                "share": 0.0,
                "remain_portion": 50
            }
        ],
        "MU": [],
        "HIMS": []
    },
    "active_pnl": {
        "TSLA": 0,
        "NVDA": 52.83,
        "META": -61.71,
        "MSFT": -33.83,
        "IBM": 0,
        "PLTR": 0,
        "BA": 7.44,
        "SNOW": -12.53,
        "GOOGL": -61.16,
        "COIN": 0,
        "SMCI": 0,
        "HOOD": 30.8,
        "CRWD": -35.61,
        "LULU": -16.76,
        "PANW": 0,
        "AMD": 1.63,
        "ARM": 7.57,
        "BABA": -18.83,
        "CELH": -45.04,
        "QCOM": 0,
        "AAPL": 0,
        "DELL": 4.94,
        "SHOP": 0.15,
        "CEG": 0.0,
        "MU": 0,
        "HIMS": 0
    },
    "active_pnl_percentage": {
        "TSLA": 0,
        "NVDA": 2.94,
        "META": -2.03,
        "MSFT": -1.13,
        "IBM": 0,
        "PLTR": 0,
        "BA": 0.27,
        "SNOW": -0.63,
        "GOOGL": -1.02,
        "COIN": 0,
        "SMCI": 0,
        "HOOD": 3.15,
        "CRWD": -1.78,
        "LULU": -0.77,
        "PANW": 0,
        "AMD": 1.73,
        "ARM": 5.81,
        "BABA": -1.97,
        "CELH": -1.51,
        "QCOM": 0,
        "AAPL": 0,
        "DELL": 0.48,
        "SHOP": 0.51,
        "CEG": 0,
        "MU": 0,
        "HIMS": 0
    }
}