{
    "time": "2024-07-30T07:30:08.733660-04:00",
    "daily_start_net_value": 115706.8836,
    "current_net_value": 115706.8836,
    "daily_pnl": 0.0,
    "daily_pnl_percentage": 0.0,
    "remain_portion": 5,
    "positions": {
        "TSLA": 0,
        "NVDA": 47.92,
        "META": 10.0,
        "MSFT": 17.29,
        "IBM": 0,
        "PLTR": 37.09,
        "BA": 0,
        "SNOW": 0,
        "GOOGL": 36.41,
        "COIN": 0,
        "SMCI": 3.0,
        "HOOD": 393.27,
        "CRWD": 11.0,
        "LULU": 17.83,
        "PANW": 0,
        "AMD": 38.86,
        "ARM": 12.95,
        "BABA": 0,
        "CELH": 301.82,
        "QCOM": 15.42,
        "AAPL": 21.04,
        "DELL": 113.51,
        "SHOP": 92.14,
        "CEG": 53.45,
        "MU": 86.76,
        "HIMS": 90.77
    },
    "cash_position": 5811.83,
    "active_orders": {
        "TSLA": [],
        "NVDA": [
            {
                "uuid": "00000000-0000-0000-0000-0000000000",
                "stock": "NVDA",
                "time": "2024-07-30T07:01:19.452480-04:00",
                "price": 119.5394,
                "share": 47.92,
                "remain_portion": -1
            }
        ],
        "META": [
            {
                "uuid": "00000000-0000-0000-0000-0000000000",
                "stock": "META",
                "time": "2024-07-30T07:01:19.452234-04:00",
                "price": 498.0661,
                "share": 10.0,
                "remain_portion": -1
            }
        ],
        "MSFT": [
            {
                "uuid": "00000000-0000-0000-0000-0000000000",
                "stock": "MSFT",
                "time": "2024-07-30T07:01:19.452424-04:00",
                "price": 450.417,
                "share": 17.29,
                "remain_portion": -1
            }
        ],
        "IBM": [],
        "PLTR": [
            {
                "uuid": "00000000-0000-0000-0000-0000000000",
                "stock": "PLTR",
                "time": "2024-07-30T07:01:19.452598-04:00",
                "price": 26.9501,
                "share": 37.09,
                "remain_portion": -1
            }
        ],
        "BA": [],
        "SNOW": [],
        "GOOGL": [
            {
                "uuid": "00000000-0000-0000-0000-0000000000",
                "stock": "GOOGL",
                "time": "2024-07-30T07:01:19.452501-04:00",
                "price": 178.1352,
                "share": 36.41,
                "remain_portion": -1
            }
        ],
        "COIN": [],
        "SMCI": [
            {
                "uuid": "00000000-0000-0000-0000-0000000000",
                "stock": "SMCI",
                "time": "2024-07-30T07:01:19.452550-04:00",
                "price": 835.2433,
                "share": 3.0,
                "remain_portion": -1
            }
        ],
        "HOOD": [
            {
                "uuid": "00000000-0000-0000-0000-0000000000",
                "stock": "HOOD",
                "time": "2024-07-30T07:01:19.452529-04:00",
                "price": 22.73,
                "share": 393.27,
                "remain_portion": -1
            }
        ],
        "CRWD": [
            {
                "uuid": "00000000-0000-0000-0000-0000000000",
                "stock": "CRWD",
                "time": "2024-07-30T07:01:19.452670-04:00",
                "price": 342.1445,
                "share": 11.0,
                "remain_portion": -1
            }
        ],
        "LULU": [
            {
                "uuid": "00000000-0000-0000-0000-0000000000",
                "stock": "LULU",
                "time": "2024-07-30T07:01:19.452575-04:00",
                "price": 280.291,
                "share": 17.83,
                "remain_portion": -1
            }
        ],
        "PANW": [],
        "AMD": [
            {
                "uuid": "00000000-0000-0000-0000-0000000000",
                "stock": "AMD",
                "time": "2024-07-30T07:01:19.452383-04:00",
                "price": 152.9862,
                "share": 38.86,
                "remain_portion": -1
            }
        ],
        "ARM": [
            {
                "uuid": "00000000-0000-0000-0000-0000000000",
                "stock": "ARM",
                "time": "2024-07-30T07:01:19.452619-04:00",
                "price": 144.8625,
                "share": 12.95,
                "remain_portion": -1
            }
        ],
        "BABA": [],
        "CELH": [
            {
                "uuid": "00000000-0000-0000-0000-0000000000",
                "stock": "CELH",
                "time": "2024-07-30T07:01:19.452649-04:00",
                "price": 52.0913,
                "share": 301.82,
                "remain_portion": -1
            }
        ],
        "QCOM": [
            {
                "uuid": "00000000-0000-0000-0000-0000000000",
                "stock": "QCOM",
                "time": "2024-07-30T07:01:19.452757-04:00",
                "price": 189.4474,
                "share": 15.42,
                "remain_portion": -1
            }
        ],
        "AAPL": [
            {
                "uuid": "00000000-0000-0000-0000-0000000000",
                "stock": "AAPL",
                "time": "2024-07-30T07:01:19.452459-04:00",
                "price": 223.6602,
                "share": 21.04,
                "remain_portion": -1
            }
        ],
        "DELL": [
            {
                "uuid": "00000000-0000-0000-0000-0000000000",
                "stock": "DELL",
                "time": "2024-07-30T07:01:19.452789-04:00",
                "price": 126.8585,
                "share": 113.51,
                "remain_portion": -1
            }
        ],
        "SHOP": [
            {
                "uuid": "00000000-0000-0000-0000-0000000000",
                "stock": "SHOP",
                "time": "2024-07-30T07:01:19.452714-04:00",
                "price": 64.7146,
                "share": 92.14,
                "remain_portion": -1
            }
        ],
        "CEG": [
            {
                "uuid": "00000000-0000-0000-0000-0000000000",
                "stock": "CEG",
                "time": "2024-07-30T07:01:19.452837-04:00",
                "price": 193.3875,
                "share": 53.45,
                "remain_portion": -1
            }
        ],
        "MU": [
            {
                "uuid": "00000000-0000-0000-0000-0000000000",
                "stock": "MU",
                "time": "2024-07-30T07:01:19.452813-04:00",
                "price": 125.4544,
                "share": 86.76,
                "remain_portion": -1
            }
        ],
        "HIMS": [
            {
                "uuid": "00000000-0000-0000-0000-0000000000",
                "stock": "HIMS",
                "time": "2024-07-30T07:01:19.452691-04:00",
                "price": 22.0077,
                "share": 90.77,
                "remain_portion": -1
            }
        ]
    },
    "active_pnl": {
        "TSLA": 0,
        "NVDA": -389.56,
        "META": -321.66,
        "MSFT": -409.2,
        "IBM": 0,
        "PLTR": 5.56,
        "BA": 0,
        "SNOW": 0,
        "GOOGL": -287.1,
        "COIN": 0,
        "SMCI": -411.7,
        "HOOD": -601.7,
        "CRWD": -1039.99,
        "LULU": -388.53,
        "PANW": 0,
        "AMD": -501.92,
        "ARM": -55.2,
        "BABA": 0,
        "CELH": -1627.2,
        "QCOM": -157.4,
        "AAPL": -100.15,
        "DELL": -1726.32,
        "SHOP": -462.05,
        "CEG": -1140.48,
        "MU": -1500.46,
        "HIMS": -27.02
    },
    "active_pnl_percentage": {
        "TSLA": 0,
        "NVDA": -6.8,
        "META": -6.46,
        "MSFT": -5.25,
        "IBM": 0,
        "PLTR": 0.56,
        "BA": 0,
        "SNOW": 0,
        "GOOGL": -4.43,
        "COIN": 0,
        "SMCI": -16.43,
        "HOOD": -6.73,
        "CRWD": -27.63,
        "LULU": -7.77,
        "PANW": 0,
        "AMD": -8.44,
        "ARM": -2.94,
        "BABA": 0,
        "CELH": -10.35,
        "QCOM": -5.39,
        "AAPL": -2.13,
        "DELL": -11.99,
        "SHOP": -7.75,
        "CEG": -11.03,
        "MU": -13.79,
        "HIMS": -1.35
    }
}