{
    "time": "2024-07-08T07:30:10.356325-04:00",
    "daily_start_net_value": 84146.741,
    "current_net_value": 84146.741,
    "daily_pnl": 0.0,
    "daily_pnl_percentage": 0.0,
    "remain_portion": 59,
    "positions": {
        "TSLA": 0,
        "NVDA": 0,
        "META": 4.0,
        "MSFT": 0,
        "IBM": 0,
        "PLTR": 0,
        "BA": 0,
        "SNOW": 0,
        "GOOGL": 3.0,
        "COIN": 0,
        "SMCI": 0,
        "HOOD": 26.0,
        "CRWD": 0,
        "LULU": 5.0,
        "PANW": 0,
        "AMD": 0,
        "ARM": 0,
        "BABA": 65.25,
        "CELH": 0,
        "QCOM": 40.26,
        "AAPL": 0,
        "DELL": 24.0,
        "SHOP": 0,
        "CEG": 0,
        "MU": 21.72,
        "HIMS": 0
    },
    "cash_position": 59997.81,
    "active_orders": {
        "TSLA": [],
        "NVDA": [],
        "META": [
            {
                "uuid": "00000000-0000-0000-0000-0000000000",
                "stock": "META",
                "time": "2024-07-08T07:27:03.689540-04:00",
                "price": 508.9325,
                "share": 4.0,
                "remain_portion": -1
            }
        ],
        "MSFT": [],
        "IBM": [],
        "PLTR": [],
        "BA": [],
        "SNOW": [],
        "GOOGL": [
            {
                "uuid": "00000000-0000-0000-0000-0000000000",
                "stock": "GOOGL",
                "time": "2024-07-08T07:27:03.689684-04:00",
                "price": 182.34,
                "share": 3.0,
                "remain_portion": -1
            }
        ],
        "COIN": [],
        "SMCI": [],
        "HOOD": [
            {
                "uuid": "00000000-0000-0000-0000-0000000000",
                "stock": "HOOD",
                "time": "2024-07-08T07:27:03.689723-04:00",
                "price": 22.68,
                "share": 26.0,
                "remain_portion": -1
            }
        ],
        "CRWD": [],
        "LULU": [
            {
                "uuid": "00000000-0000-0000-0000-0000000000",
                "stock": "LULU",
                "time": "2024-07-08T07:27:03.689807-04:00",
                "price": 303.486,
                "share": 5.0,
                "remain_portion": -1
            }
        ],
        "PANW": [],
        "AMD": [],
        "ARM": [],
        "BABA": [
            {
                "uuid": "00000000-0000-0000-0000-0000000000",
                "stock": "BABA",
                "time": "2024-07-08T07:27:03.689761-04:00",
                "price": 72.688,
                "share": 65.25,
                "remain_portion": -1
            }
        ],
        "CELH": [],
        "QCOM": [
            {
                "uuid": "00000000-0000-0000-0000-0000000000",
                "stock": "QCOM",
                "time": "2024-07-08T07:27:03.689844-04:00",
                "price": 204.2656,
                "share": 40.26,
                "remain_portion": -1
            }
        ],
        "AAPL": [],
        "DELL": [
            {
                "uuid": "00000000-0000-0000-0000-0000000000",
                "stock": "DELL",
                "time": "2024-07-08T07:27:03.689883-04:00",
                "price": 141.9708,
                "share": 24.0,
                "remain_portion": -1
            }
        ],
        "SHOP": [],
        "CEG": [],
        "MU": [
            {
                "uuid": "00000000-0000-0000-0000-0000000000",
                "stock": "MU",
                "time": "2024-07-08T07:27:03.689927-04:00",
                "price": 140.8356,
                "share": 21.72,
                "remain_portion": -1
            }
        ],
        "HIMS": []
    },
    "active_pnl": {
        "TSLA": 0,
        "NVDA": 0,
        "META": 132.87,
        "MSFT": 0,
        "IBM": 0,
        "PLTR": 0,
        "BA": 0,
        "SNOW": 0,
        "GOOGL": 20.58,
        "COIN": 0,
        "SMCI": 0,
        "HOOD": 4.42,
        "CRWD": 0,
        "LULU": -19.43,
        "PANW": 0,
        "AMD": 0,
        "ARM": 0,
        "BABA": 67.34,
        "CELH": 0,
        "QCOM": 59.36,
        "AAPL": 0,
        "DELL": -73.7,
        "SHOP": 0,
        "CEG": 0,
        "MU": -196.25,
        "HIMS": 0
    },
    "active_pnl_percentage": {
        "TSLA": 0,
        "NVDA": 0,
        "META": 6.53,
        "MSFT": 0,
        "IBM": 0,
        "PLTR": 0,
        "BA": 0,
        "SNOW": 0,
        "GOOGL": 3.76,
        "COIN": 0,
        "SMCI": 0,
        "HOOD": 0.75,
        "CRWD": 0,
        "LULU": -1.28,
        "PANW": 0,
        "AMD": 0,
        "ARM": 0,
        "BABA": 1.42,
        "CELH": 0,
        "QCOM": 0.72,
        "AAPL": 0,
        "DELL": -2.16,
        "SHOP": 0,
        "CEG": 0,
        "MU": -6.42,
        "HIMS": 0
    }
}