{
    "time": "2024-07-29T16:36:05.882676-04:00",
    "daily_start_net_value": 116422.9434,
    "current_net_value": 115706.8836,
    "daily_pnl": -716.0598000000027,
    "daily_pnl_percentage": -0.62,
    "remain_portion": 0,
    "positions": {
        "TSLA": 0,
        "NVDA": 47.92,
        "META": 10.0,
        "MSFT": 17.29,
        "IBM": 0,
        "PLTR": 37.09,
        "BA": 0,
        "SNOW": 0,
        "GOOGL": 36.41,
        "COIN": 0,
        "SMCI": 3.0,
        "HOOD": 393.27,
        "CRWD": 11.0,
        "LULU": 17.83,
        "PANW": 0,
        "AMD": 38.86,
        "ARM": 12.95,
        "BABA": 0,
        "CELH": 301.82,
        "QCOM": 15.42,
        "AAPL": 21.04,
        "DELL": 113.51,
        "SHOP": 92.14,
        "CEG": 53.45,
        "MU": 86.76,
        "HIMS": 90.77
    },
    "cash_position": 998.89,
    "active_orders": {
        "TSLA": [],
        "NVDA": [
            {
                "uuid": "00000000-0000-0000-0000-0000000000",
                "stock": "NVDA",
                "time": "2024-07-29T07:01:05.435308-04:00",
                "price": 121.2032,
                "share": 39.01,
                "remain_portion": -1
            },
            {
                "uuid": "53449ae6-b598-4076-b07c-64c28c56be43",
                "stock": "NVDA",
                "time": "2024-07-29T11:11:07.925959-04:00",
                "price": 112.26,
                "share": 8.910000000000004,
                "remain_portion": 0
            }
        ],
        "META": [
            {
                "uuid": "00000000-0000-0000-0000-0000000000",
                "stock": "META",
                "time": "2024-07-29T07:01:05.435035-04:00",
                "price": 498.0661,
                "share": 10.0,
                "remain_portion": -1
            }
        ],
        "MSFT": [
            {
                "uuid": "00000000-0000-0000-0000-0000000000",
                "stock": "MSFT",
                "time": "2024-07-29T07:01:05.435221-04:00",
                "price": 450.417,
                "share": 17.29,
                "remain_portion": -1
            }
        ],
        "IBM": [],
        "PLTR": [
            {
                "uuid": "8223b31a-b621-4729-a322-b1873f4eb0d9",
                "stock": "PLTR",
                "time": "2024-07-29T11:01:59.853900-04:00",
                "price": 26.96,
                "share": 37.09,
                "remain_portion": 2
            }
        ],
        "BA": [],
        "SNOW": [],
        "GOOGL": [
            {
                "uuid": "00000000-0000-0000-0000-0000000000",
                "stock": "GOOGL",
                "time": "2024-07-29T07:01:05.435360-04:00",
                "price": 178.1352,
                "share": 36.41,
                "remain_portion": -1
            }
        ],
        "COIN": [],
        "SMCI": [
            {
                "uuid": "00000000-0000-0000-0000-0000000000",
                "stock": "SMCI",
                "time": "2024-07-29T07:01:05.435475-04:00",
                "price": 835.2433,
                "share": 3.0,
                "remain_portion": -1
            }
        ],
        "HOOD": [
            {
                "uuid": "00000000-0000-0000-0000-0000000000",
                "stock": "HOOD",
                "time": "2024-07-29T07:01:05.435397-04:00",
                "price": 22.73,
                "share": 393.27,
                "remain_portion": -1
            }
        ],
        "CRWD": [
            {
                "uuid": "00000000-0000-0000-0000-0000000000",
                "stock": "CRWD",
                "time": "2024-07-29T07:01:05.435628-04:00",
                "price": 342.1445,
                "share": 11.0,
                "remain_portion": -1
            }
        ],
        "LULU": [
            {
                "uuid": "00000000-0000-0000-0000-0000000000",
                "stock": "LULU",
                "time": "2024-07-29T07:01:05.435511-04:00",
                "price": 280.291,
                "share": 17.83,
                "remain_portion": -1
            }
        ],
        "PANW": [],
        "AMD": [
            {
                "uuid": "00000000-0000-0000-0000-0000000000",
                "stock": "AMD",
                "time": "2024-07-29T07:01:05.435180-04:00",
                "price": 152.9862,
                "share": 38.86,
                "remain_portion": -1
            }
        ],
        "ARM": [
            {
                "uuid": "63a61d36-86ff-45a7-97f2-4e8b628af982",
                "stock": "ARM",
                "time": "2024-07-29T08:06:30.697534-04:00",
                "price": 146.05,
                "share": 6.0,
                "remain_portion": 13
            },
            {
                "uuid": "9b470e79-6281-4814-a595-1876b564ef1b",
                "stock": "ARM",
                "time": "2024-07-29T10:31:31.881516-04:00",
                "price": 143.88,
                "share": 6.949999999999999,
                "remain_portion": 5
            }
        ],
        "BABA": [],
        "CELH": [
            {
                "uuid": "00000000-0000-0000-0000-0000000000",
                "stock": "CELH",
                "time": "2024-07-29T07:01:05.435584-04:00",
                "price": 52.4928,
                "share": 280.48,
                "remain_portion": -1
            },
            {
                "uuid": "606827c0-fb64-4194-a7e6-d42d54b2b4bd",
                "stock": "CELH",
                "time": "2024-07-29T10:01:17.717371-04:00",
                "price": 46.87,
                "share": 21.339999999999975,
                "remain_portion": 7
            }
        ],
        "QCOM": [
            {
                "uuid": "00000000-0000-0000-0000-0000000000",
                "stock": "QCOM",
                "time": "2024-07-29T07:01:05.435714-04:00",
                "price": 189.4474,
                "share": 15.42,
                "remain_portion": -1
            }
        ],
        "AAPL": [
            {
                "uuid": "00000000-0000-0000-0000-0000000000",
                "stock": "AAPL",
                "time": "2024-07-29T07:01:05.435272-04:00",
                "price": 225.2471,
                "share": 17.04,
                "remain_portion": -1
            },
            {
                "uuid": "6ef4cf22-172c-4cf9-b0f1-82232455c62f",
                "stock": "AAPL",
                "time": "2024-07-29T09:11:06.220019-04:00",
                "price": 216.9,
                "share": 4.0,
                "remain_portion": 11
            }
        ],
        "DELL": [
            {
                "uuid": "00000000-0000-0000-0000-0000000000",
                "stock": "DELL",
                "time": "2024-07-29T07:01:05.435754-04:00",
                "price": 128.0829,
                "share": 104.62,
                "remain_portion": -1
            },
            {
                "uuid": "4fc9cbba-7c99-40fc-aad5-333128060a1e",
                "stock": "DELL",
                "time": "2024-07-29T10:16:24.831805-04:00",
                "price": 112.46,
                "share": 8.89,
                "remain_portion": 6
            }
        ],
        "SHOP": [
            {
                "uuid": "00000000-0000-0000-0000-0000000000",
                "stock": "SHOP",
                "time": "2024-07-29T07:01:05.435665-04:00",
                "price": 64.7146,
                "share": 92.14,
                "remain_portion": -1
            }
        ],
        "CEG": [
            {
                "uuid": "00000000-0000-0000-0000-0000000000",
                "stock": "CEG",
                "time": "2024-07-29T07:01:05.435871-04:00",
                "price": 199.0884,
                "share": 41.88,
                "remain_portion": -1
            },
            {
                "uuid": "8b58506e-2a9c-44f4-b543-9cfd1e64e597",
                "stock": "CEG",
                "time": "2024-07-29T10:41:48.684144-04:00",
                "price": 173.54,
                "share": 5.759999999999998,
                "remain_portion": 4
            },
            {
                "uuid": "a8870127-012b-4e4d-827a-f8d53ae8c7bc",
                "stock": "CEG",
                "time": "2024-07-29T10:55:55.805035-04:00",
                "price": 172.21,
                "share": 5.810000000000002,
                "remain_portion": 3
            }
        ],
        "MU": [
            {
                "uuid": "00000000-0000-0000-0000-0000000000",
                "stock": "MU",
                "time": "2024-07-29T07:01:05.435825-04:00",
                "price": 125.4544,
                "share": 86.76,
                "remain_portion": -1
            }
        ],
        "HIMS": [
            {
                "uuid": "328d45ca-dc6f-41cf-a593-11815e2232eb",
                "stock": "HIMS",
                "time": "2024-07-29T09:32:42.919292-04:00",
                "price": 22.1,
                "share": 45.23,
                "remain_portion": 9
            },
            {
                "uuid": "c17e3b09-80ab-40de-96f0-25bed2ef8898",
                "stock": "HIMS",
                "time": "2024-07-29T09:47:11.705188-04:00",
                "price": 21.96,
                "share": 45.54,
                "remain_portion": 8
            }
        ]
    },
    "active_pnl": {
        "TSLA": 0,
        "NVDA": -390.09,
        "META": -323.56,
        "MSFT": -409.55,
        "IBM": 0,
        "PLTR": 4.8,
        "BA": 0,
        "SNOW": 0,
        "GOOGL": -327.15,
        "COIN": 0,
        "SMCI": -404.86,
        "HOOD": -601.7,
        "CRWD": -916.68,
        "LULU": -375.16,
        "PANW": 0,
        "AMD": -527.18,
        "ARM": -43.71,
        "BABA": 0,
        "CELH": -1574.06,
        "QCOM": -166.65,
        "AAPL": -113.83,
        "DELL": -1770.68,
        "SHOP": -457.44,
        "CEG": -1108.21,
        "MU": -1527.36,
        "HIMS": -19.04
    },
    "active_pnl_percentage": {
        "TSLA": 0,
        "NVDA": -6.81,
        "META": -6.5,
        "MSFT": -5.26,
        "IBM": 0,
        "PLTR": 0.48,
        "BA": 0,
        "SNOW": 0,
        "GOOGL": -5.04,
        "COIN": 0,
        "SMCI": -16.16,
        "HOOD": -6.73,
        "CRWD": -24.36,
        "LULU": -7.51,
        "PANW": 0,
        "AMD": -8.87,
        "ARM": -2.33,
        "BABA": 0,
        "CELH": -10.01,
        "QCOM": -5.7,
        "AAPL": -2.42,
        "DELL": -12.3,
        "SHOP": -7.67,
        "CEG": -10.72,
        "MU": -14.03,
        "HIMS": -0.95
    }
}