{
    "time": "2024-07-18T08:30:24.410782-04:00",
    "daily_start_net_value": 87579.4237,
    "current_net_value": 87579.4237,
    "daily_pnl": 0.0,
    "daily_pnl_percentage": 0.0,
    "remain_portion": 3,
    "positions": {
        "TSLA": 0,
        "NVDA": 22.13,
        "META": 5.96,
        "MSFT": 13.02,
        "IBM": 0.0,
        "PLTR": 0,
        "BA": 0.0,
        "SNOW": 0.38,
        "GOOGL": 40.5,
        "COIN": 0,
        "SMCI": 2.0,
        "HOOD": 83.28,
        "CRWD": 8.0,
        "LULU": 0,
        "PANW": 7.0,
        "AMD": 17.75,
        "ARM": 0,
        "BABA": 67.88,
        "CELH": 196.98,
        "QCOM": 4.82,
        "AAPL": 12.39,
        "DELL": 77.91,
        "SHOP": 59.45,
        "CEG": 36.0,
        "MU": 77.76,
        "HIMS": 44.0
    },
    "cash_position": 3247.38,
    "active_orders": {
        "TSLA": [],
        "NVDA": [
            {
                "uuid": "00000000-0000-0000-0000-0000000000",
                "stock": "NVDA",
                "time": "2024-07-18T07:01:39.867583-04:00",
                "price": 125.1503,
                "share": 22.13,
                "remain_portion": -1
            }
        ],
        "META": [
            {
                "uuid": "00000000-0000-0000-0000-0000000000",
                "stock": "META",
                "time": "2024-07-18T07:01:39.867375-04:00",
                "price": 509.2937,
                "share": 5.96,
                "remain_portion": -1
            }
        ],
        "MSFT": [
            {
                "uuid": "00000000-0000-0000-0000-0000000000",
                "stock": "MSFT",
                "time": "2024-07-18T07:01:39.867529-04:00",
                "price": 453.8241,
                "share": 13.02,
                "remain_portion": -1
            }
        ],
        "IBM": [
            {
                "uuid": "b05fd7ef-9c0b-4ed3-b7b4-903e0ac35b81",
                "stock": "IBM",
                "time": "2024-07-18T08:26:20.499837-04:00",
                "price": 186.09,
                "share": 0.0,
                "remain_portion": 3
            }
        ],
        "PLTR": [],
        "BA": [
            {
                "uuid": "40f5789f-db36-4f05-8a42-56c054f2822e",
                "stock": "BA",
                "time": "2024-07-18T07:30:32.976728-04:00",
                "price": 184.55,
                "share": 0.0,
                "remain_portion": 5
            }
        ],
        "SNOW": [
            {
                "uuid": "cc7bd9d4-bf10-4458-b9c4-02636e561cdf",
                "stock": "SNOW",
                "time": "2024-07-18T08:11:02.199807-04:00",
                "price": 134.1754,
                "share": 0.38,
                "remain_portion": -1
            }
        ],
        "GOOGL": [
            {
                "uuid": "00000000-0000-0000-0000-0000000000",
                "stock": "GOOGL",
                "time": "2024-07-18T07:01:39.867616-04:00",
                "price": 184.4393,
                "share": 40.5,
                "remain_portion": -1
            }
        ],
        "COIN": [],
        "SMCI": [
            {
                "uuid": "00000000-0000-0000-0000-0000000000",
                "stock": "SMCI",
                "time": "2024-07-18T07:01:39.867716-04:00",
                "price": 869.365,
                "share": 2.0,
                "remain_portion": -1
            }
        ],
        "HOOD": [
            {
                "uuid": "00000000-0000-0000-0000-0000000000",
                "stock": "HOOD",
                "time": "2024-07-18T07:01:39.867644-04:00",
                "price": 23.8369,
                "share": 83.28,
                "remain_portion": -1
            }
        ],
        "CRWD": [
            {
                "uuid": "00000000-0000-0000-0000-0000000000",
                "stock": "CRWD",
                "time": "2024-07-18T07:01:39.867855-04:00",
                "price": 361.5375,
                "share": 8.0,
                "remain_portion": -1
            }
        ],
        "LULU": [],
        "PANW": [
            {
                "uuid": "00000000-0000-0000-0000-0000000000",
                "stock": "PANW",
                "time": "2024-07-18T07:01:39.867790-04:00",
                "price": 334.61,
                "share": 7.0,
                "remain_portion": -1
            },
            {
                "uuid": "247eb026-4179-49c0-9955-c95941b8e6fb",
                "stock": "PANW",
                "time": "2024-07-18T08:00:54.115547-04:00",
                "price": 329.3,
                "share": 0.0,
                "remain_portion": 4
            }
        ],
        "AMD": [
            {
                "uuid": "00000000-0000-0000-0000-0000000000",
                "stock": "AMD",
                "time": "2024-07-18T07:01:39.867498-04:00",
                "price": 165.9466,
                "share": 17.75,
                "remain_portion": -1
            }
        ],
        "ARM": [],
        "BABA": [
            {
                "uuid": "00000000-0000-0000-0000-0000000000",
                "stock": "BABA",
                "time": "2024-07-18T07:01:39.867683-04:00",
                "price": 77.8315,
                "share": 67.88,
                "remain_portion": -1
            }
        ],
        "CELH": [
            {
                "uuid": "00000000-0000-0000-0000-0000000000",
                "stock": "CELH",
                "time": "2024-07-18T07:01:39.867827-04:00",
                "price": 54.6668,
                "share": 196.98,
                "remain_portion": -1
            }
        ],
        "QCOM": [
            {
                "uuid": "00000000-0000-0000-0000-0000000000",
                "stock": "QCOM",
                "time": "2024-07-18T07:01:39.867967-04:00",
                "price": 201.3545,
                "share": 4.82,
                "remain_portion": -1
            }
        ],
        "AAPL": [
            {
                "uuid": "00000000-0000-0000-0000-0000000000",
                "stock": "AAPL",
                "time": "2024-07-18T07:01:39.867557-04:00",
                "price": 229.0549,
                "share": 12.39,
                "remain_portion": -1
            }
        ],
        "DELL": [
            {
                "uuid": "00000000-0000-0000-0000-0000000000",
                "stock": "DELL",
                "time": "2024-07-18T07:01:39.868011-04:00",
                "price": 133.4984,
                "share": 77.91,
                "remain_portion": -1
            }
        ],
        "SHOP": [
            {
                "uuid": "00000000-0000-0000-0000-0000000000",
                "stock": "SHOP",
                "time": "2024-07-18T07:01:39.867909-04:00",
                "price": 66.6823,
                "share": 59.45,
                "remain_portion": -1
            }
        ],
        "CEG": [
            {
                "uuid": "00000000-0000-0000-0000-0000000000",
                "stock": "CEG",
                "time": "2024-07-18T07:01:39.868080-04:00",
                "price": 203.8425,
                "share": 36.0,
                "remain_portion": -1
            }
        ],
        "MU": [
            {
                "uuid": "00000000-0000-0000-0000-0000000000",
                "stock": "MU",
                "time": "2024-07-18T07:01:39.868051-04:00",
                "price": 127.7454,
                "share": 77.76,
                "remain_portion": -1
            }
        ],
        "HIMS": [
            {
                "uuid": "00000000-0000-0000-0000-0000000000",
                "stock": "HIMS",
                "time": "2024-07-18T07:01:39.867883-04:00",
                "price": 22.67,
                "share": 44.0,
                "remain_portion": -1
            }
        ]
    },
    "active_pnl": {
        "TSLA": 0,
        "NVDA": -92.51,
        "META": -240.15,
        "MSFT": -105.28,
        "IBM": 0.0,
        "PLTR": 0,
        "BA": 0.0,
        "SNOW": 0.45,
        "GOOGL": -98.79,
        "COIN": 0,
        "SMCI": -68.73,
        "HOOD": 38.57,
        "CRWD": -94.7,
        "LULU": 0,
        "PANW": -37.52,
        "AMD": -60.29,
        "ARM": 0,
        "BABA": -26.58,
        "CELH": -724.26,
        "QCOM": -40.02,
        "AAPL": 17.41,
        "DELL": -529.66,
        "SHOP": -82.18,
        "CEG": -624.33,
        "MU": -512.08,
        "HIMS": -25.08
    },
    "active_pnl_percentage": {
        "TSLA": 0,
        "NVDA": -3.39,
        "META": -7.91,
        "MSFT": -1.78,
        "IBM": 0,
        "PLTR": 0,
        "BA": 0,
        "SNOW": 0.88,
        "GOOGL": -1.32,
        "COIN": 0,
        "SMCI": -3.95,
        "HOOD": 1.94,
        "CRWD": -3.27,
        "LULU": 0,
        "PANW": -1.6,
        "AMD": -2.03,
        "ARM": 0,
        "BABA": -0.5,
        "CELH": -6.73,
        "QCOM": -4.12,
        "AAPL": 0.6,
        "DELL": -5.09,
        "SHOP": -2.07,
        "CEG": -8.51,
        "MU": -5.16,
        "HIMS": -2.51
    }
}