{
    "time": "2024-07-01T12:33:48.788966-04:00",
    "daily_start_net_value": 83115.5106,
    "current_net_value": 83497.3377,
    "daily_pnl": 381.8271000000095,
    "daily_pnl_percentage": 0.46,
    "remain_portion": 77,
    "positions": {
        "TSLA": 0,
        "NVDA": 0,
        "META": 2.0,
        "MSFT": 0,
        "IBM": 0,
        "PLTR": 23.56,
        "BA": 0,
        "SNOW": 0,
        "GOOGL": 6.0,
        "COIN": 0,
        "SMCI": 0,
        "HOOD": 53.14,
        "CRWD": 0,
        "LULU": 5.0,
        "PANW": 0,
        "AMD": 3.86,
        "ARM": 0,
        "BABA": 65.25,
        "CELH": 0,
        "QCOM": 37.26,
        "AAPL": 0,
        "DELL": 8.32,
        "SHOP": 9.87,
        "CEG": 0,
        "MU": 21.72,
        "HIMS": 311.3
    },
    "cash_position": 46526.17,
    "active_orders": {
        "TSLA": [],
        "NVDA": [],
        "META": [
            {
                "uuid": "00000000-0000-0000-0000-0000000000",
                "stock": "META",
                "time": "2024-07-01T07:01:24.546235-04:00",
                "price": 517.3,
                "share": 2.0,
                "remain_portion": -1
            }
        ],
        "MSFT": [],
        "IBM": [],
        "PLTR": [
            {
                "uuid": "d62e71db-9cec-474c-ac71-8a37f0e2ca7f",
                "stock": "PLTR",
                "time": "2024-07-01T10:00:30.468315-04:00",
                "price": 25.47,
                "share": 23.56,
                "remain_portion": 81
            }
        ],
        "BA": [],
        "SNOW": [],
        "GOOGL": [
            {
                "uuid": "00000000-0000-0000-0000-0000000000",
                "stock": "GOOGL",
                "time": "2024-07-01T07:01:24.546437-04:00",
                "price": 183.03,
                "share": 6.0,
                "remain_portion": -1
            }
        ],
        "COIN": [],
        "SMCI": [],
        "HOOD": [
            {
                "uuid": "f69454bb-aa42-47db-9a51-67004c2fcf19",
                "stock": "HOOD",
                "time": "2024-07-01T10:05:35.056178-04:00",
                "price": 22.68,
                "share": 26.47,
                "remain_portion": 80
            },
            {
                "uuid": "7e75301f-80fa-4528-b8ed-00438eaf592d",
                "stock": "HOOD",
                "time": "2024-07-01T12:30:47.654788-04:00",
                "price": 22.5,
                "share": 26.67,
                "remain_portion": 77
            }
        ],
        "CRWD": [],
        "LULU": [
            {
                "uuid": "00000000-0000-0000-0000-0000000000",
                "stock": "LULU",
                "time": "2024-07-01T07:01:24.546543-04:00",
                "price": 303.486,
                "share": 5.0,
                "remain_portion": -1
            }
        ],
        "PANW": [],
        "AMD": [
            {
                "uuid": "43b4e112-fc09-418c-b567-3724131f1cad",
                "stock": "AMD",
                "time": "2024-07-01T09:51:10.231571-04:00",
                "price": 155.31,
                "share": 3.86,
                "remain_portion": 82
            }
        ],
        "ARM": [],
        "BABA": [
            {
                "uuid": "00000000-0000-0000-0000-0000000000",
                "stock": "BABA",
                "time": "2024-07-01T07:01:24.546509-04:00",
                "price": 72.7836,
                "share": 56.92,
                "remain_portion": -1
            },
            {
                "uuid": "afd7f215-0d68-4131-b70a-40d8255c128a",
                "stock": "BABA",
                "time": "2024-07-01T10:35:59.076037-04:00",
                "price": 72.04,
                "share": 8.329999999999998,
                "remain_portion": 78
            }
        ],
        "CELH": [],
        "QCOM": [
            {
                "uuid": "00000000-0000-0000-0000-0000000000",
                "stock": "QCOM",
                "time": "2024-07-01T07:01:24.546717-04:00",
                "price": 204.7194,
                "share": 37.26,
                "remain_portion": -1
            }
        ],
        "AAPL": [],
        "DELL": [
            {
                "uuid": "00000000-0000-0000-0000-0000000000",
                "stock": "DELL",
                "time": "2024-07-01T07:01:24.546752-04:00",
                "price": 139.4447,
                "share": 8.32,
                "remain_portion": -1
            }
        ],
        "SHOP": [
            {
                "uuid": "3513b8b1-539d-4379-9c6f-4705188eea1e",
                "stock": "SHOP",
                "time": "2024-07-01T09:52:25.393119-04:00",
                "price": 63.54,
                "share": 0.44,
                "remain_portion": 82
            },
            {
                "uuid": "9f6253a9-245a-42d8-b73c-6bfc486a4cc9",
                "stock": "SHOP",
                "time": "2024-07-01T10:05:38.348391-04:00",
                "price": 63.6,
                "share": 9.43,
                "remain_portion": 79
            }
        ],
        "CEG": [],
        "MU": [
            {
                "uuid": "00000000-0000-0000-0000-0000000000",
                "stock": "MU",
                "time": "2024-07-01T07:01:24.546787-04:00",
                "price": 140.8356,
                "share": 21.72,
                "remain_portion": -1
            }
        ],
        "HIMS": [
            {
                "uuid": "00000000-0000-0000-0000-0000000000",
                "stock": "HIMS",
                "time": "2024-07-01T07:01:24.546681-04:00",
                "price": 21.0686,
                "share": 282.3,
                "remain_portion": -1
            },
            {
                "uuid": "589b28bd-ab65-46db-84b3-6396a543745e",
                "stock": "HIMS",
                "time": "2024-07-01T09:16:35.736832-04:00",
                "price": 20.15013,
                "share": 0.0,
                "remain_portion": 83
            },
            {
                "uuid": "95ef7155-8150-4927-a935-780d3e863716",
                "stock": "HIMS",
                "time": "2024-07-01T09:31:41.489218-04:00",
                "price": 20.64,
                "share": 29.0,
                "remain_portion": 83
            }
        ]
    },
    "active_pnl": {
        "TSLA": 0,
        "NVDA": 0,
        "META": -31.32,
        "MSFT": 0,
        "IBM": 0,
        "PLTR": 10.6,
        "BA": 0,
        "SNOW": 0,
        "GOOGL": -0.06,
        "COIN": 0,
        "SMCI": 0,
        "HOOD": -3.7,
        "CRWD": 0,
        "LULU": -29.35,
        "PANW": 0,
        "AMD": 5.67,
        "ARM": 0,
        "BABA": -19.81,
        "CELH": 0,
        "QCOM": -178.08,
        "AAPL": 0,
        "DELL": 13.77,
        "SHOP": 2.2,
        "CEG": 0,
        "MU": -212.83,
        "HIMS": -61.85
    },
    "active_pnl_percentage": {
        "TSLA": 0,
        "NVDA": 0,
        "META": -3.03,
        "MSFT": 0,
        "IBM": 0,
        "PLTR": 1.75,
        "BA": 0,
        "SNOW": 0,
        "GOOGL": 0.01,
        "COIN": 0,
        "SMCI": 0,
        "HOOD": -0.31,
        "CRWD": 0,
        "LULU": -1.93,
        "PANW": 0,
        "AMD": 0.96,
        "ARM": 0,
        "BABA": -0.42,
        "CELH": 0,
        "QCOM": -2.33,
        "AAPL": 0,
        "DELL": 1.19,
        "SHOP": 0.31,
        "CEG": 0,
        "MU": -7.0,
        "HIMS": -0.94
    }
}