{
    "time": "2024-07-11T11:32:28.975637-04:00",
    "daily_start_net_value": 84957.4778,
    "current_net_value": 85156.0766,
    "daily_pnl": 198.59880000000703,
    "daily_pnl_percentage": 0.23,
    "remain_portion": 36,
    "positions": {
        "TSLA": 0,
        "NVDA": 0,
        "META": 0.0,
        "MSFT": 6.55,
        "IBM": 0,
        "PLTR": 0,
        "BA": 0,
        "SNOW": 0,
        "GOOGL": 21.3,
        "COIN": 0,
        "SMCI": 0,
        "HOOD": 0,
        "CRWD": 2.6,
        "LULU": 13.84,
        "PANW": 2.0,
        "AMD": 0,
        "ARM": 0,
        "BABA": 0,
        "CELH": 0,
        "QCOM": 4.89,
        "AAPL": 8.79,
        "DELL": 0.04,
        "SHOP": 16.9,
        "CEG": 0,
        "MU": 7.87,
        "HIMS": 33.59
    },
    "cash_position": 36882.73,
    "active_orders": {
        "TSLA": [],
        "NVDA": [],
        "META": [
            {
                "uuid": "02acfbaa-728d-4939-b78d-d3279efb3373",
                "stock": "META",
                "time": "2024-07-11T09:21:13.233765-04:00",
                "price": 533.05,
                "share": 0.0,
                "remain_portion": 49
            }
        ],
        "MSFT": [
            {
                "uuid": "db7a4d54-a756-47ba-a891-a4ffc4ed3b9c",
                "stock": "MSFT",
                "time": "2024-07-11T10:05:56.898772-04:00",
                "price": 460.83,
                "share": 2.17,
                "remain_portion": 48
            },
            {
                "uuid": "bce31f76-6faf-4b64-9ae5-984f7793eb78",
                "stock": "MSFT",
                "time": "2024-07-11T10:22:30.021094-04:00",
                "price": 457.01,
                "share": 4.38,
                "remain_portion": 43
            }
        ],
        "IBM": [],
        "PLTR": [],
        "BA": [],
        "SNOW": [],
        "GOOGL": [
            {
                "uuid": "27b87dc3-f861-40e5-b59c-744372d9d8c1",
                "stock": "GOOGL",
                "time": "2024-07-11T10:16:02.495660-04:00",
                "price": 188.27,
                "share": 5.31,
                "remain_portion": 47
            },
            {
                "uuid": "0928386b-440b-42a0-bf88-ac0cf06509e9",
                "stock": "GOOGL",
                "time": "2024-07-11T10:31:36.566519-04:00",
                "price": 188.23,
                "share": 5.31,
                "remain_portion": 42
            },
            {
                "uuid": "ea516f2f-e717-44fb-b094-78b889f049ea",
                "stock": "GOOGL",
                "time": "2024-07-11T10:46:01.142973-04:00",
                "price": 187.74,
                "share": 5.33,
                "remain_portion": 40
            },
            {
                "uuid": "0fa3d603-bfd1-4bf4-a9e1-b51c0d0dc38e",
                "stock": "GOOGL",
                "time": "2024-07-11T11:01:18.008461-04:00",
                "price": 186.95,
                "share": 5.350000000000001,
                "remain_portion": 37
            }
        ],
        "COIN": [],
        "SMCI": [],
        "HOOD": [],
        "CRWD": [
            {
                "uuid": "00000000-0000-0000-0000-0000000000",
                "stock": "CRWD",
                "time": "2024-07-11T07:01:23.967363-04:00",
                "price": 384.4385,
                "share": 2.6,
                "remain_portion": -1
            }
        ],
        "LULU": [
            {
                "uuid": "5d430b4f-ea67-4deb-8d34-895ef212d2bf",
                "stock": "LULU",
                "time": "2024-07-11T10:21:21.294600-04:00",
                "price": 293.6294,
                "share": 13.84,
                "remain_portion": -1
            }
        ],
        "PANW": [
            {
                "uuid": "8b2e069f-e5a3-420b-809c-4a9cf80b353c",
                "stock": "PANW",
                "time": "2024-07-11T08:26:38.271191-04:00",
                "price": 335.1,
                "share": 0.0,
                "remain_portion": 51
            },
            {
                "uuid": "882fedda-86e5-4dd7-8ef6-dc464f3fe163",
                "stock": "PANW",
                "time": "2024-07-11T10:36:50.471744-04:00",
                "price": 332.95,
                "share": 5.0,
                "remain_portion": 41
            }
        ],
        "AMD": [],
        "ARM": [],
        "BABA": [],
        "CELH": [],
        "QCOM": [
            {
                "uuid": "61b6d4c2-4ed6-4032-9d9f-3747855d67cf",
                "stock": "QCOM",
                "time": "2024-07-11T10:51:08.473912-04:00",
                "price": 204.45,
                "share": 4.89,
                "remain_portion": 38
            }
        ],
        "AAPL": [
            {
                "uuid": "b4fdfcb7-eede-4f24-ac1d-d1ca9f91676f",
                "stock": "AAPL",
                "time": "2024-07-11T10:46:03.922594-04:00",
                "price": 228.17,
                "share": 4.38,
                "remain_portion": 39
            },
            {
                "uuid": "093460ee-c1bd-4076-8e61-5f1f36270087",
                "stock": "AAPL",
                "time": "2024-07-11T11:01:20.901343-04:00",
                "price": 226.97,
                "share": 4.409999999999999,
                "remain_portion": 36
            }
        ],
        "DELL": [
            {
                "uuid": "ab21fae8-770b-4106-a89f-97f61b5f70d8",
                "stock": "DELL",
                "time": "2024-07-11T10:21:24.426776-04:00",
                "price": 142.0,
                "share": 7.04,
                "remain_portion": 45
            }
        ],
        "SHOP": [
            {
                "uuid": "10d3b764-35d0-48d4-9341-800f2c0ad5fa",
                "stock": "SHOP",
                "time": "2024-07-11T08:41:59.645094-04:00",
                "price": 65.3947,
                "share": 16.9,
                "remain_portion": -1
            }
        ],
        "CEG": [],
        "MU": [
            {
                "uuid": "4d43d9f3-762e-4488-95ed-991d1a753f7c",
                "stock": "MU",
                "time": "2024-07-11T08:42:04.080372-04:00",
                "price": 135.663,
                "share": 0.33,
                "remain_portion": -1
            },
            {
                "uuid": "8b26085a-ce17-477c-8ea2-419c7c97877c",
                "stock": "MU",
                "time": "2024-07-11T10:21:26.985262-04:00",
                "price": 132.57,
                "share": 7.54,
                "remain_portion": 44
            }
        ],
        "HIMS": [
            {
                "uuid": "3eccc881-2cde-4927-8a8b-e75e19cbdc5f",
                "stock": "HIMS",
                "time": "2024-07-11T09:36:32.647328-04:00",
                "price": 20.2633,
                "share": 33.59,
                "remain_portion": -1
            }
        ]
    },
    "active_pnl": {
        "TSLA": 0,
        "NVDA": 0,
        "META": 0.0,
        "MSFT": -40.84,
        "IBM": 0,
        "PLTR": 0,
        "BA": 0,
        "SNOW": 0,
        "GOOGL": -34.63,
        "COIN": 0,
        "SMCI": 0,
        "HOOD": 0,
        "CRWD": -31.92,
        "LULU": -39.5,
        "PANW": -1.25,
        "AMD": 0,
        "ARM": 0,
        "BABA": 0,
        "CELH": 0,
        "QCOM": -8.78,
        "AAPL": -10.27,
        "DELL": -10.77,
        "SHOP": -9.54,
        "CEG": 0,
        "MU": -13.46,
        "HIMS": 25.37
    },
    "active_pnl_percentage": {
        "TSLA": 0,
        "NVDA": 0,
        "META": 0,
        "MSFT": -1.34,
        "IBM": 0,
        "PLTR": 0,
        "BA": 0,
        "SNOW": 0,
        "GOOGL": -0.84,
        "COIN": 0,
        "SMCI": 0,
        "HOOD": 0,
        "CRWD": -3.15,
        "LULU": -0.97,
        "PANW": -0.08,
        "AMD": 0,
        "ARM": 0,
        "BABA": 0,
        "CELH": 0,
        "QCOM": -0.89,
        "AAPL": -0.53,
        "DELL": -1.08,
        "SHOP": -0.86,
        "CEG": 0,
        "MU": -1.27,
        "HIMS": 3.83
    }
}