{
    "time": "2024-07-31T11:32:09.585596-04:00",
    "daily_start_net_value": 112799.275,
    "current_net_value": 117611.2855,
    "daily_pnl": 4812.010500000004,
    "daily_pnl_percentage": 4.27,
    "remain_portion": 1,
    "positions": {
        "TSLA": 0,
        "NVDA": 57.14,
        "META": 10.0,
        "MSFT": 17.29,
        "IBM": 0,
        "PLTR": 0,
        "BA": 0,
        "SNOW": 0,
        "GOOGL": 36.41,
        "COIN": 0,
        "SMCI": 3.0,
        "HOOD": 393.27,
        "CRWD": 11.0,
        "LULU": 17.83,
        "PANW": 0,
        "AMD": 38.86,
        "ARM": 0,
        "BABA": 25.45,
        "CELH": 301.82,
        "QCOM": 26.07,
        "AAPL": 10.52,
        "DELL": 113.51,
        "SHOP": 92.14,
        "CEG": 53.45,
        "MU": 86.76,
        "HIMS": 0
    },
    "cash_position": 1939.77,
    "active_orders": {
        "TSLA": [],
        "NVDA": [
            {
                "uuid": "00000000-0000-0000-0000-0000000000",
                "stock": "NVDA",
                "time": "2024-07-31T07:01:37.577444-04:00",
                "price": 117.7549,
                "share": 57.14,
                "remain_portion": -1
            }
        ],
        "META": [
            {
                "uuid": "00000000-0000-0000-0000-0000000000",
                "stock": "META",
                "time": "2024-07-31T07:01:37.577200-04:00",
                "price": 498.0661,
                "share": 10.0,
                "remain_portion": -1
            }
        ],
        "MSFT": [
            {
                "uuid": "00000000-0000-0000-0000-0000000000",
                "stock": "MSFT",
                "time": "2024-07-31T07:01:37.577393-04:00",
                "price": 450.417,
                "share": 17.29,
                "remain_portion": -1
            }
        ],
        "IBM": [],
        "PLTR": [],
        "BA": [],
        "SNOW": [],
        "GOOGL": [
            {
                "uuid": "00000000-0000-0000-0000-0000000000",
                "stock": "GOOGL",
                "time": "2024-07-31T07:01:37.577474-04:00",
                "price": 178.1352,
                "share": 36.41,
                "remain_portion": -1
            }
        ],
        "COIN": [],
        "SMCI": [
            {
                "uuid": "00000000-0000-0000-0000-0000000000",
                "stock": "SMCI",
                "time": "2024-07-31T07:01:37.577544-04:00",
                "price": 835.2433,
                "share": 3.0,
                "remain_portion": -1
            }
        ],
        "HOOD": [
            {
                "uuid": "00000000-0000-0000-0000-0000000000",
                "stock": "HOOD",
                "time": "2024-07-31T07:01:37.577503-04:00",
                "price": 22.73,
                "share": 393.27,
                "remain_portion": -1
            }
        ],
        "CRWD": [
            {
                "uuid": "00000000-0000-0000-0000-0000000000",
                "stock": "CRWD",
                "time": "2024-07-31T07:01:37.577689-04:00",
                "price": 342.1445,
                "share": 11.0,
                "remain_portion": -1
            }
        ],
        "LULU": [
            {
                "uuid": "00000000-0000-0000-0000-0000000000",
                "stock": "LULU",
                "time": "2024-07-31T07:01:37.577575-04:00",
                "price": 280.291,
                "share": 17.83,
                "remain_portion": -1
            }
        ],
        "PANW": [],
        "AMD": [
            {
                "uuid": "00000000-0000-0000-0000-0000000000",
                "stock": "AMD",
                "time": "2024-07-31T07:01:37.577352-04:00",
                "price": 152.9862,
                "share": 38.86,
                "remain_portion": -1
            }
        ],
        "ARM": [],
        "BABA": [
            {
                "uuid": "f0cbb096-561c-4304-a869-220ec78957c1",
                "stock": "BABA",
                "time": "2024-07-31T09:50:24.190586-04:00",
                "price": 78.74,
                "share": 12.7,
                "remain_portion": 2
            },
            {
                "uuid": "0a0d078c-93cd-4f33-9405-746caacfa396",
                "stock": "BABA",
                "time": "2024-07-31T10:06:33.182366-04:00",
                "price": 78.45,
                "share": 12.75,
                "remain_portion": 1
            }
        ],
        "CELH": [
            {
                "uuid": "00000000-0000-0000-0000-0000000000",
                "stock": "CELH",
                "time": "2024-07-31T07:01:37.577650-04:00",
                "price": 52.0913,
                "share": 301.82,
                "remain_portion": -1
            }
        ],
        "QCOM": [
            {
                "uuid": "00000000-0000-0000-0000-0000000000",
                "stock": "QCOM",
                "time": "2024-07-31T07:01:37.577756-04:00",
                "price": 184.652,
                "share": 26.07,
                "remain_portion": -1
            }
        ],
        "AAPL": [
            {
                "uuid": "19f00755-25dc-49b0-9d69-2a4b684571d1",
                "stock": "AAPL",
                "time": "2024-07-31T10:45:58.340640-04:00",
                "price": 223.6602,
                "share": 10.52,
                "remain_portion": -1
            }
        ],
        "DELL": [
            {
                "uuid": "00000000-0000-0000-0000-0000000000",
                "stock": "DELL",
                "time": "2024-07-31T07:01:37.577786-04:00",
                "price": 126.8585,
                "share": 113.51,
                "remain_portion": -1
            }
        ],
        "SHOP": [
            {
                "uuid": "00000000-0000-0000-0000-0000000000",
                "stock": "SHOP",
                "time": "2024-07-31T07:01:37.577722-04:00",
                "price": 64.7146,
                "share": 92.14,
                "remain_portion": -1
            }
        ],
        "CEG": [
            {
                "uuid": "00000000-0000-0000-0000-0000000000",
                "stock": "CEG",
                "time": "2024-07-31T07:01:37.577833-04:00",
                "price": 193.3875,
                "share": 53.45,
                "remain_portion": -1
            }
        ],
        "MU": [
            {
                "uuid": "00000000-0000-0000-0000-0000000000",
                "stock": "MU",
                "time": "2024-07-31T07:01:37.577814-04:00",
                "price": 125.4544,
                "share": 86.76,
                "remain_portion": -1
            }
        ],
        "HIMS": []
    },
    "active_pnl": {
        "TSLA": 0,
        "NVDA": -104.27,
        "META": -233.26,
        "MSFT": -549.94,
        "IBM": 0,
        "PLTR": 0,
        "BA": 0,
        "SNOW": 0,
        "GOOGL": -230.66,
        "COIN": 0,
        "SMCI": -403.06,
        "HOOD": -715.75,
        "CRWD": -1174.08,
        "LULU": -376.41,
        "PANW": 0,
        "AMD": -276.92,
        "ARM": 0,
        "BABA": 3.82,
        "CELH": -1352.55,
        "QCOM": -242.5,
        "AAPL": -4.47,
        "DELL": -1419.84,
        "SHOP": -368.06,
        "CEG": -405.55,
        "MU": -1312.63,
        "HIMS": 0
    },
    "active_pnl_percentage": {
        "TSLA": 0,
        "NVDA": -1.55,
        "META": -4.7,
        "MSFT": -7.08,
        "IBM": 0,
        "PLTR": 0,
        "BA": 0,
        "SNOW": 0,
        "GOOGL": -3.57,
        "COIN": 0,
        "SMCI": -16.11,
        "HOOD": -8.07,
        "CRWD": -31.19,
        "LULU": -7.53,
        "PANW": 0,
        "AMD": -4.66,
        "ARM": 0,
        "BABA": 0.19,
        "CELH": -8.6,
        "QCOM": -5.03,
        "AAPL": -0.18,
        "DELL": -9.89,
        "SHOP": -6.19,
        "CEG": -3.87,
        "MU": -12.06,
        "HIMS": 0
    }
}