{
    "time": "2024-08-14T09:31:10.638993-04:00",
    "daily_start_net_value": 112486.8987,
    "current_net_value": 113455.834,
    "daily_pnl": 968.9352999999974,
    "daily_pnl_percentage": 0.86,
    "remain_portion": 3,
    "positions": {
        "TSLA": 18.25,
        "NVDA": 0.57,
        "META": 0,
        "MSFT": 19.29,
        "IBM": 15.27,
        "PLTR": 0,
        "BA": 27.28,
        "SNOW": 14.0,
        "GOOGL": 59.41,
        "COIN": 0,
        "SMCI": 6.0,
        "HOOD": 497.85,
        "CRWD": 15.49,
        "LULU": 17.83,
        "PANW": 0.0,
        "AMD": 60.44,
        "ARM": 0,
        "BABA": 0,
        "CELH": 301.82,
        "QCOM": 31.25,
        "AAPL": 0,
        "DELL": 113.51,
        "SHOP": 0,
        "CEG": 34.87,
        "MU": 96.73,
        "HIMS": 184.24
    },
    "cash_position": 3798.67,
    "active_orders": {
        "TSLA": [
            {
                "uuid": "00000000-0000-0000-0000-0000000000",
                "stock": "TSLA",
                "time": "2024-08-14T07:01:12.395767-04:00",
                "price": 211.0569,
                "share": 18.25,
                "remain_portion": -1
            }
        ],
        "NVDA": [
            {
                "uuid": "00000000-0000-0000-0000-0000000000",
                "stock": "NVDA",
                "time": "2024-08-14T07:01:12.395805-04:00",
                "price": 117.7549,
                "share": 0.57,
                "remain_portion": -1
            }
        ],
        "META": [],
        "MSFT": [
            {
                "uuid": "00000000-0000-0000-0000-0000000000",
                "stock": "MSFT",
                "time": "2024-08-14T07:01:12.395733-04:00",
                "price": 446.5873,
                "share": 19.29,
                "remain_portion": -1
            }
        ],
        "IBM": [
            {
                "uuid": "00000000-0000-0000-0000-0000000000",
                "stock": "IBM",
                "time": "2024-08-14T07:01:12.395897-04:00",
                "price": 190.7983,
                "share": 15.27,
                "remain_portion": -1
            }
        ],
        "PLTR": [],
        "BA": [
            {
                "uuid": "00000000-0000-0000-0000-0000000000",
                "stock": "BA",
                "time": "2024-08-14T07:01:12.395869-04:00",
                "price": 172.4164,
                "share": 27.28,
                "remain_portion": -1
            }
        ],
        "SNOW": [
            {
                "uuid": "00000000-0000-0000-0000-0000000000",
                "stock": "SNOW",
                "time": "2024-08-14T07:01:12.396030-04:00",
                "price": 129.91,
                "share": 14.0,
                "remain_portion": -1
            }
        ],
        "GOOGL": [
            {
                "uuid": "00000000-0000-0000-0000-0000000000",
                "stock": "GOOGL",
                "time": "2024-08-14T07:01:12.395843-04:00",
                "price": 171.7854,
                "share": 59.41,
                "remain_portion": -1
            }
        ],
        "COIN": [],
        "SMCI": [
            {
                "uuid": "00000000-0000-0000-0000-0000000000",
                "stock": "SMCI",
                "time": "2024-08-14T07:01:12.395953-04:00",
                "price": 684.4683,
                "share": 6.0,
                "remain_portion": -1
            }
        ],
        "HOOD": [
            {
                "uuid": "00000000-0000-0000-0000-0000000000",
                "stock": "HOOD",
                "time": "2024-08-14T07:01:12.395928-04:00",
                "price": 21.971,
                "share": 497.85,
                "remain_portion": -1
            }
        ],
        "CRWD": [
            {
                "uuid": "00000000-0000-0000-0000-0000000000",
                "stock": "CRWD",
                "time": "2024-08-14T07:01:12.396108-04:00",
                "price": 307.4512,
                "share": 15.49,
                "remain_portion": -1
            }
        ],
        "LULU": [
            {
                "uuid": "00000000-0000-0000-0000-0000000000",
                "stock": "LULU",
                "time": "2024-08-14T07:01:12.395985-04:00",
                "price": 280.291,
                "share": 17.83,
                "remain_portion": -1
            }
        ],
        "PANW": [
            {
                "uuid": "670b1d16-a82a-4fd2-abcd-f57e33888fc7",
                "stock": "PANW",
                "time": "2024-08-14T09:01:02.861403-04:00",
                "price": 332.05,
                "share": 0.0,
                "remain_portion": 3
            }
        ],
        "AMD": [
            {
                "uuid": "00000000-0000-0000-0000-0000000000",
                "stock": "AMD",
                "time": "2024-08-14T07:01:12.395599-04:00",
                "price": 147.0538,
                "share": 60.44,
                "remain_portion": -1
            }
        ],
        "ARM": [],
        "BABA": [],
        "CELH": [
            {
                "uuid": "00000000-0000-0000-0000-0000000000",
                "stock": "CELH",
                "time": "2024-08-14T07:01:12.396079-04:00",
                "price": 52.0913,
                "share": 301.82,
                "remain_portion": -1
            }
        ],
        "QCOM": [
            {
                "uuid": "00000000-0000-0000-0000-0000000000",
                "stock": "QCOM",
                "time": "2024-08-14T07:01:12.396200-04:00",
                "price": 171.5521,
                "share": 31.25,
                "remain_portion": -1
            }
        ],
        "AAPL": [],
        "DELL": [
            {
                "uuid": "00000000-0000-0000-0000-0000000000",
                "stock": "DELL",
                "time": "2024-08-14T07:01:12.396231-04:00",
                "price": 126.8585,
                "share": 113.51,
                "remain_portion": -1
            }
        ],
        "SHOP": [],
        "CEG": [
            {
                "uuid": "00000000-0000-0000-0000-0000000000",
                "stock": "CEG",
                "time": "2024-08-14T07:01:12.396363-04:00",
                "price": 191.1878,
                "share": 34.87,
                "remain_portion": -1
            }
        ],
        "MU": [
            {
                "uuid": "00000000-0000-0000-0000-0000000000",
                "stock": "MU",
                "time": "2024-08-14T07:01:12.396271-04:00",
                "price": 122.8553,
                "share": 96.73,
                "remain_portion": -1
            }
        ],
        "HIMS": [
            {
                "uuid": "00000000-0000-0000-0000-0000000000",
                "stock": "HIMS",
                "time": "2024-08-14T07:01:12.396154-04:00",
                "price": 16.133,
                "share": 184.24,
                "remain_portion": -1
            }
        ]
    },
    "active_pnl": {
        "TSLA": -54.33,
        "NVDA": 0.19,
        "META": 0,
        "MSFT": -593.89,
        "IBM": 7.55,
        "PLTR": 0,
        "BA": -121.3,
        "SNOW": -32.97,
        "GOOGL": -523.6,
        "COIN": 0,
        "SMCI": -623.87,
        "HOOD": -1578.68,
        "CRWD": -870.75,
        "LULU": -676.84,
        "PANW": 0.0,
        "AMD": -263.14,
        "ARM": 0,
        "BABA": 0,
        "CELH": -3825.69,
        "QCOM": -26.63,
        "AAPL": 0,
        "DELL": -2886.39,
        "SHOP": 0,
        "CEG": -77.33,
        "MU": -2057.96,
        "HIMS": -28.19
    },
    "active_pnl_percentage": {
        "TSLA": -1.43,
        "NVDA": 0.28,
        "META": 0,
        "MSFT": -6.86,
        "IBM": 0.26,
        "PLTR": 0,
        "BA": -2.52,
        "SNOW": -1.81,
        "GOOGL": -5.11,
        "COIN": 0,
        "SMCI": -15.0,
        "HOOD": -14.36,
        "CRWD": -18.34,
        "LULU": -13.54,
        "PANW": 0,
        "AMD": -2.9,
        "ARM": 0,
        "BABA": 0,
        "CELH": -23.98,
        "QCOM": -0.32,
        "AAPL": 0,
        "DELL": -19.99,
        "SHOP": 0,
        "CEG": -0.92,
        "MU": -17.27,
        "HIMS": -0.95
    }
}