{
    "time": "2024-07-15T07:30:06.923263-04:00",
    "daily_start_net_value": 85763.8902,
    "current_net_value": 85763.8902,
    "daily_pnl": 0.0,
    "daily_pnl_percentage": 0.0,
    "remain_portion": 54,
    "positions": {
        "TSLA": 0,
        "NVDA": 14.13,
        "META": 5.96,
        "MSFT": 6.55,
        "IBM": 0,
        "PLTR": 0,
        "BA": 15.0,
        "SNOW": 14.59,
        "GOOGL": 32.07,
        "COIN": 0,
        "SMCI": 0,
        "HOOD": 44.0,
        "CRWD": 5.29,
        "LULU": 7.39,
        "PANW": 0,
        "AMD": 5.52,
        "ARM": 4.75,
        "BABA": 12.0,
        "CELH": 16.94,
        "QCOM": 0,
        "AAPL": 0,
        "DELL": 21.33,
        "SHOP": 0.46,
        "CEG": 0,
        "MU": 0,
        "HIMS": 0
    },
    "cash_position": 54515.89,
    "active_orders": {
        "TSLA": [],
        "NVDA": [
            {
                "uuid": "00000000-0000-0000-0000-0000000000",
                "stock": "NVDA",
                "time": "2024-07-15T07:05:38.441433-04:00",
                "price": 127.3415,
                "share": 14.13,
                "remain_portion": -1
            }
        ],
        "META": [
            {
                "uuid": "00000000-0000-0000-0000-0000000000",
                "stock": "META",
                "time": "2024-07-15T07:05:38.441219-04:00",
                "price": 509.2937,
                "share": 5.96,
                "remain_portion": -1
            }
        ],
        "MSFT": [
            {
                "uuid": "00000000-0000-0000-0000-0000000000",
                "stock": "MSFT",
                "time": "2024-07-15T07:05:38.441396-04:00",
                "price": 458.3649,
                "share": 6.55,
                "remain_portion": -1
            }
        ],
        "IBM": [],
        "PLTR": [],
        "BA": [
            {
                "uuid": "00000000-0000-0000-0000-0000000000",
                "stock": "BA",
                "time": "2024-07-15T07:05:38.441522-04:00",
                "price": 182.8267,
                "share": 15.0,
                "remain_portion": -1
            }
        ],
        "SNOW": [
            {
                "uuid": "00000000-0000-0000-0000-0000000000",
                "stock": "SNOW",
                "time": "2024-07-15T07:05:38.441668-04:00",
                "price": 137.0089,
                "share": 14.59,
                "remain_portion": -1
            }
        ],
        "GOOGL": [
            {
                "uuid": "00000000-0000-0000-0000-0000000000",
                "stock": "GOOGL",
                "time": "2024-07-15T07:05:38.441480-04:00",
                "price": 187.1272,
                "share": 32.07,
                "remain_portion": -1
            }
        ],
        "COIN": [],
        "SMCI": [],
        "HOOD": [
            {
                "uuid": "00000000-0000-0000-0000-0000000000",
                "stock": "HOOD",
                "time": "2024-07-15T07:05:38.441549-04:00",
                "price": 22.23,
                "share": 44.0,
                "remain_portion": -1
            }
        ],
        "CRWD": [
            {
                "uuid": "00000000-0000-0000-0000-0000000000",
                "stock": "CRWD",
                "time": "2024-07-15T07:05:38.441770-04:00",
                "price": 377.7316,
                "share": 5.29,
                "remain_portion": -1
            }
        ],
        "LULU": [
            {
                "uuid": "00000000-0000-0000-0000-0000000000",
                "stock": "LULU",
                "time": "2024-07-15T07:05:38.441634-04:00",
                "price": 293.2673,
                "share": 7.39,
                "remain_portion": -1
            }
        ],
        "PANW": [],
        "AMD": [
            {
                "uuid": "00000000-0000-0000-0000-0000000000",
                "stock": "AMD",
                "time": "2024-07-15T07:05:38.441354-04:00",
                "price": 180.9656,
                "share": 5.52,
                "remain_portion": -1
            }
        ],
        "ARM": [
            {
                "uuid": "00000000-0000-0000-0000-0000000000",
                "stock": "ARM",
                "time": "2024-07-15T07:05:38.441704-04:00",
                "price": 173.7049,
                "share": 4.75,
                "remain_portion": -1
            }
        ],
        "BABA": [
            {
                "uuid": "00000000-0000-0000-0000-0000000000",
                "stock": "BABA",
                "time": "2024-07-15T07:05:38.441593-04:00",
                "price": 79.6692,
                "share": 12.0,
                "remain_portion": -1
            }
        ],
        "CELH": [
            {
                "uuid": "00000000-0000-0000-0000-0000000000",
                "stock": "CELH",
                "time": "2024-07-15T07:05:38.441745-04:00",
                "price": 59.0047,
                "share": 16.94,
                "remain_portion": -1
            }
        ],
        "QCOM": [],
        "AAPL": [],
        "DELL": [
            {
                "uuid": "00000000-0000-0000-0000-0000000000",
                "stock": "DELL",
                "time": "2024-07-15T07:05:38.441826-04:00",
                "price": 140.6165,
                "share": 21.33,
                "remain_portion": -1
            }
        ],
        "SHOP": [
            {
                "uuid": "00000000-0000-0000-0000-0000000000",
                "stock": "SHOP",
                "time": "2024-07-15T07:05:38.441800-04:00",
                "price": 64.6695,
                "share": 0.46,
                "remain_portion": -1
            }
        ],
        "CEG": [],
        "MU": [],
        "HIMS": []
    },
    "active_pnl": {
        "TSLA": 0,
        "NVDA": 50.99,
        "META": -69.81,
        "MSFT": -32.85,
        "IBM": 0,
        "PLTR": 0,
        "BA": -7.9,
        "SNOW": -9.47,
        "GOOGL": -56.99,
        "COIN": 0,
        "SMCI": 0,
        "HOOD": 27.28,
        "CRWD": -44.87,
        "LULU": -9.37,
        "PANW": 0,
        "AMD": 17.74,
        "ARM": 45.58,
        "BABA": -18.71,
        "CELH": -4.99,
        "QCOM": 0,
        "AAPL": 0,
        "DELL": 13.73,
        "SHOP": 0.1,
        "CEG": 0,
        "MU": 0,
        "HIMS": 0
    },
    "active_pnl_percentage": {
        "TSLA": 0,
        "NVDA": 2.83,
        "META": -2.3,
        "MSFT": -1.09,
        "IBM": 0,
        "PLTR": 0,
        "BA": -0.29,
        "SNOW": -0.47,
        "GOOGL": -0.95,
        "COIN": 0,
        "SMCI": 0,
        "HOOD": 2.79,
        "CRWD": -2.25,
        "LULU": -0.43,
        "PANW": 0,
        "AMD": 1.78,
        "ARM": 5.52,
        "BABA": -1.96,
        "CELH": -0.5,
        "QCOM": 0,
        "AAPL": 0,
        "DELL": 0.46,
        "SHOP": 0.34,
        "CEG": 0,
        "MU": 0,
        "HIMS": 0
    }
}