{
    "time": "2024-08-15T10:31:40.155797-04:00",
    "daily_start_net_value": 112723.8996,
    "current_net_value": 116660.0065,
    "daily_pnl": 3936.106899999999,
    "daily_pnl_percentage": 3.49,
    "remain_portion": 3,
    "positions": {
        "TSLA": 11.58,
        "NVDA": 0,
        "META": 0,
        "MSFT": 19.29,
        "IBM": 0,
        "PLTR": 0,
        "BA": 27.28,
        "SNOW": 14.0,
        "GOOGL": 65.67,
        "COIN": 0,
        "SMCI": 6.0,
        "HOOD": 497.85,
        "CRWD": 15.49,
        "LULU": 17.83,
        "PANW": 0,
        "AMD": 67.63,
        "ARM": 0,
        "BABA": 0,
        "CELH": 301.82,
        "QCOM": 37.24,
        "AAPL": 0,
        "DELL": 113.51,
        "SHOP": 0,
        "CEG": 34.87,
        "MU": 96.73,
        "HIMS": 184.24
    },
    "cash_position": 3735.15,
    "active_orders": {
        "TSLA": [
            {
                "uuid": "ffe562c5-1b61-49bb-b1ba-bb21bd520260",
                "stock": "TSLA",
                "time": "2024-08-15T10:01:27.711852-04:00",
                "price": 209.4844,
                "share": 11.58,
                "remain_portion": -1
            }
        ],
        "NVDA": [],
        "META": [],
        "MSFT": [
            {
                "uuid": "00000000-0000-0000-0000-0000000000",
                "stock": "MSFT",
                "time": "2024-08-15T07:01:49.768093-04:00",
                "price": 446.5873,
                "share": 19.29,
                "remain_portion": -1
            }
        ],
        "IBM": [],
        "PLTR": [],
        "BA": [
            {
                "uuid": "00000000-0000-0000-0000-0000000000",
                "stock": "BA",
                "time": "2024-08-15T07:01:49.768186-04:00",
                "price": 172.4164,
                "share": 27.28,
                "remain_portion": -1
            }
        ],
        "SNOW": [
            {
                "uuid": "00000000-0000-0000-0000-0000000000",
                "stock": "SNOW",
                "time": "2024-08-15T07:01:49.768271-04:00",
                "price": 129.91,
                "share": 14.0,
                "remain_portion": -1
            }
        ],
        "GOOGL": [
            {
                "uuid": "00000000-0000-0000-0000-0000000000",
                "stock": "GOOGL",
                "time": "2024-08-15T07:01:49.768165-04:00",
                "price": 170.6342,
                "share": 65.67,
                "remain_portion": -1
            }
        ],
        "COIN": [],
        "SMCI": [
            {
                "uuid": "00000000-0000-0000-0000-0000000000",
                "stock": "SMCI",
                "time": "2024-08-15T07:01:49.768230-04:00",
                "price": 684.4683,
                "share": 6.0,
                "remain_portion": -1
            }
        ],
        "HOOD": [
            {
                "uuid": "00000000-0000-0000-0000-0000000000",
                "stock": "HOOD",
                "time": "2024-08-15T07:01:49.768208-04:00",
                "price": 21.971,
                "share": 497.85,
                "remain_portion": -1
            }
        ],
        "CRWD": [
            {
                "uuid": "00000000-0000-0000-0000-0000000000",
                "stock": "CRWD",
                "time": "2024-08-15T07:01:49.768312-04:00",
                "price": 307.4512,
                "share": 15.49,
                "remain_portion": -1
            }
        ],
        "LULU": [
            {
                "uuid": "00000000-0000-0000-0000-0000000000",
                "stock": "LULU",
                "time": "2024-08-15T07:01:49.768250-04:00",
                "price": 280.291,
                "share": 17.83,
                "remain_portion": -1
            }
        ],
        "PANW": [],
        "AMD": [
            {
                "uuid": "00000000-0000-0000-0000-0000000000",
                "stock": "AMD",
                "time": "2024-08-15T07:01:49.767984-04:00",
                "price": 146.1976,
                "share": 67.63,
                "remain_portion": -1
            }
        ],
        "ARM": [],
        "BABA": [],
        "CELH": [
            {
                "uuid": "00000000-0000-0000-0000-0000000000",
                "stock": "CELH",
                "time": "2024-08-15T07:01:49.768292-04:00",
                "price": 52.0913,
                "share": 301.82,
                "remain_portion": -1
            }
        ],
        "QCOM": [
            {
                "uuid": "00000000-0000-0000-0000-0000000000",
                "stock": "QCOM",
                "time": "2024-08-15T07:01:49.768353-04:00",
                "price": 170.8102,
                "share": 37.24,
                "remain_portion": -1
            }
        ],
        "AAPL": [],
        "DELL": [
            {
                "uuid": "00000000-0000-0000-0000-0000000000",
                "stock": "DELL",
                "time": "2024-08-15T07:01:49.768373-04:00",
                "price": 126.8585,
                "share": 113.51,
                "remain_portion": -1
            }
        ],
        "SHOP": [],
        "CEG": [
            {
                "uuid": "00000000-0000-0000-0000-0000000000",
                "stock": "CEG",
                "time": "2024-08-15T07:01:49.768413-04:00",
                "price": 191.1878,
                "share": 34.87,
                "remain_portion": -1
            }
        ],
        "MU": [
            {
                "uuid": "00000000-0000-0000-0000-0000000000",
                "stock": "MU",
                "time": "2024-08-15T07:01:49.768392-04:00",
                "price": 122.8553,
                "share": 96.73,
                "remain_portion": -1
            }
        ],
        "HIMS": [
            {
                "uuid": "00000000-0000-0000-0000-0000000000",
                "stock": "HIMS",
                "time": "2024-08-15T07:01:49.768333-04:00",
                "price": 16.133,
                "share": 184.24,
                "remain_portion": -1
            }
        ]
    },
    "active_pnl": {
        "TSLA": 60.45,
        "NVDA": 0,
        "META": 0,
        "MSFT": -514.8,
        "IBM": 0,
        "PLTR": 0,
        "BA": -8.63,
        "SNOW": -28.0,
        "GOOGL": -676.68,
        "COIN": 0,
        "SMCI": -474.41,
        "HOOD": -1068.39,
        "CRWD": -694.75,
        "LULU": -467.52,
        "PANW": 0,
        "AMD": -82.34,
        "ARM": 0,
        "BABA": 0,
        "CELH": -3332.49,
        "QCOM": 53.62,
        "AAPL": 0,
        "DELL": -2023.78,
        "SHOP": 0,
        "CEG": -34.1,
        "MU": -1745.53,
        "HIMS": -30.95
    },
    "active_pnl_percentage": {
        "TSLA": 2.51,
        "NVDA": 0,
        "META": 0,
        "MSFT": -5.98,
        "IBM": 0,
        "PLTR": 0,
        "BA": -0.24,
        "SNOW": -1.54,
        "GOOGL": -6.08,
        "COIN": 0,
        "SMCI": -11.53,
        "HOOD": -9.77,
        "CRWD": -14.59,
        "LULU": -9.36,
        "PANW": 0,
        "AMD": -0.83,
        "ARM": 0,
        "BABA": 0,
        "CELH": -21.2,
        "QCOM": 0.84,
        "AAPL": 0,
        "DELL": -14.07,
        "SHOP": 0,
        "CEG": -0.49,
        "MU": -14.62,
        "HIMS": -1.04
    }
}