{
    "time": "2024-07-18T12:33:38.728688-04:00",
    "daily_start_net_value": 87579.4237,
    "current_net_value": 86282.4725,
    "daily_pnl": -1296.9511999999959,
    "daily_pnl_percentage": -1.48,
    "remain_portion": 0,
    "positions": {
        "TSLA": 0,
        "NVDA": 22.13,
        "META": 5.96,
        "MSFT": 15.29,
        "IBM": 0,
        "PLTR": 0,
        "BA": 0,
        "SNOW": 0,
        "GOOGL": 40.5,
        "COIN": 0,
        "SMCI": 2.0,
        "HOOD": 83.28,
        "CRWD": 8.0,
        "LULU": 0,
        "PANW": 7.0,
        "AMD": 17.75,
        "ARM": 0,
        "BABA": 33.94,
        "CELH": 215.98,
        "QCOM": 4.82,
        "AAPL": 12.39,
        "DELL": 77.91,
        "SHOP": 59.45,
        "CEG": 36.0,
        "MU": 77.76,
        "HIMS": 44.0
    },
    "cash_position": 350.84,
    "active_orders": {
        "TSLA": [],
        "NVDA": [
            {
                "uuid": "00000000-0000-0000-0000-0000000000",
                "stock": "NVDA",
                "time": "2024-07-18T07:01:39.867583-04:00",
                "price": 125.1503,
                "share": 22.13,
                "remain_portion": -1
            }
        ],
        "META": [
            {
                "uuid": "00000000-0000-0000-0000-0000000000",
                "stock": "META",
                "time": "2024-07-18T07:01:39.867375-04:00",
                "price": 509.2937,
                "share": 5.96,
                "remain_portion": -1
            }
        ],
        "MSFT": [
            {
                "uuid": "00000000-0000-0000-0000-0000000000",
                "stock": "MSFT",
                "time": "2024-07-18T07:01:39.867529-04:00",
                "price": 453.8241,
                "share": 13.02,
                "remain_portion": -1
            },
            {
                "uuid": "2dd100a3-378f-45ce-9048-4775f40a3bea",
                "stock": "MSFT",
                "time": "2024-07-18T09:55:32.244241-04:00",
                "price": 440.25,
                "share": 2.2699999999999996,
                "remain_portion": 0
            }
        ],
        "IBM": [],
        "PLTR": [],
        "BA": [],
        "SNOW": [],
        "GOOGL": [
            {
                "uuid": "00000000-0000-0000-0000-0000000000",
                "stock": "GOOGL",
                "time": "2024-07-18T07:01:39.867616-04:00",
                "price": 184.4393,
                "share": 40.5,
                "remain_portion": -1
            }
        ],
        "COIN": [],
        "SMCI": [
            {
                "uuid": "00000000-0000-0000-0000-0000000000",
                "stock": "SMCI",
                "time": "2024-07-18T07:01:39.867716-04:00",
                "price": 869.365,
                "share": 2.0,
                "remain_portion": -1
            }
        ],
        "HOOD": [
            {
                "uuid": "00000000-0000-0000-0000-0000000000",
                "stock": "HOOD",
                "time": "2024-07-18T07:01:39.867644-04:00",
                "price": 23.8369,
                "share": 83.28,
                "remain_portion": -1
            }
        ],
        "CRWD": [
            {
                "uuid": "00000000-0000-0000-0000-0000000000",
                "stock": "CRWD",
                "time": "2024-07-18T07:01:39.867855-04:00",
                "price": 361.5375,
                "share": 8.0,
                "remain_portion": -1
            }
        ],
        "LULU": [],
        "PANW": [
            {
                "uuid": "00000000-0000-0000-0000-0000000000",
                "stock": "PANW",
                "time": "2024-07-18T07:01:39.867790-04:00",
                "price": 334.61,
                "share": 7.0,
                "remain_portion": -1
            },
            {
                "uuid": "247eb026-4179-49c0-9955-c95941b8e6fb",
                "stock": "PANW",
                "time": "2024-07-18T08:00:54.115547-04:00",
                "price": 329.3,
                "share": 0.0,
                "remain_portion": 4
            }
        ],
        "AMD": [
            {
                "uuid": "00000000-0000-0000-0000-0000000000",
                "stock": "AMD",
                "time": "2024-07-18T07:01:39.867498-04:00",
                "price": 165.9466,
                "share": 17.75,
                "remain_portion": -1
            }
        ],
        "ARM": [],
        "BABA": [
            {
                "uuid": "db2825a5-e995-4451-8db1-7d70eccd35c1",
                "stock": "BABA",
                "time": "2024-07-18T10:00:41.043635-04:00",
                "price": 77.8315,
                "share": 33.94,
                "remain_portion": -1
            }
        ],
        "CELH": [
            {
                "uuid": "00000000-0000-0000-0000-0000000000",
                "stock": "CELH",
                "time": "2024-07-18T07:01:39.867827-04:00",
                "price": 54.6668,
                "share": 196.98,
                "remain_portion": -1
            },
            {
                "uuid": "f228bdeb-24ed-41d5-a8ab-ea1a6592f6c2",
                "stock": "CELH",
                "time": "2024-07-18T09:26:07.702643-04:00",
                "price": 50.9,
                "share": 19.0,
                "remain_portion": 1
            }
        ],
        "QCOM": [
            {
                "uuid": "00000000-0000-0000-0000-0000000000",
                "stock": "QCOM",
                "time": "2024-07-18T07:01:39.867967-04:00",
                "price": 201.3545,
                "share": 4.82,
                "remain_portion": -1
            }
        ],
        "AAPL": [
            {
                "uuid": "00000000-0000-0000-0000-0000000000",
                "stock": "AAPL",
                "time": "2024-07-18T07:01:39.867557-04:00",
                "price": 229.0549,
                "share": 12.39,
                "remain_portion": -1
            }
        ],
        "DELL": [
            {
                "uuid": "00000000-0000-0000-0000-0000000000",
                "stock": "DELL",
                "time": "2024-07-18T07:01:39.868011-04:00",
                "price": 133.4984,
                "share": 77.91,
                "remain_portion": -1
            }
        ],
        "SHOP": [
            {
                "uuid": "00000000-0000-0000-0000-0000000000",
                "stock": "SHOP",
                "time": "2024-07-18T07:01:39.867909-04:00",
                "price": 66.6823,
                "share": 59.45,
                "remain_portion": -1
            }
        ],
        "CEG": [
            {
                "uuid": "00000000-0000-0000-0000-0000000000",
                "stock": "CEG",
                "time": "2024-07-18T07:01:39.868080-04:00",
                "price": 203.8425,
                "share": 36.0,
                "remain_portion": -1
            }
        ],
        "MU": [
            {
                "uuid": "00000000-0000-0000-0000-0000000000",
                "stock": "MU",
                "time": "2024-07-18T07:01:39.868051-04:00",
                "price": 127.7454,
                "share": 77.76,
                "remain_portion": -1
            }
        ],
        "HIMS": [
            {
                "uuid": "00000000-0000-0000-0000-0000000000",
                "stock": "HIMS",
                "time": "2024-07-18T07:01:39.867883-04:00",
                "price": 22.67,
                "share": 44.0,
                "remain_portion": -1
            }
        ]
    },
    "active_pnl": {
        "TSLA": 0,
        "NVDA": -128.58,
        "META": -234.19,
        "MSFT": -237.13,
        "IBM": 0,
        "PLTR": 0,
        "BA": 0,
        "SNOW": 0,
        "GOOGL": -298.46,
        "COIN": 0,
        "SMCI": -156.46,
        "HOOD": -39.3,
        "CRWD": -175.87,
        "LULU": 0,
        "PANW": -66.85,
        "AMD": -201.4,
        "ARM": 0,
        "BABA": -37.26,
        "CELH": -711.75,
        "QCOM": -59.79,
        "AAPL": -68.39,
        "DELL": -794.56,
        "SHOP": -185.54,
        "CEG": -859.77,
        "MU": -900.1,
        "HIMS": -70.05
    },
    "active_pnl_percentage": {
        "TSLA": 0,
        "NVDA": -4.63,
        "META": -7.71,
        "MSFT": -3.47,
        "IBM": 0,
        "PLTR": 0,
        "BA": 0,
        "SNOW": 0,
        "GOOGL": -4.0,
        "COIN": 0,
        "SMCI": -8.92,
        "HOOD": -1.98,
        "CRWD": -6.04,
        "LULU": 0,
        "PANW": -2.85,
        "AMD": -6.74,
        "ARM": 0,
        "BABA": -1.4,
        "CELH": -6.06,
        "QCOM": -6.12,
        "AAPL": -2.39,
        "DELL": -7.6,
        "SHOP": -4.65,
        "CEG": -11.7,
        "MU": -9.01,
        "HIMS": -6.97
    }
}