{
    "time": "2024-07-08T08:30:47.953393-04:00",
    "daily_start_net_value": 84146.741,
    "current_net_value": 84146.741,
    "daily_pnl": 0.0,
    "daily_pnl_percentage": 0.0,
    "remain_portion": 56,
    "positions": {
        "TSLA": 0,
        "NVDA": 0,
        "META": 4.0,
        "MSFT": 0,
        "IBM": 0,
        "PLTR": 0,
        "BA": 0,
        "SNOW": 0,
        "GOOGL": 3.0,
        "COIN": 0,
        "SMCI": 0,
        "HOOD": 26.0,
        "CRWD": 0,
        "LULU": 5.0,
        "PANW": 0,
        "AMD": 0,
        "ARM": 0,
        "BABA": 78.25,
        "CELH": 17.0,
        "QCOM": 40.26,
        "AAPL": 0,
        "DELL": 24.0,
        "SHOP": 0,
        "CEG": 0,
        "MU": 21.72,
        "HIMS": 0.0
    },
    "cash_position": 56138.94,
    "active_orders": {
        "TSLA": [],
        "NVDA": [],
        "META": [
            {
                "uuid": "00000000-0000-0000-0000-0000000000",
                "stock": "META",
                "time": "2024-07-08T07:27:03.689540-04:00",
                "price": 508.9325,
                "share": 4.0,
                "remain_portion": -1
            }
        ],
        "MSFT": [],
        "IBM": [],
        "PLTR": [],
        "BA": [],
        "SNOW": [],
        "GOOGL": [
            {
                "uuid": "00000000-0000-0000-0000-0000000000",
                "stock": "GOOGL",
                "time": "2024-07-08T07:27:03.689684-04:00",
                "price": 182.34,
                "share": 3.0,
                "remain_portion": -1
            },
            {
                "uuid": "bb73a409-ccea-4717-bc00-7486c1bdbe56",
                "stock": "GOOGL",
                "time": "2024-07-08T08:06:44.743122-04:00",
                "price": 188.95000000000002,
                "share": 0.0,
                "remain_portion": 58
            }
        ],
        "COIN": [],
        "SMCI": [],
        "HOOD": [
            {
                "uuid": "00000000-0000-0000-0000-0000000000",
                "stock": "HOOD",
                "time": "2024-07-08T07:27:03.689723-04:00",
                "price": 22.68,
                "share": 26.0,
                "remain_portion": -1
            }
        ],
        "CRWD": [],
        "LULU": [
            {
                "uuid": "00000000-0000-0000-0000-0000000000",
                "stock": "LULU",
                "time": "2024-07-08T07:27:03.689807-04:00",
                "price": 303.486,
                "share": 5.0,
                "remain_portion": -1
            }
        ],
        "PANW": [],
        "AMD": [],
        "ARM": [],
        "BABA": [
            {
                "uuid": "00000000-0000-0000-0000-0000000000",
                "stock": "BABA",
                "time": "2024-07-08T07:27:03.689761-04:00",
                "price": 72.688,
                "share": 65.25,
                "remain_portion": -1
            },
            {
                "uuid": "b20bbc04-16d8-4383-a141-e1877a9ef7f9",
                "stock": "BABA",
                "time": "2024-07-08T07:56:29.968187-04:00",
                "price": 73.7,
                "share": 13.0,
                "remain_portion": 59
            }
        ],
        "CELH": [
            {
                "uuid": "1916c7b8-d51d-4ebd-9736-6e4f87c5ea6d",
                "stock": "CELH",
                "time": "2024-07-08T08:06:47.638096-04:00",
                "price": 56.559999999999995,
                "share": 17.0,
                "remain_portion": 57
            }
        ],
        "QCOM": [
            {
                "uuid": "00000000-0000-0000-0000-0000000000",
                "stock": "QCOM",
                "time": "2024-07-08T07:27:03.689844-04:00",
                "price": 204.2656,
                "share": 40.26,
                "remain_portion": -1
            }
        ],
        "AAPL": [],
        "DELL": [
            {
                "uuid": "00000000-0000-0000-0000-0000000000",
                "stock": "DELL",
                "time": "2024-07-08T07:27:03.689883-04:00",
                "price": 141.9708,
                "share": 24.0,
                "remain_portion": -1
            }
        ],
        "SHOP": [],
        "CEG": [],
        "MU": [
            {
                "uuid": "00000000-0000-0000-0000-0000000000",
                "stock": "MU",
                "time": "2024-07-08T07:27:03.689927-04:00",
                "price": 140.8356,
                "share": 21.72,
                "remain_portion": -1
            }
        ],
        "HIMS": [
            {
                "uuid": "13124ad7-c561-4098-b79d-c2cb5cc53489",
                "stock": "HIMS",
                "time": "2024-07-08T08:30:47.377351-04:00",
                "price": 20.74072,
                "share": 0.0,
                "remain_portion": 56
            }
        ]
    },
    "active_pnl": {
        "TSLA": 0,
        "NVDA": 0,
        "META": 133.23,
        "MSFT": 0,
        "IBM": 0,
        "PLTR": 0,
        "BA": 0,
        "SNOW": 0,
        "GOOGL": 20.97,
        "COIN": 0,
        "SMCI": 0,
        "HOOD": 3.9,
        "CRWD": 0,
        "LULU": -18.43,
        "PANW": 0,
        "AMD": 0,
        "ARM": 0,
        "BABA": 63.69,
        "CELH": -11.22,
        "QCOM": 69.83,
        "AAPL": 0,
        "DELL": -61.7,
        "SHOP": 0,
        "CEG": 0,
        "MU": -196.25,
        "HIMS": 0.0
    },
    "active_pnl_percentage": {
        "TSLA": 0,
        "NVDA": 0,
        "META": 6.54,
        "MSFT": 0,
        "IBM": 0,
        "PLTR": 0,
        "BA": 0,
        "SNOW": 0,
        "GOOGL": 3.82,
        "COIN": 0,
        "SMCI": 0,
        "HOOD": 0.66,
        "CRWD": 0,
        "LULU": -1.21,
        "PANW": 0,
        "AMD": 0,
        "ARM": 0,
        "BABA": 1.12,
        "CELH": -1.17,
        "QCOM": 0.85,
        "AAPL": 0,
        "DELL": -1.81,
        "SHOP": 0,
        "CEG": 0,
        "MU": -6.41,
        "HIMS": 0
    }
}