{
    "time": "2024-07-15T16:35:44.330237-04:00",
    "daily_start_net_value": 85763.8902,
    "current_net_value": 85211.502,
    "daily_pnl": -552.3882000000012,
    "daily_pnl_percentage": -0.64,
    "remain_portion": 25,
    "positions": {
        "TSLA": 0,
        "NVDA": 14.13,
        "META": 5.96,
        "MSFT": 6.55,
        "IBM": 5.47,
        "PLTR": 0,
        "BA": 26.21,
        "SNOW": 14.59,
        "GOOGL": 18.53,
        "COIN": 0,
        "SMCI": 0,
        "HOOD": 0,
        "CRWD": 0,
        "LULU": 20.44,
        "PANW": 0,
        "AMD": 0.52,
        "ARM": 6.37,
        "BABA": 36.0,
        "CELH": 84.94,
        "QCOM": 0.0,
        "AAPL": 0,
        "DELL": 14.91,
        "SHOP": 0.46,
        "CEG": 0.0,
        "MU": 45.45,
        "HIMS": 0
    },
    "cash_position": 25460.18,
    "active_orders": {
        "TSLA": [],
        "NVDA": [
            {
                "uuid": "00000000-0000-0000-0000-0000000000",
                "stock": "NVDA",
                "time": "2024-07-15T07:05:38.441433-04:00",
                "price": 127.3415,
                "share": 14.13,
                "remain_portion": -1
            }
        ],
        "META": [
            {
                "uuid": "00000000-0000-0000-0000-0000000000",
                "stock": "META",
                "time": "2024-07-15T07:05:38.441219-04:00",
                "price": 509.2937,
                "share": 5.96,
                "remain_portion": -1
            }
        ],
        "MSFT": [
            {
                "uuid": "00000000-0000-0000-0000-0000000000",
                "stock": "MSFT",
                "time": "2024-07-15T07:05:38.441396-04:00",
                "price": 458.3649,
                "share": 6.55,
                "remain_portion": -1
            },
            {
                "uuid": "391bb20c-66fa-4e4b-a343-7b9e2d0395dd",
                "stock": "MSFT",
                "time": "2024-07-15T09:21:54.907430-04:00",
                "price": 452.55060000000003,
                "share": 0.0,
                "remain_portion": 41
            }
        ],
        "IBM": [
            {
                "uuid": "1c0867a1-0878-4f70-8622-dc854f80287e",
                "stock": "IBM",
                "time": "2024-07-15T15:56:28.695429-04:00",
                "price": 182.87,
                "share": 5.47,
                "remain_portion": 26
            }
        ],
        "PLTR": [],
        "BA": [
            {
                "uuid": "b0c4e318-5968-4393-8a77-5ea0c9056896",
                "stock": "BA",
                "time": "2024-07-15T09:41:14.700685-04:00",
                "price": 182.6675,
                "share": 9.0,
                "remain_portion": -1
            },
            {
                "uuid": "c43c79da-e7e8-4c11-a721-449e108d3b9f",
                "stock": "BA",
                "time": "2024-07-15T10:00:27.715154-04:00",
                "price": 180.88,
                "share": 5.529999999999999,
                "remain_portion": 40
            },
            {
                "uuid": "0cb4b8e8-0c5f-4e75-9d00-a639cf0843f5",
                "stock": "BA",
                "time": "2024-07-15T10:25:58.079946-04:00",
                "price": 180.49,
                "share": 5.540000000000001,
                "remain_portion": 38
            },
            {
                "uuid": "87493dd6-0ac2-4dbd-b13e-047cca70f45f",
                "stock": "BA",
                "time": "2024-07-15T10:41:15.742736-04:00",
                "price": 179.59,
                "share": 5.57,
                "remain_portion": 37
            },
            {
                "uuid": "a49a170c-812e-4c19-9f74-36f59ce38814",
                "stock": "BA",
                "time": "2024-07-15T14:20:31.006636-04:00",
                "price": 179.52,
                "share": 0.5700000000000003,
                "remain_portion": 29
            }
        ],
        "SNOW": [
            {
                "uuid": "00000000-0000-0000-0000-0000000000",
                "stock": "SNOW",
                "time": "2024-07-15T07:05:38.441668-04:00",
                "price": 137.0089,
                "share": 14.59,
                "remain_portion": -1
            },
            {
                "uuid": "a0259e5b-8aa3-4c52-b004-e87366c1f444",
                "stock": "SNOW",
                "time": "2024-07-15T09:16:32.890842-04:00",
                "price": 135.8,
                "share": 0.0,
                "remain_portion": 42
            }
        ],
        "GOOGL": [
            {
                "uuid": "5efa63dc-44e4-4f0e-acac-043d15a2968e",
                "stock": "GOOGL",
                "time": "2024-07-15T10:00:31.345357-04:00",
                "price": 186.7985,
                "share": 18.53,
                "remain_portion": -1
            }
        ],
        "COIN": [],
        "SMCI": [],
        "HOOD": [],
        "CRWD": [],
        "LULU": [
            {
                "uuid": "00000000-0000-0000-0000-0000000000",
                "stock": "LULU",
                "time": "2024-07-15T07:05:38.441634-04:00",
                "price": 293.2673,
                "share": 7.39,
                "remain_portion": -1
            },
            {
                "uuid": "5057ff9d-02d3-474a-ba7f-ffab412a333b",
                "stock": "LULU",
                "time": "2024-07-15T08:45:32.385010-04:00",
                "price": 290.149,
                "share": 0.0,
                "remain_portion": 49
            },
            {
                "uuid": "a38bc93c-f2a0-4a97-98e9-b5aa53ef54d2",
                "stock": "LULU",
                "time": "2024-07-15T09:00:48.492857-04:00",
                "price": 290.6,
                "share": 6.000000000000001,
                "remain_portion": 45
            },
            {
                "uuid": "a8b27f90-91c2-4ebc-bc3d-e6f307f82082",
                "stock": "LULU",
                "time": "2024-07-15T13:25:50.453049-04:00",
                "price": 284.04,
                "share": 6.52,
                "remain_portion": 33
            },
            {
                "uuid": "86ba6ec8-6ff5-4a20-adc9-a6cc02303a6a",
                "stock": "LULU",
                "time": "2024-07-15T13:41:06.630884-04:00",
                "price": 283.33,
                "share": 7.050000000000001,
                "remain_portion": 32
            },
            {
                "uuid": "9f544d0f-db05-43b3-895e-fc943e744e2b",
                "stock": "LULU",
                "time": "2024-07-15T14:00:20.179335-04:00",
                "price": 282.82,
                "share": 3.0,
                "remain_portion": 29
            }
        ],
        "PANW": [],
        "AMD": [
            {
                "uuid": "e1d6fc4c-4353-43df-8d72-225a77fa2980",
                "stock": "AMD",
                "time": "2024-07-15T07:40:25.148087-04:00",
                "price": 180.9656,
                "share": 0.52,
                "remain_portion": -1
            }
        ],
        "ARM": [
            {
                "uuid": "ade5f37e-f830-48aa-aca8-c0666ef4f434",
                "stock": "ARM",
                "time": "2024-07-15T07:40:28.883396-04:00",
                "price": 173.7049,
                "share": 0.75,
                "remain_portion": -1
            },
            {
                "uuid": "d2038313-56d9-4769-b2ae-98f6aaab721c",
                "stock": "ARM",
                "time": "2024-07-15T14:20:34.148405-04:00",
                "price": 178.03,
                "share": 5.62,
                "remain_portion": 28
            }
        ],
        "BABA": [
            {
                "uuid": "00000000-0000-0000-0000-0000000000",
                "stock": "BABA",
                "time": "2024-07-15T07:05:38.441593-04:00",
                "price": 79.6692,
                "share": 12.0,
                "remain_portion": -1
            },
            {
                "uuid": "d691bacc-b5ce-4d2a-aa32-d54bdf0fcf29",
                "stock": "BABA",
                "time": "2024-07-15T08:40:17.134892-04:00",
                "price": 78.14999999999999,
                "share": 12.0,
                "remain_portion": 49
            },
            {
                "uuid": "087d08ab-c3d6-49b9-a641-29c8926add07",
                "stock": "BABA",
                "time": "2024-07-15T16:01:33.678057-04:00",
                "price": 78.06,
                "share": 12.0,
                "remain_portion": 25
            }
        ],
        "CELH": [
            {
                "uuid": "00000000-0000-0000-0000-0000000000",
                "stock": "CELH",
                "time": "2024-07-15T07:05:38.441745-04:00",
                "price": 59.0047,
                "share": 16.94,
                "remain_portion": -1
            },
            {
                "uuid": "6f1d364e-b9e4-4271-9c2d-f792b03afff9",
                "stock": "CELH",
                "time": "2024-07-15T07:50:37.869239-04:00",
                "price": 58.04,
                "share": 16.999999999999996,
                "remain_portion": 53
            },
            {
                "uuid": "4e7cb640-a4bc-4f81-b7c3-ec870ee146bd",
                "stock": "CELH",
                "time": "2024-07-15T08:05:58.708732-04:00",
                "price": 58.05,
                "share": 17.0,
                "remain_portion": 51
            },
            {
                "uuid": "81ad7b0c-8029-4fb8-8c51-64062502dcbe",
                "stock": "CELH",
                "time": "2024-07-15T08:45:34.880743-04:00",
                "price": 57.029999999999994,
                "share": 17.0,
                "remain_portion": 48
            },
            {
                "uuid": "82c2d548-21bb-4aff-94a5-a9f8a3efe584",
                "stock": "CELH",
                "time": "2024-07-15T09:01:00.964622-04:00",
                "price": 57.05,
                "share": 0.0,
                "remain_portion": 44
            },
            {
                "uuid": "86b4594d-8cbb-4b3b-8f55-09ce86aa01f7",
                "stock": "CELH",
                "time": "2024-07-15T10:10:40.117130-04:00",
                "price": 52.53,
                "share": 17.040000000000006,
                "remain_portion": 39
            }
        ],
        "QCOM": [
            {
                "uuid": "cb40da94-af9f-43d9-97a9-2d5796df04b0",
                "stock": "QCOM",
                "time": "2024-07-15T09:11:17.645065-04:00",
                "price": 202.2845,
                "share": 0.0,
                "remain_portion": 43
            }
        ],
        "AAPL": [],
        "DELL": [
            {
                "uuid": "944c13b6-ed6a-4969-9a53-d1e4d712bce2",
                "stock": "DELL",
                "time": "2024-07-15T07:40:32.775785-04:00",
                "price": 140.6165,
                "share": 7.33,
                "remain_portion": -1
            },
            {
                "uuid": "bbd65ae9-20a9-4e52-833f-8a2dba8a9588",
                "stock": "DELL",
                "time": "2024-07-15T13:46:11.859198-04:00",
                "price": 137.38,
                "share": 7.279999999999999,
                "remain_portion": 31
            },
            {
                "uuid": "5e7f4f41-a958-4f89-a9e2-a77d8ed6e11d",
                "stock": "DELL",
                "time": "2024-07-15T14:30:39.504344-04:00",
                "price": 137.07,
                "share": 7.300000000000001,
                "remain_portion": 27
            }
        ],
        "SHOP": [
            {
                "uuid": "00000000-0000-0000-0000-0000000000",
                "stock": "SHOP",
                "time": "2024-07-15T07:05:38.441800-04:00",
                "price": 64.6695,
                "share": 0.46,
                "remain_portion": -1
            }
        ],
        "CEG": [
            {
                "uuid": "556b7589-15a4-4f2e-9c8c-6f47e56d7d1d",
                "stock": "CEG",
                "time": "2024-07-15T08:00:54.099960-04:00",
                "price": 215.03240000000002,
                "share": 0.0,
                "remain_portion": 52
            },
            {
                "uuid": "12e4abaf-8823-444f-a2dc-22a7462484d9",
                "stock": "CEG",
                "time": "2024-07-15T08:16:17.024637-04:00",
                "price": 215.03240000000002,
                "share": 0.0,
                "remain_portion": 50
            }
        ],
        "MU": [
            {
                "uuid": "166df6f4-fc56-4fb6-bdcf-4518788932ed",
                "stock": "MU",
                "time": "2024-07-15T11:39:09.850848-04:00",
                "price": 133.19,
                "share": 7.51,
                "remain_portion": 34
            },
            {
                "uuid": "0d7e1cb7-8c9d-4e42-89df-b23ec2149eb8",
                "stock": "MU",
                "time": "2024-07-15T12:26:23.101849-04:00",
                "price": 131.87,
                "share": 15.08,
                "remain_portion": 33
            },
            {
                "uuid": "024ff0a4-e716-43f5-ba1e-6dc635174ac2",
                "stock": "MU",
                "time": "2024-07-15T13:51:15.782649-04:00",
                "price": 131.45,
                "share": 15.190000000000001,
                "remain_portion": 30
            },
            {
                "uuid": "b678187b-272d-4c02-979f-b1071a5be486",
                "stock": "MU",
                "time": "2024-07-15T14:15:26.879483-04:00",
                "price": 130.32,
                "share": 7.670000000000002,
                "remain_portion": 29
            }
        ],
        "HIMS": []
    },
    "active_pnl": {
        "TSLA": 0,
        "NVDA": 17.64,
        "META": -77.14,
        "MSFT": -27.87,
        "IBM": -0.93,
        "PLTR": 0,
        "BA": -51.05,
        "SNOW": -47.69,
        "GOOGL": 5.4,
        "COIN": 0,
        "SMCI": 0,
        "HOOD": 0,
        "CRWD": 0,
        "LULU": -118.06,
        "PANW": 0,
        "AMD": -0.37,
        "ARM": 4.65,
        "BABA": -22.19,
        "CELH": -367.36,
        "QCOM": 0.0,
        "AAPL": 0,
        "DELL": -24.97,
        "SHOP": -0.16,
        "CEG": 0.0,
        "MU": -23.91,
        "HIMS": 0
    },
    "active_pnl_percentage": {
        "TSLA": 0,
        "NVDA": 0.96,
        "META": -2.54,
        "MSFT": -0.93,
        "IBM": -0.09,
        "PLTR": 0,
        "BA": -1.08,
        "SNOW": -2.39,
        "GOOGL": 0.16,
        "COIN": 0,
        "SMCI": 0,
        "HOOD": 0,
        "CRWD": 0,
        "LULU": -1.37,
        "PANW": 0,
        "AMD": -0.39,
        "ARM": 0.41,
        "BABA": -0.78,
        "CELH": -7.59,
        "QCOM": 0,
        "AAPL": 0,
        "DELL": -0.82,
        "SHOP": -0.54,
        "CEG": 0,
        "MU": -0.4,
        "HIMS": 0
    }
}