{
    "time": "2024-07-12T10:31:37.088052-04:00",
    "daily_start_net_value": 85094.821,
    "current_net_value": 85678.9724,
    "daily_pnl": 584.1514000000025,
    "daily_pnl_percentage": 0.69,
    "remain_portion": 28,
    "positions": {
        "TSLA": 0,
        "NVDA": 14.13,
        "META": 3.96,
        "MSFT": 6.55,
        "IBM": 0,
        "PLTR": 0,
        "BA": 5.0,
        "SNOW": 14.59,
        "GOOGL": 32.07,
        "COIN": 4.65,
        "SMCI": 0,
        "HOOD": 90.28,
        "CRWD": 5.29,
        "LULU": 7.39,
        "PANW": 5.0,
        "AMD": 0,
        "ARM": 15.72,
        "BABA": 0,
        "CELH": 0,
        "QCOM": 2.5,
        "AAPL": 0,
        "DELL": 14.33,
        "SHOP": 0,
        "CEG": 0.0,
        "MU": 0,
        "HIMS": 0
    },
    "cash_position": 28872.62,
    "active_orders": {
        "TSLA": [],
        "NVDA": [
            {
                "uuid": "ff562ed5-e564-4746-85c7-8d1adf99b354",
                "stock": "NVDA",
                "time": "2024-07-12T10:16:18.648089-04:00",
                "price": 127.3415,
                "share": 14.13,
                "remain_portion": -1
            }
        ],
        "META": [
            {
                "uuid": "00000000-0000-0000-0000-0000000000",
                "stock": "META",
                "time": "2024-07-12T07:01:34.408919-04:00",
                "price": 518.5169,
                "share": 2.96,
                "remain_portion": -1
            },
            {
                "uuid": "495ed8ae-f3ba-4dc0-87d7-c0975c3b4d7d",
                "stock": "META",
                "time": "2024-07-12T08:45:51.654779-04:00",
                "price": 502.05,
                "share": 0.0,
                "remain_portion": 31
            },
            {
                "uuid": "b6729fab-c52e-42fa-aa26-74574e7bd3b7",
                "stock": "META",
                "time": "2024-07-12T09:26:14.970928-04:00",
                "price": 499.29,
                "share": 1.0,
                "remain_portion": 29
            }
        ],
        "MSFT": [
            {
                "uuid": "00000000-0000-0000-0000-0000000000",
                "stock": "MSFT",
                "time": "2024-07-12T07:01:34.409041-04:00",
                "price": 458.3649,
                "share": 6.55,
                "remain_portion": -1
            }
        ],
        "IBM": [],
        "PLTR": [],
        "BA": [
            {
                "uuid": "bb932c61-0e00-485b-8425-5a9fd0ab193f",
                "stock": "BA",
                "time": "2024-07-12T08:35:52.933182-04:00",
                "price": 183.97,
                "share": 5.0,
                "remain_portion": -1
            }
        ],
        "SNOW": [
            {
                "uuid": "00000000-0000-0000-0000-0000000000",
                "stock": "SNOW",
                "time": "2024-07-12T07:01:34.409347-04:00",
                "price": 137.0089,
                "share": 14.59,
                "remain_portion": -1
            }
        ],
        "GOOGL": [
            {
                "uuid": "00000000-0000-0000-0000-0000000000",
                "stock": "GOOGL",
                "time": "2024-07-12T07:01:34.409155-04:00",
                "price": 187.1272,
                "share": 32.07,
                "remain_portion": -1
            }
        ],
        "COIN": [
            {
                "uuid": "7ba6664e-6170-4911-be83-c4ba30b14366",
                "stock": "COIN",
                "time": "2024-07-12T09:55:51.131239-04:00",
                "price": 216.5982,
                "share": 4.65,
                "remain_portion": -1
            }
        ],
        "SMCI": [],
        "HOOD": [
            {
                "uuid": "00000000-0000-0000-0000-0000000000",
                "stock": "HOOD",
                "time": "2024-07-12T07:01:34.409242-04:00",
                "price": 22.1537,
                "share": 90.28,
                "remain_portion": -1
            }
        ],
        "CRWD": [
            {
                "uuid": "00000000-0000-0000-0000-0000000000",
                "stock": "CRWD",
                "time": "2024-07-12T07:01:34.409428-04:00",
                "price": 377.7316,
                "share": 5.29,
                "remain_portion": -1
            }
        ],
        "LULU": [
            {
                "uuid": "7a534ac9-ac80-4f03-9239-ddc68eac1c38",
                "stock": "LULU",
                "time": "2024-07-12T09:40:37.618914-04:00",
                "price": 293.6294,
                "share": 6.92,
                "remain_portion": -1
            },
            {
                "uuid": "27d37fd1-6222-4347-93e7-f6f159140592",
                "stock": "LULU",
                "time": "2024-07-12T10:06:08.853249-04:00",
                "price": 288.0,
                "share": 0.46999999999999975,
                "remain_portion": 28
            }
        ],
        "PANW": [
            {
                "uuid": "495d52d9-449d-40a5-b056-44662968edbc",
                "stock": "PANW",
                "time": "2024-07-12T09:22:11.260011-04:00",
                "price": 333.806,
                "share": 5.0,
                "remain_portion": -1
            }
        ],
        "AMD": [],
        "ARM": [
            {
                "uuid": "363a2730-b0b9-46c3-86cb-d2aa6bf0f766",
                "stock": "ARM",
                "time": "2024-07-12T10:00:55.813815-04:00",
                "price": 173.7049,
                "share": 15.72,
                "remain_portion": -1
            }
        ],
        "BABA": [],
        "CELH": [],
        "QCOM": [
            {
                "uuid": "62c1b374-0293-449b-84f7-26312efb4114",
                "stock": "QCOM",
                "time": "2024-07-12T10:16:25.679836-04:00",
                "price": 201.901,
                "share": 2.5,
                "remain_portion": -1
            }
        ],
        "AAPL": [],
        "DELL": [
            {
                "uuid": "00000000-0000-0000-0000-0000000000",
                "stock": "DELL",
                "time": "2024-07-12T07:01:34.409577-04:00",
                "price": 140.9909,
                "share": 14.33,
                "remain_portion": -1
            },
            {
                "uuid": "a195b4a4-fdce-4faa-b49d-2473d47f981b",
                "stock": "DELL",
                "time": "2024-07-12T08:05:54.774181-04:00",
                "price": 139.85000000000002,
                "share": 0.0,
                "remain_portion": 32
            }
        ],
        "SHOP": [],
        "CEG": [
            {
                "uuid": "d0745c06-3ad9-47a4-b392-cd1826ca1bb9",
                "stock": "CEG",
                "time": "2024-07-12T08:56:22.264621-04:00",
                "price": 216.0128,
                "share": 0.0,
                "remain_portion": 30
            }
        ],
        "MU": [],
        "HIMS": []
    },
    "active_pnl": {
        "TSLA": 0,
        "NVDA": 27.5,
        "META": -49.2,
        "MSFT": -30.29,
        "IBM": 0,
        "PLTR": 0,
        "BA": -13.0,
        "SNOW": -27.27,
        "GOOGL": -56.67,
        "COIN": 3.5,
        "SMCI": 0,
        "HOOD": -22.45,
        "CRWD": -37.3,
        "LULU": -24.91,
        "PANW": 10.27,
        "AMD": 0,
        "ARM": 100.85,
        "BABA": 0,
        "CELH": 0,
        "QCOM": 1.37,
        "AAPL": 0,
        "DELL": -12.48,
        "SHOP": 0,
        "CEG": 0.0,
        "MU": 0,
        "HIMS": 0
    },
    "active_pnl_percentage": {
        "TSLA": 0,
        "NVDA": 1.53,
        "META": -2.44,
        "MSFT": -1.0,
        "IBM": 0,
        "PLTR": 0,
        "BA": -1.41,
        "SNOW": -1.39,
        "GOOGL": -0.94,
        "COIN": 0.45,
        "SMCI": 0,
        "HOOD": -1.01,
        "CRWD": -1.79,
        "LULU": -1.15,
        "PANW": 0.62,
        "AMD": 0,
        "ARM": 3.73,
        "BABA": 0,
        "CELH": 0,
        "QCOM": 0.27,
        "AAPL": 0,
        "DELL": -0.62,
        "SHOP": 0,
        "CEG": 0,
        "MU": 0,
        "HIMS": 0
    }
}