{
    "time": "2024-08-16T08:30:59.428152-04:00",
    "daily_start_net_value": 117522.907,
    "current_net_value": 117522.907,
    "daily_pnl": 0.0,
    "daily_pnl_percentage": 0.0,
    "remain_portion": 12,
    "positions": {
        "TSLA": 8.28,
        "NVDA": 8.0,
        "META": 2.0,
        "MSFT": 19.29,
        "IBM": 0.0,
        "PLTR": 64.0,
        "BA": 0,
        "SNOW": 21.9,
        "GOOGL": 77.67,
        "COIN": 0.08,
        "SMCI": 6.0,
        "HOOD": 548.82,
        "CRWD": 15.49,
        "LULU": 17.83,
        "PANW": 0,
        "AMD": 29.82,
        "ARM": 0,
        "BABA": 0,
        "CELH": 301.82,
        "QCOM": 7.14,
        "AAPL": 0,
        "DELL": 113.51,
        "SHOP": 0,
        "CEG": 22.44,
        "MU": 96.73,
        "HIMS": 184.24
    },
    "cash_position": 12777.46,
    "active_orders": {
        "TSLA": [
            {
                "uuid": "00000000-0000-0000-0000-0000000000",
                "stock": "TSLA",
                "time": "2024-08-16T07:01:04.830163-04:00",
                "price": 209.4844,
                "share": 0.28,
                "remain_portion": -1
            },
            {
                "uuid": "637f6714-6e80-4877-bead-7a58ede9d4a8",
                "stock": "TSLA",
                "time": "2024-08-16T08:16:53.145376-04:00",
                "price": 212.72990000000001,
                "share": 4.0,
                "remain_portion": 21
            },
            {
                "uuid": "4ddb5cd2-293c-46ca-8ef6-bf1d012f295d",
                "stock": "TSLA",
                "time": "2024-08-16T08:30:50.932505-04:00",
                "price": 212.26000000000002,
                "share": 3.999999999999999,
                "remain_portion": 15
            }
        ],
        "NVDA": [
            {
                "uuid": "7a526877-7b12-48f1-ac33-0fc2a24c0b5f",
                "stock": "NVDA",
                "time": "2024-08-16T08:30:54.059332-04:00",
                "price": 121.44,
                "share": 8.0,
                "remain_portion": 14
            }
        ],
        "META": [
            {
                "uuid": "919b0353-14c1-4929-9021-906f620ede36",
                "stock": "META",
                "time": "2024-08-16T08:01:25.268083-04:00",
                "price": 539.0,
                "share": 1.0,
                "remain_portion": 24
            },
            {
                "uuid": "35260aec-bc2e-4a11-baa6-8059590a9eb4",
                "stock": "META",
                "time": "2024-08-16T08:17:06.179310-04:00",
                "price": 533.1999999999999,
                "share": 0.0,
                "remain_portion": 20
            },
            {
                "uuid": "e1c25ec5-0c7b-4ac0-bd7b-551abe5afc71",
                "stock": "META",
                "time": "2024-08-16T08:30:55.955623-04:00",
                "price": 532.39,
                "share": 1.0,
                "remain_portion": 13
            }
        ],
        "MSFT": [
            {
                "uuid": "00000000-0000-0000-0000-0000000000",
                "stock": "MSFT",
                "time": "2024-08-16T07:01:04.830111-04:00",
                "price": 446.5873,
                "share": 19.29,
                "remain_portion": -1
            }
        ],
        "IBM": [
            {
                "uuid": "943c5576-6305-43c6-b572-1de7a9e30948",
                "stock": "IBM",
                "time": "2024-08-16T08:26:32.623832-04:00",
                "price": 193.36,
                "share": 0.0,
                "remain_portion": 16
            }
        ],
        "PLTR": [
            {
                "uuid": "7a5787ca-0a37-48ec-a487-eb9254a19a7b",
                "stock": "PLTR",
                "time": "2024-08-16T08:05:46.262310-04:00",
                "price": 31.020989999999998,
                "share": 32.0,
                "remain_portion": 22
            },
            {
                "uuid": "9ea83de4-4be8-4593-8b09-c760c59365a1",
                "stock": "PLTR",
                "time": "2024-08-16T08:21:16.521938-04:00",
                "price": 30.930899999999998,
                "share": 32.0,
                "remain_portion": 17
            }
        ],
        "BA": [],
        "SNOW": [
            {
                "uuid": "00000000-0000-0000-0000-0000000000",
                "stock": "SNOW",
                "time": "2024-08-16T07:01:04.830342-04:00",
                "price": 128.6836,
                "share": 21.9,
                "remain_portion": -1
            },
            {
                "uuid": "563b8960-e1f8-4dd4-b2e0-a94e972b59f3",
                "stock": "SNOW",
                "time": "2024-08-16T08:26:45.547483-04:00",
                "price": 126.3,
                "share": 0.0,
                "remain_portion": 16
            }
        ],
        "GOOGL": [
            {
                "uuid": "00000000-0000-0000-0000-0000000000",
                "stock": "GOOGL",
                "time": "2024-08-16T07:01:04.830201-04:00",
                "price": 170.6342,
                "share": 65.67,
                "remain_portion": -1
            },
            {
                "uuid": "09a4d098-ce30-4429-b092-d30af5ebfeb1",
                "stock": "GOOGL",
                "time": "2024-08-16T08:17:09.279524-04:00",
                "price": 160.82000000000002,
                "share": 6.0,
                "remain_portion": 19
            },
            {
                "uuid": "31e355bb-ab90-46e4-98f5-87260cda4005",
                "stock": "GOOGL",
                "time": "2024-08-16T08:30:58.763324-04:00",
                "price": 160.62,
                "share": 6.0,
                "remain_portion": 12
            }
        ],
        "COIN": [
            {
                "uuid": "00000000-0000-0000-0000-0000000000",
                "stock": "COIN",
                "time": "2024-08-16T07:01:04.830449-04:00",
                "price": 197.0,
                "share": 0.08,
                "remain_portion": -1
            }
        ],
        "SMCI": [
            {
                "uuid": "00000000-0000-0000-0000-0000000000",
                "stock": "SMCI",
                "time": "2024-08-16T07:01:04.830280-04:00",
                "price": 684.4683,
                "share": 6.0,
                "remain_portion": -1
            }
        ],
        "HOOD": [
            {
                "uuid": "00000000-0000-0000-0000-0000000000",
                "stock": "HOOD",
                "time": "2024-08-16T07:01:04.830243-04:00",
                "price": 21.7524,
                "share": 548.82,
                "remain_portion": -1
            }
        ],
        "CRWD": [
            {
                "uuid": "00000000-0000-0000-0000-0000000000",
                "stock": "CRWD",
                "time": "2024-08-16T07:01:04.830415-04:00",
                "price": 307.4512,
                "share": 15.49,
                "remain_portion": -1
            }
        ],
        "LULU": [
            {
                "uuid": "00000000-0000-0000-0000-0000000000",
                "stock": "LULU",
                "time": "2024-08-16T07:01:04.830314-04:00",
                "price": 280.291,
                "share": 17.83,
                "remain_portion": -1
            }
        ],
        "PANW": [],
        "AMD": [
            {
                "uuid": "00000000-0000-0000-0000-0000000000",
                "stock": "AMD",
                "time": "2024-08-16T07:01:04.829942-04:00",
                "price": 146.1976,
                "share": 17.82,
                "remain_portion": -1
            },
            {
                "uuid": "574fb393-e2b2-414e-a028-4c67ed937731",
                "stock": "AMD",
                "time": "2024-08-16T08:01:28.160198-04:00",
                "price": 147.82000000000002,
                "share": 6.0,
                "remain_portion": 24
            },
            {
                "uuid": "f9fd50c0-3dcd-4476-ad86-de22024f1682",
                "stock": "AMD",
                "time": "2024-08-16T08:17:12.366212-04:00",
                "price": 146.45000000000002,
                "share": 6.0,
                "remain_portion": 18
            }
        ],
        "ARM": [],
        "BABA": [],
        "CELH": [
            {
                "uuid": "00000000-0000-0000-0000-0000000000",
                "stock": "CELH",
                "time": "2024-08-16T07:01:04.830381-04:00",
                "price": 52.0913,
                "share": 301.82,
                "remain_portion": -1
            }
        ],
        "QCOM": [
            {
                "uuid": "00000000-0000-0000-0000-0000000000",
                "stock": "QCOM",
                "time": "2024-08-16T07:01:04.830548-04:00",
                "price": 170.8102,
                "share": 7.14,
                "remain_portion": -1
            },
            {
                "uuid": "9291d130-c7b9-4873-8d22-d346b7dac02f",
                "stock": "QCOM",
                "time": "2024-08-16T07:51:19.375887-04:00",
                "price": 173.08,
                "share": 0.0,
                "remain_portion": 25
            }
        ],
        "AAPL": [],
        "DELL": [
            {
                "uuid": "00000000-0000-0000-0000-0000000000",
                "stock": "DELL",
                "time": "2024-08-16T07:01:04.830600-04:00",
                "price": 126.8585,
                "share": 113.51,
                "remain_portion": -1
            }
        ],
        "SHOP": [],
        "CEG": [
            {
                "uuid": "8ebc5910-35ed-416b-b322-e70f4ff7bc07",
                "stock": "CEG",
                "time": "2024-08-16T07:41:02.939372-04:00",
                "price": 191.0212,
                "share": 22.44,
                "remain_portion": -1
            },
            {
                "uuid": "f7298225-61a2-4bae-a007-219f91650dac",
                "stock": "CEG",
                "time": "2024-08-16T08:01:41.738318-04:00",
                "price": 190.05,
                "share": 0.0,
                "remain_portion": 23
            }
        ],
        "MU": [
            {
                "uuid": "00000000-0000-0000-0000-0000000000",
                "stock": "MU",
                "time": "2024-08-16T07:01:04.830656-04:00",
                "price": 122.8553,
                "share": 96.73,
                "remain_portion": -1
            }
        ],
        "HIMS": [
            {
                "uuid": "00000000-0000-0000-0000-0000000000",
                "stock": "HIMS",
                "time": "2024-08-16T07:01:04.830484-04:00",
                "price": 16.133,
                "share": 184.24,
                "remain_portion": -1
            }
        ]
    },
    "active_pnl": {
        "TSLA": -1.68,
        "NVDA": -0.88,
        "META": -6.73,
        "MSFT": -513.58,
        "IBM": 0.0,
        "PLTR": -10.62,
        "BA": 0,
        "SNOW": -53.3,
        "GOOGL": -662.72,
        "COIN": 0.03,
        "SMCI": -355.79,
        "HOOD": -1170.3,
        "CRWD": -754.38,
        "LULU": -379.62,
        "PANW": 0,
        "AMD": -16.54,
        "ARM": 0,
        "BABA": 0,
        "CELH": -3136.3,
        "QCOM": 5.14,
        "AAPL": 0,
        "DELL": -1923.82,
        "SHOP": 0,
        "CEG": -22.92,
        "MU": -1586.88,
        "HIMS": -77.93
    },
    "active_pnl_percentage": {
        "TSLA": -0.11,
        "NVDA": -0.1,
        "META": -0.63,
        "MSFT": -5.96,
        "IBM": 0,
        "PLTR": -0.54,
        "BA": 0,
        "SNOW": -1.89,
        "GOOGL": -5.09,
        "COIN": 0.17,
        "SMCI": -8.66,
        "HOOD": -9.8,
        "CRWD": -15.84,
        "LULU": -7.6,
        "PANW": 0,
        "AMD": -0.38,
        "ARM": 0,
        "BABA": 0,
        "CELH": -19.95,
        "QCOM": 0.42,
        "AAPL": 0,
        "DELL": -13.45,
        "SHOP": 0,
        "CEG": -0.53,
        "MU": -13.35,
        "HIMS": -2.62
    }
}