{
    "time": "2024-07-16T07:30:06.138409-04:00",
    "daily_start_net_value": 85211.502,
    "current_net_value": 85211.502,
    "daily_pnl": 0.0,
    "daily_pnl_percentage": 0.0,
    "remain_portion": 37,
    "positions": {
        "TSLA": 0,
        "NVDA": 14.13,
        "META": 5.96,
        "MSFT": 8.55,
        "IBM": 5.47,
        "PLTR": 0,
        "BA": 26.21,
        "SNOW": 21.59,
        "GOOGL": 18.53,
        "COIN": 0,
        "SMCI": 0,
        "HOOD": 0,
        "CRWD": 0,
        "LULU": 20.44,
        "PANW": 0,
        "AMD": 0.52,
        "ARM": 0.37,
        "BABA": 60.0,
        "CELH": 103.98,
        "QCOM": 0,
        "AAPL": 0,
        "DELL": 21.91,
        "SHOP": 0.46,
        "CEG": 8.0,
        "MU": 45.45,
        "HIMS": 0
    },
    "cash_position": 37726.53,
    "active_orders": {
        "TSLA": [],
        "NVDA": [
            {
                "uuid": "00000000-0000-0000-0000-0000000000",
                "stock": "NVDA",
                "time": "2024-07-16T07:01:22.379093-04:00",
                "price": 127.3415,
                "share": 14.13,
                "remain_portion": -1
            }
        ],
        "META": [
            {
                "uuid": "00000000-0000-0000-0000-0000000000",
                "stock": "META",
                "time": "2024-07-16T07:01:22.378872-04:00",
                "price": 509.2937,
                "share": 5.96,
                "remain_portion": -1
            }
        ],
        "MSFT": [
            {
                "uuid": "00000000-0000-0000-0000-0000000000",
                "stock": "MSFT",
                "time": "2024-07-16T07:01:22.379056-04:00",
                "price": 457.0047,
                "share": 8.55,
                "remain_portion": -1
            }
        ],
        "IBM": [
            {
                "uuid": "00000000-0000-0000-0000-0000000000",
                "stock": "IBM",
                "time": "2024-07-16T07:01:22.379215-04:00",
                "price": 182.8702,
                "share": 5.47,
                "remain_portion": -1
            }
        ],
        "PLTR": [],
        "BA": [
            {
                "uuid": "00000000-0000-0000-0000-0000000000",
                "stock": "BA",
                "time": "2024-07-16T07:01:22.379171-04:00",
                "price": 181.0693,
                "share": 26.21,
                "remain_portion": -1
            }
        ],
        "SNOW": [
            {
                "uuid": "00000000-0000-0000-0000-0000000000",
                "stock": "SNOW",
                "time": "2024-07-16T07:01:22.379366-04:00",
                "price": 136.6169,
                "share": 21.59,
                "remain_portion": -1
            }
        ],
        "GOOGL": [
            {
                "uuid": "00000000-0000-0000-0000-0000000000",
                "stock": "GOOGL",
                "time": "2024-07-16T07:01:22.379131-04:00",
                "price": 186.7985,
                "share": 18.53,
                "remain_portion": -1
            }
        ],
        "COIN": [],
        "SMCI": [],
        "HOOD": [],
        "CRWD": [],
        "LULU": [
            {
                "uuid": "00000000-0000-0000-0000-0000000000",
                "stock": "LULU",
                "time": "2024-07-16T07:01:22.379301-04:00",
                "price": 289.0452,
                "share": 20.44,
                "remain_portion": -1
            }
        ],
        "PANW": [],
        "AMD": [
            {
                "uuid": "00000000-0000-0000-0000-0000000000",
                "stock": "AMD",
                "time": "2024-07-16T07:01:22.379011-04:00",
                "price": 180.9656,
                "share": 0.52,
                "remain_portion": -1
            }
        ],
        "ARM": [
            {
                "uuid": "00000000-0000-0000-0000-0000000000",
                "stock": "ARM",
                "time": "2024-07-16T07:01:22.379415-04:00",
                "price": 177.4959,
                "share": 0.37,
                "remain_portion": -1
            }
        ],
        "BABA": [
            {
                "uuid": "00000000-0000-0000-0000-0000000000",
                "stock": "BABA",
                "time": "2024-07-16T07:01:22.379265-04:00",
                "price": 78.3528,
                "share": 60.0,
                "remain_portion": -1
            }
        ],
        "CELH": [
            {
                "uuid": "00000000-0000-0000-0000-0000000000",
                "stock": "CELH",
                "time": "2024-07-16T07:01:22.379454-04:00",
                "price": 56.7923,
                "share": 103.98,
                "remain_portion": -1
            }
        ],
        "QCOM": [],
        "AAPL": [],
        "DELL": [
            {
                "uuid": "00000000-0000-0000-0000-0000000000",
                "stock": "DELL",
                "time": "2024-07-16T07:01:22.379545-04:00",
                "price": 138.3428,
                "share": 21.91,
                "remain_portion": -1
            }
        ],
        "SHOP": [
            {
                "uuid": "00000000-0000-0000-0000-0000000000",
                "stock": "SHOP",
                "time": "2024-07-16T07:01:22.379492-04:00",
                "price": 64.6695,
                "share": 0.46,
                "remain_portion": -1
            }
        ],
        "CEG": [
            {
                "uuid": "00000000-0000-0000-0000-0000000000",
                "stock": "CEG",
                "time": "2024-07-16T07:01:22.379630-04:00",
                "price": 215.03,
                "share": 8.0,
                "remain_portion": -1
            }
        ],
        "MU": [
            {
                "uuid": "00000000-0000-0000-0000-0000000000",
                "stock": "MU",
                "time": "2024-07-16T07:01:22.379593-04:00",
                "price": 131.9974,
                "share": 45.45,
                "remain_portion": -1
            }
        ],
        "HIMS": []
    },
    "active_pnl": {
        "TSLA": 0,
        "NVDA": 17.78,
        "META": -67.31,
        "MSFT": -33.21,
        "IBM": 10.01,
        "PLTR": 0,
        "BA": -33.27,
        "SNOW": -51.32,
        "GOOGL": 7.07,
        "COIN": 0,
        "SMCI": 0,
        "HOOD": 0,
        "CRWD": 0,
        "LULU": -112.82,
        "PANW": 0,
        "AMD": -0.78,
        "ARM": 0.35,
        "BABA": -57.17,
        "CELH": -415.12,
        "QCOM": 0,
        "AAPL": 0,
        "DELL": -27.45,
        "SHOP": 0.89,
        "CEG": -17.2,
        "MU": -46.7,
        "HIMS": 0
    },
    "active_pnl_percentage": {
        "TSLA": 0,
        "NVDA": 0.99,
        "META": -2.22,
        "MSFT": -0.85,
        "IBM": 1.0,
        "PLTR": 0,
        "BA": -0.7,
        "SNOW": -1.74,
        "GOOGL": 0.2,
        "COIN": 0,
        "SMCI": 0,
        "HOOD": 0,
        "CRWD": 0,
        "LULU": -1.91,
        "PANW": 0,
        "AMD": -0.83,
        "ARM": 0.54,
        "BABA": -1.22,
        "CELH": -7.03,
        "QCOM": 0,
        "AAPL": 0,
        "DELL": -0.91,
        "SHOP": 2.99,
        "CEG": -1.0,
        "MU": -0.78,
        "HIMS": 0
    }
}