{
    "time": "2024-07-29T10:32:32.944530-04:00",
    "daily_start_net_value": 116422.9434,
    "current_net_value": 116287.1097,
    "daily_pnl": -135.83370000000286,
    "daily_pnl_percentage": -0.12,
    "remain_portion": 5,
    "positions": {
        "TSLA": 0,
        "NVDA": 39.01,
        "META": 10.0,
        "MSFT": 17.29,
        "IBM": 0,
        "PLTR": 0,
        "BA": 0,
        "SNOW": 0.02,
        "GOOGL": 36.41,
        "COIN": 0,
        "SMCI": 3.0,
        "HOOD": 393.27,
        "CRWD": 11.0,
        "LULU": 17.83,
        "PANW": 0,
        "AMD": 38.86,
        "ARM": 12.95,
        "BABA": 10.18,
        "CELH": 301.82,
        "QCOM": 15.42,
        "AAPL": 21.04,
        "DELL": 113.51,
        "SHOP": 92.14,
        "CEG": 41.88,
        "MU": 86.76,
        "HIMS": 90.77
    },
    "cash_position": 5997.52,
    "active_orders": {
        "TSLA": [],
        "NVDA": [
            {
                "uuid": "00000000-0000-0000-0000-0000000000",
                "stock": "NVDA",
                "time": "2024-07-29T07:01:05.435308-04:00",
                "price": 121.2032,
                "share": 39.01,
                "remain_portion": -1
            }
        ],
        "META": [
            {
                "uuid": "00000000-0000-0000-0000-0000000000",
                "stock": "META",
                "time": "2024-07-29T07:01:05.435035-04:00",
                "price": 498.0661,
                "share": 10.0,
                "remain_portion": -1
            }
        ],
        "MSFT": [
            {
                "uuid": "00000000-0000-0000-0000-0000000000",
                "stock": "MSFT",
                "time": "2024-07-29T07:01:05.435221-04:00",
                "price": 450.417,
                "share": 17.29,
                "remain_portion": -1
            }
        ],
        "IBM": [],
        "PLTR": [],
        "BA": [],
        "SNOW": [
            {
                "uuid": "00000000-0000-0000-0000-0000000000",
                "stock": "SNOW",
                "time": "2024-07-29T07:01:05.435548-04:00",
                "price": 128.8788,
                "share": 0.02,
                "remain_portion": -1
            }
        ],
        "GOOGL": [
            {
                "uuid": "00000000-0000-0000-0000-0000000000",
                "stock": "GOOGL",
                "time": "2024-07-29T07:01:05.435360-04:00",
                "price": 178.1352,
                "share": 36.41,
                "remain_portion": -1
            }
        ],
        "COIN": [],
        "SMCI": [
            {
                "uuid": "00000000-0000-0000-0000-0000000000",
                "stock": "SMCI",
                "time": "2024-07-29T07:01:05.435475-04:00",
                "price": 835.2433,
                "share": 3.0,
                "remain_portion": -1
            }
        ],
        "HOOD": [
            {
                "uuid": "00000000-0000-0000-0000-0000000000",
                "stock": "HOOD",
                "time": "2024-07-29T07:01:05.435397-04:00",
                "price": 22.73,
                "share": 393.27,
                "remain_portion": -1
            }
        ],
        "CRWD": [
            {
                "uuid": "00000000-0000-0000-0000-0000000000",
                "stock": "CRWD",
                "time": "2024-07-29T07:01:05.435628-04:00",
                "price": 342.1445,
                "share": 11.0,
                "remain_portion": -1
            }
        ],
        "LULU": [
            {
                "uuid": "00000000-0000-0000-0000-0000000000",
                "stock": "LULU",
                "time": "2024-07-29T07:01:05.435511-04:00",
                "price": 280.291,
                "share": 17.83,
                "remain_portion": -1
            }
        ],
        "PANW": [],
        "AMD": [
            {
                "uuid": "00000000-0000-0000-0000-0000000000",
                "stock": "AMD",
                "time": "2024-07-29T07:01:05.435180-04:00",
                "price": 152.9862,
                "share": 38.86,
                "remain_portion": -1
            }
        ],
        "ARM": [
            {
                "uuid": "63a61d36-86ff-45a7-97f2-4e8b628af982",
                "stock": "ARM",
                "time": "2024-07-29T08:06:30.697534-04:00",
                "price": 146.05,
                "share": 6.0,
                "remain_portion": 13
            },
            {
                "uuid": "9b470e79-6281-4814-a595-1876b564ef1b",
                "stock": "ARM",
                "time": "2024-07-29T10:31:31.881516-04:00",
                "price": 143.88,
                "share": 6.949999999999999,
                "remain_portion": 5
            }
        ],
        "BABA": [
            {
                "uuid": "3ad61f22-3cdb-4b17-b174-27db15576d01",
                "stock": "BABA",
                "time": "2024-07-29T09:40:49.075494-04:00",
                "price": 77.1623,
                "share": 10.18,
                "remain_portion": -1
            }
        ],
        "CELH": [
            {
                "uuid": "00000000-0000-0000-0000-0000000000",
                "stock": "CELH",
                "time": "2024-07-29T07:01:05.435584-04:00",
                "price": 52.4928,
                "share": 280.48,
                "remain_portion": -1
            },
            {
                "uuid": "606827c0-fb64-4194-a7e6-d42d54b2b4bd",
                "stock": "CELH",
                "time": "2024-07-29T10:01:17.717371-04:00",
                "price": 46.87,
                "share": 21.339999999999975,
                "remain_portion": 7
            }
        ],
        "QCOM": [
            {
                "uuid": "00000000-0000-0000-0000-0000000000",
                "stock": "QCOM",
                "time": "2024-07-29T07:01:05.435714-04:00",
                "price": 189.4474,
                "share": 15.42,
                "remain_portion": -1
            }
        ],
        "AAPL": [
            {
                "uuid": "00000000-0000-0000-0000-0000000000",
                "stock": "AAPL",
                "time": "2024-07-29T07:01:05.435272-04:00",
                "price": 225.2471,
                "share": 17.04,
                "remain_portion": -1
            },
            {
                "uuid": "6ef4cf22-172c-4cf9-b0f1-82232455c62f",
                "stock": "AAPL",
                "time": "2024-07-29T09:11:06.220019-04:00",
                "price": 216.9,
                "share": 4.0,
                "remain_portion": 11
            }
        ],
        "DELL": [
            {
                "uuid": "00000000-0000-0000-0000-0000000000",
                "stock": "DELL",
                "time": "2024-07-29T07:01:05.435754-04:00",
                "price": 128.0829,
                "share": 104.62,
                "remain_portion": -1
            },
            {
                "uuid": "4fc9cbba-7c99-40fc-aad5-333128060a1e",
                "stock": "DELL",
                "time": "2024-07-29T10:16:24.831805-04:00",
                "price": 112.46,
                "share": 8.89,
                "remain_portion": 6
            }
        ],
        "SHOP": [
            {
                "uuid": "00000000-0000-0000-0000-0000000000",
                "stock": "SHOP",
                "time": "2024-07-29T07:01:05.435665-04:00",
                "price": 64.7146,
                "share": 92.14,
                "remain_portion": -1
            }
        ],
        "CEG": [
            {
                "uuid": "00000000-0000-0000-0000-0000000000",
                "stock": "CEG",
                "time": "2024-07-29T07:01:05.435871-04:00",
                "price": 199.0884,
                "share": 41.88,
                "remain_portion": -1
            }
        ],
        "MU": [
            {
                "uuid": "00000000-0000-0000-0000-0000000000",
                "stock": "MU",
                "time": "2024-07-29T07:01:05.435825-04:00",
                "price": 125.4544,
                "share": 86.76,
                "remain_portion": -1
            }
        ],
        "HIMS": [
            {
                "uuid": "328d45ca-dc6f-41cf-a593-11815e2232eb",
                "stock": "HIMS",
                "time": "2024-07-29T09:32:42.919292-04:00",
                "price": 22.1,
                "share": 45.23,
                "remain_portion": 9
            },
            {
                "uuid": "c17e3b09-80ab-40de-96f0-25bed2ef8898",
                "stock": "HIMS",
                "time": "2024-07-29T09:47:11.705188-04:00",
                "price": 21.96,
                "share": 45.54,
                "remain_portion": 8
            }
        ]
    },
    "active_pnl": {
        "TSLA": 0,
        "NVDA": -260.32,
        "META": -280.56,
        "MSFT": -406.82,
        "IBM": 0,
        "PLTR": 0,
        "BA": 0,
        "SNOW": -0.0,
        "GOOGL": -338.07,
        "COIN": 0,
        "SMCI": -379.43,
        "HOOD": -578.11,
        "CRWD": -869.93,
        "LULU": -463.78,
        "PANW": 0,
        "AMD": -447.52,
        "ARM": -18.85,
        "BABA": 18.76,
        "CELH": -1616.32,
        "QCOM": -136.58,
        "AAPL": -128.56,
        "DELL": -1599.28,
        "SHOP": -450.07,
        "CEG": -1074.15,
        "MU": -1418.91,
        "HIMS": -5.42
    },
    "active_pnl_percentage": {
        "TSLA": 0,
        "NVDA": -5.56,
        "META": -5.62,
        "MSFT": -5.22,
        "IBM": 0,
        "PLTR": 0,
        "BA": 0,
        "SNOW": -0.19,
        "GOOGL": -5.19,
        "COIN": 0,
        "SMCI": -15.2,
        "HOOD": -6.47,
        "CRWD": -23.13,
        "LULU": -9.3,
        "PANW": 0,
        "AMD": -7.5,
        "ARM": -1.05,
        "BABA": 2.39,
        "CELH": -10.28,
        "QCOM": -4.66,
        "AAPL": -2.74,
        "DELL": -11.11,
        "SHOP": -7.58,
        "CEG": -12.88,
        "MU": -13.04,
        "HIMS": -0.32
    }
}