{
    "time": "2024-07-25T08:30:33.146585-04:00",
    "daily_start_net_value": 96468.2151,
    "current_net_value": 96468.2151,
    "daily_pnl": 0.0,
    "daily_pnl_percentage": 0.0,
    "remain_portion": 0,
    "positions": {
        "TSLA": 0,
        "NVDA": 30.13,
        "META": 10.0,
        "MSFT": 17.29,
        "IBM": 0,
        "PLTR": 0.0,
        "BA": 15.0,
        "SNOW": 7.86,
        "GOOGL": 25.5,
        "COIN": 0,
        "SMCI": 3.0,
        "HOOD": 298.28,
        "CRWD": 11.0,
        "LULU": 17.83,
        "PANW": 3.05,
        "AMD": 24.54,
        "ARM": 6.0,
        "BABA": 23.55,
        "CELH": 258.48,
        "QCOM": 9.82,
        "AAPL": 12.39,
        "DELL": 77.91,
        "SHOP": 75.45,
        "CEG": 36.0,
        "MU": 86.76,
        "HIMS": 0
    },
    "cash_position": 874.55,
    "active_orders": {
        "TSLA": [],
        "NVDA": [
            {
                "uuid": "00000000-0000-0000-0000-0000000000",
                "stock": "NVDA",
                "time": "2024-07-25T07:01:40.016557-04:00",
                "price": 123.7297,
                "share": 30.13,
                "remain_portion": -1
            }
        ],
        "META": [
            {
                "uuid": "00000000-0000-0000-0000-0000000000",
                "stock": "META",
                "time": "2024-07-25T07:01:40.016291-04:00",
                "price": 498.0661,
                "share": 10.0,
                "remain_portion": -1
            }
        ],
        "MSFT": [
            {
                "uuid": "00000000-0000-0000-0000-0000000000",
                "stock": "MSFT",
                "time": "2024-07-25T07:01:40.016470-04:00",
                "price": 450.417,
                "share": 17.29,
                "remain_portion": -1
            }
        ],
        "IBM": [],
        "PLTR": [
            {
                "uuid": "42144a0b-9cc3-48ea-b587-9447cf725329",
                "stock": "PLTR",
                "time": "2024-07-25T08:30:19.044957-04:00",
                "price": 25.77575,
                "share": 0.0,
                "remain_portion": 1
            }
        ],
        "BA": [
            {
                "uuid": "62ce1ca1-56e2-4c57-a4bb-59657d576ae5",
                "stock": "BA",
                "time": "2024-07-25T07:40:25.155239-04:00",
                "price": 179.41000000000003,
                "share": 5.0,
                "remain_portion": 7
            },
            {
                "uuid": "0204116d-2792-48da-aa67-6511cef57d15",
                "stock": "BA",
                "time": "2024-07-25T07:55:45.663258-04:00",
                "price": 178.91000000000003,
                "share": 5.0,
                "remain_portion": 5
            },
            {
                "uuid": "7a1a535e-152b-49ea-8b43-b0cd84e5e92d",
                "stock": "BA",
                "time": "2024-07-25T08:10:56.252164-04:00",
                "price": 178.9088,
                "share": 5.0,
                "remain_portion": 3
            }
        ],
        "SNOW": [
            {
                "uuid": "00000000-0000-0000-0000-0000000000",
                "stock": "SNOW",
                "time": "2024-07-25T07:01:40.016830-04:00",
                "price": 127.1005,
                "share": 7.86,
                "remain_portion": -1
            }
        ],
        "GOOGL": [
            {
                "uuid": "00000000-0000-0000-0000-0000000000",
                "stock": "GOOGL",
                "time": "2024-07-25T07:01:40.016592-04:00",
                "price": 182.4257,
                "share": 25.5,
                "remain_portion": -1
            }
        ],
        "COIN": [],
        "SMCI": [
            {
                "uuid": "00000000-0000-0000-0000-0000000000",
                "stock": "SMCI",
                "time": "2024-07-25T07:01:40.016727-04:00",
                "price": 835.2433,
                "share": 3.0,
                "remain_portion": -1
            }
        ],
        "HOOD": [
            {
                "uuid": "00000000-0000-0000-0000-0000000000",
                "stock": "HOOD",
                "time": "2024-07-25T07:01:40.016627-04:00",
                "price": 23.2682,
                "share": 298.28,
                "remain_portion": -1
            },
            {
                "uuid": "4b34db7e-09c1-4b24-b32e-86a437e1fbf1",
                "stock": "HOOD",
                "time": "2024-07-25T08:30:32.254097-04:00",
                "price": 20.820800000000002,
                "share": 0.0,
                "remain_portion": 0
            }
        ],
        "CRWD": [
            {
                "uuid": "00000000-0000-0000-0000-0000000000",
                "stock": "CRWD",
                "time": "2024-07-25T07:01:40.016956-04:00",
                "price": 342.1445,
                "share": 11.0,
                "remain_portion": -1
            }
        ],
        "LULU": [
            {
                "uuid": "00000000-0000-0000-0000-0000000000",
                "stock": "LULU",
                "time": "2024-07-25T07:01:40.016784-04:00",
                "price": 280.291,
                "share": 17.83,
                "remain_portion": -1
            }
        ],
        "PANW": [
            {
                "uuid": "00000000-0000-0000-0000-0000000000",
                "stock": "PANW",
                "time": "2024-07-25T07:01:40.016865-04:00",
                "price": 327.7508,
                "share": 3.05,
                "remain_portion": -1
            }
        ],
        "AMD": [
            {
                "uuid": "00000000-0000-0000-0000-0000000000",
                "stock": "AMD",
                "time": "2024-07-25T07:01:40.016428-04:00",
                "price": 160.7967,
                "share": 24.54,
                "remain_portion": -1
            }
        ],
        "ARM": [
            {
                "uuid": "1d357025-b315-4b43-baa6-7d3b05221c85",
                "stock": "ARM",
                "time": "2024-07-25T08:21:02.126758-04:00",
                "price": 152.3,
                "share": 6.0,
                "remain_portion": 2
            }
        ],
        "BABA": [
            {
                "uuid": "00000000-0000-0000-0000-0000000000",
                "stock": "BABA",
                "time": "2024-07-25T07:01:40.016691-04:00",
                "price": 76.5219,
                "share": 23.55,
                "remain_portion": -1
            }
        ],
        "CELH": [
            {
                "uuid": "00000000-0000-0000-0000-0000000000",
                "stock": "CELH",
                "time": "2024-07-25T07:01:40.016900-04:00",
                "price": 53.122,
                "share": 258.48,
                "remain_portion": -1
            },
            {
                "uuid": "39163ee2-2a81-4570-b086-07d255a29102",
                "stock": "CELH",
                "time": "2024-07-25T07:45:40.684405-04:00",
                "price": 45.09505,
                "share": 0.0,
                "remain_portion": 6
            }
        ],
        "QCOM": [
            {
                "uuid": "00000000-0000-0000-0000-0000000000",
                "stock": "QCOM",
                "time": "2024-07-25T07:01:40.017040-04:00",
                "price": 195.7158,
                "share": 9.82,
                "remain_portion": -1
            }
        ],
        "AAPL": [
            {
                "uuid": "00000000-0000-0000-0000-0000000000",
                "stock": "AAPL",
                "time": "2024-07-25T07:01:40.016515-04:00",
                "price": 229.0549,
                "share": 12.39,
                "remain_portion": -1
            }
        ],
        "DELL": [
            {
                "uuid": "00000000-0000-0000-0000-0000000000",
                "stock": "DELL",
                "time": "2024-07-25T07:01:40.017116-04:00",
                "price": 133.4984,
                "share": 77.91,
                "remain_portion": -1
            }
        ],
        "SHOP": [
            {
                "uuid": "00000000-0000-0000-0000-0000000000",
                "stock": "SHOP",
                "time": "2024-07-25T07:01:40.017003-04:00",
                "price": 65.7742,
                "share": 75.45,
                "remain_portion": -1
            }
        ],
        "CEG": [
            {
                "uuid": "00000000-0000-0000-0000-0000000000",
                "stock": "CEG",
                "time": "2024-07-25T07:01:40.017211-04:00",
                "price": 203.8425,
                "share": 36.0,
                "remain_portion": -1
            }
        ],
        "MU": [
            {
                "uuid": "00000000-0000-0000-0000-0000000000",
                "stock": "MU",
                "time": "2024-07-25T07:01:40.017163-04:00",
                "price": 127.7454,
                "share": 77.76,
                "remain_portion": -1
            },
            {
                "uuid": "d8332b1d-b1d3-4455-b399-c7543d4d7cad",
                "stock": "MU",
                "time": "2024-07-25T08:00:50.754092-04:00",
                "price": 105.7,
                "share": 9.0,
                "remain_portion": 4
            }
        ],
        "HIMS": []
    },
    "active_pnl": {
        "TSLA": 0,
        "NVDA": -339.86,
        "META": -387.46,
        "MSFT": -399.52,
        "IBM": 0,
        "PLTR": 0.0,
        "BA": 0.35,
        "SNOW": -6.29,
        "GOOGL": -278.35,
        "COIN": 0,
        "SMCI": -435.73,
        "HOOD": -736.21,
        "CRWD": -966.29,
        "LULU": -291.66,
        "PANW": -14.49,
        "AMD": -430.35,
        "ARM": -0.3,
        "BABA": -27.83,
        "CELH": -2047.68,
        "QCOM": -172.01,
        "AAPL": -143.17,
        "DELL": -1487.97,
        "SHOP": -480.93,
        "CEG": -1023.21,
        "MU": -1689.07,
        "HIMS": 0
    },
    "active_pnl_percentage": {
        "TSLA": 0,
        "NVDA": -8.9,
        "META": -7.78,
        "MSFT": -5.13,
        "IBM": 0,
        "PLTR": 0,
        "BA": 0.01,
        "SNOW": -0.63,
        "GOOGL": -6.21,
        "COIN": 0,
        "SMCI": -17.17,
        "HOOD": -10.61,
        "CRWD": -25.67,
        "LULU": -5.84,
        "PANW": -1.45,
        "AMD": -10.91,
        "ARM": -0.03,
        "BABA": -1.54,
        "CELH": -14.91,
        "QCOM": -8.95,
        "AAPL": -5.04,
        "DELL": -14.31,
        "SHOP": -9.69,
        "CEG": -13.94,
        "MU": -15.11,
        "HIMS": 0
    }
}