{
    "time": "2024-07-25T13:33:05.660389-04:00",
    "daily_start_net_value": 96468.2151,
    "current_net_value": 101135.161,
    "daily_pnl": 4666.9458999999915,
    "daily_pnl_percentage": 4.84,
    "remain_portion": 0,
    "positions": {
        "TSLA": 0,
        "NVDA": 30.13,
        "META": 10.0,
        "MSFT": 17.29,
        "IBM": 0,
        "PLTR": 0,
        "BA": 0,
        "SNOW": 0,
        "GOOGL": 31.41,
        "COIN": 0,
        "SMCI": 3.0,
        "HOOD": 298.28,
        "CRWD": 11.0,
        "LULU": 17.83,
        "PANW": 0,
        "AMD": 38.86,
        "ARM": 0,
        "BABA": 23.55,
        "CELH": 258.48,
        "QCOM": 9.82,
        "AAPL": 17.04,
        "DELL": 77.91,
        "SHOP": 75.45,
        "CEG": 36.88,
        "MU": 86.76,
        "HIMS": 0
    },
    "cash_position": 876.1,
    "active_orders": {
        "TSLA": [],
        "NVDA": [
            {
                "uuid": "00000000-0000-0000-0000-0000000000",
                "stock": "NVDA",
                "time": "2024-07-25T07:01:40.016557-04:00",
                "price": 123.7297,
                "share": 30.13,
                "remain_portion": -1
            }
        ],
        "META": [
            {
                "uuid": "00000000-0000-0000-0000-0000000000",
                "stock": "META",
                "time": "2024-07-25T07:01:40.016291-04:00",
                "price": 498.0661,
                "share": 10.0,
                "remain_portion": -1
            }
        ],
        "MSFT": [
            {
                "uuid": "00000000-0000-0000-0000-0000000000",
                "stock": "MSFT",
                "time": "2024-07-25T07:01:40.016470-04:00",
                "price": 450.417,
                "share": 17.29,
                "remain_portion": -1
            }
        ],
        "IBM": [],
        "PLTR": [],
        "BA": [
            {
                "uuid": "62ce1ca1-56e2-4c57-a4bb-59657d576ae5",
                "stock": "BA",
                "time": "2024-07-25T07:40:25.155239-04:00",
                "price": 179.41000000000003,
                "share": 5.0,
                "remain_portion": 7
            },
            {
                "uuid": "0204116d-2792-48da-aa67-6511cef57d15",
                "stock": "BA",
                "time": "2024-07-25T07:55:45.663258-04:00",
                "price": 178.91000000000003,
                "share": 5.0,
                "remain_portion": 5
            },
            {
                "uuid": "7a1a535e-152b-49ea-8b43-b0cd84e5e92d",
                "stock": "BA",
                "time": "2024-07-25T08:10:56.252164-04:00",
                "price": 178.9088,
                "share": 5.0,
                "remain_portion": 3
            }
        ],
        "SNOW": [],
        "GOOGL": [
            {
                "uuid": "00000000-0000-0000-0000-0000000000",
                "stock": "GOOGL",
                "time": "2024-07-25T07:01:40.016592-04:00",
                "price": 182.4257,
                "share": 25.5,
                "remain_portion": -1
            },
            {
                "uuid": "ed33c715-00ed-4744-81d7-33e850a90f69",
                "stock": "GOOGL",
                "time": "2024-07-25T10:01:01.808975-04:00",
                "price": 169.16,
                "share": 5.91,
                "remain_portion": 2
            }
        ],
        "COIN": [],
        "SMCI": [
            {
                "uuid": "00000000-0000-0000-0000-0000000000",
                "stock": "SMCI",
                "time": "2024-07-25T07:01:40.016727-04:00",
                "price": 835.2433,
                "share": 3.0,
                "remain_portion": -1
            }
        ],
        "HOOD": [
            {
                "uuid": "00000000-0000-0000-0000-0000000000",
                "stock": "HOOD",
                "time": "2024-07-25T07:01:40.016627-04:00",
                "price": 23.2682,
                "share": 298.28,
                "remain_portion": -1
            },
            {
                "uuid": "4b34db7e-09c1-4b24-b32e-86a437e1fbf1",
                "stock": "HOOD",
                "time": "2024-07-25T08:30:32.254097-04:00",
                "price": 20.820800000000002,
                "share": 0.0,
                "remain_portion": 0
            }
        ],
        "CRWD": [
            {
                "uuid": "00000000-0000-0000-0000-0000000000",
                "stock": "CRWD",
                "time": "2024-07-25T07:01:40.016956-04:00",
                "price": 342.1445,
                "share": 11.0,
                "remain_portion": -1
            }
        ],
        "LULU": [
            {
                "uuid": "00000000-0000-0000-0000-0000000000",
                "stock": "LULU",
                "time": "2024-07-25T07:01:40.016784-04:00",
                "price": 280.291,
                "share": 17.83,
                "remain_portion": -1
            }
        ],
        "PANW": [],
        "AMD": [
            {
                "uuid": "00000000-0000-0000-0000-0000000000",
                "stock": "AMD",
                "time": "2024-07-25T07:01:40.016428-04:00",
                "price": 160.7967,
                "share": 24.54,
                "remain_portion": -1
            },
            {
                "uuid": "06a18f6f-548a-4b2e-bd00-7c0d3e99e214",
                "stock": "AMD",
                "time": "2024-07-25T09:55:53.476514-04:00",
                "price": 141.29,
                "share": 7.080000000000002,
                "remain_portion": 4
            },
            {
                "uuid": "6c78bbc7-26e7-4284-b1f0-ce2cea00b623",
                "stock": "AMD",
                "time": "2024-07-25T10:11:11.195645-04:00",
                "price": 138.05,
                "share": 7.239999999999998,
                "remain_portion": 1
            }
        ],
        "ARM": [],
        "BABA": [
            {
                "uuid": "00000000-0000-0000-0000-0000000000",
                "stock": "BABA",
                "time": "2024-07-25T07:01:40.016691-04:00",
                "price": 76.5219,
                "share": 23.55,
                "remain_portion": -1
            }
        ],
        "CELH": [
            {
                "uuid": "00000000-0000-0000-0000-0000000000",
                "stock": "CELH",
                "time": "2024-07-25T07:01:40.016900-04:00",
                "price": 53.122,
                "share": 258.48,
                "remain_portion": -1
            },
            {
                "uuid": "39163ee2-2a81-4570-b086-07d255a29102",
                "stock": "CELH",
                "time": "2024-07-25T07:45:40.684405-04:00",
                "price": 45.09505,
                "share": 0.0,
                "remain_portion": 6
            }
        ],
        "QCOM": [
            {
                "uuid": "00000000-0000-0000-0000-0000000000",
                "stock": "QCOM",
                "time": "2024-07-25T07:01:40.017040-04:00",
                "price": 195.7158,
                "share": 9.82,
                "remain_portion": -1
            }
        ],
        "AAPL": [
            {
                "uuid": "00000000-0000-0000-0000-0000000000",
                "stock": "AAPL",
                "time": "2024-07-25T07:01:40.016515-04:00",
                "price": 229.0549,
                "share": 12.39,
                "remain_portion": -1
            },
            {
                "uuid": "f6fcd023-932d-44e8-ab75-8af5ef693a4a",
                "stock": "AAPL",
                "time": "2024-07-25T10:11:20.105383-04:00",
                "price": 215.1,
                "share": 4.649999999999999,
                "remain_portion": 0
            }
        ],
        "DELL": [
            {
                "uuid": "00000000-0000-0000-0000-0000000000",
                "stock": "DELL",
                "time": "2024-07-25T07:01:40.017116-04:00",
                "price": 133.4984,
                "share": 77.91,
                "remain_portion": -1
            }
        ],
        "SHOP": [
            {
                "uuid": "00000000-0000-0000-0000-0000000000",
                "stock": "SHOP",
                "time": "2024-07-25T07:01:40.017003-04:00",
                "price": 65.7742,
                "share": 75.45,
                "remain_portion": -1
            }
        ],
        "CEG": [
            {
                "uuid": "00000000-0000-0000-0000-0000000000",
                "stock": "CEG",
                "time": "2024-07-25T07:01:40.017211-04:00",
                "price": 203.8425,
                "share": 36.0,
                "remain_portion": -1
            },
            {
                "uuid": "dc01f9b7-eddd-48ce-8578-1fccd96c42fd",
                "stock": "CEG",
                "time": "2024-07-25T09:55:57.013249-04:00",
                "price": 170.0,
                "share": 5.880000000000003,
                "remain_portion": 3
            }
        ],
        "MU": [
            {
                "uuid": "00000000-0000-0000-0000-0000000000",
                "stock": "MU",
                "time": "2024-07-25T07:01:40.017163-04:00",
                "price": 127.7454,
                "share": 77.76,
                "remain_portion": -1
            },
            {
                "uuid": "d8332b1d-b1d3-4455-b399-c7543d4d7cad",
                "stock": "MU",
                "time": "2024-07-25T08:00:50.754092-04:00",
                "price": 105.7,
                "share": 9.0,
                "remain_portion": 4
            }
        ],
        "HIMS": []
    },
    "active_pnl": {
        "TSLA": 0,
        "NVDA": -273.27,
        "META": -397.16,
        "MSFT": -435.31,
        "IBM": 0,
        "PLTR": 0,
        "BA": 116.76,
        "SNOW": 0,
        "GOOGL": -240.28,
        "COIN": 0,
        "SMCI": -389.92,
        "HOOD": -508.03,
        "CRWD": -953.53,
        "LULU": -577.53,
        "PANW": 0,
        "AMD": -466.89,
        "ARM": 0,
        "BABA": -11.82,
        "CELH": -1468.68,
        "QCOM": -173.58,
        "AAPL": -95.8,
        "DELL": -1587.68,
        "SHOP": -431.14,
        "CEG": -1218.33,
        "MU": -1391.5,
        "HIMS": 0
    },
    "active_pnl_percentage": {
        "TSLA": 0,
        "NVDA": -7.31,
        "META": -7.97,
        "MSFT": -5.6,
        "IBM": 0,
        "PLTR": 0,
        "BA": 4.32,
        "SNOW": 0,
        "GOOGL": -4.26,
        "COIN": 0,
        "SMCI": -15.56,
        "HOOD": -7.32,
        "CRWD": -25.34,
        "LULU": -11.57,
        "PANW": 0,
        "AMD": -7.93,
        "ARM": 0,
        "BABA": -0.65,
        "CELH": -10.7,
        "QCOM": -9.03,
        "AAPL": -2.49,
        "DELL": -15.31,
        "SHOP": -8.74,
        "CEG": -14.6,
        "MU": -12.81,
        "HIMS": 0
    }
}