{
    "time": "2024-08-14T10:32:14.677023-04:00",
    "daily_start_net_value": 112486.8987,
    "current_net_value": 112163.5654,
    "daily_pnl": -323.3332999999984,
    "daily_pnl_percentage": -0.29,
    "remain_portion": 0,
    "positions": {
        "TSLA": 23.16,
        "NVDA": 0.57,
        "META": 0,
        "MSFT": 19.29,
        "IBM": 15.27,
        "PLTR": 0,
        "BA": 27.28,
        "SNOW": 14.0,
        "GOOGL": 65.67,
        "COIN": 0,
        "SMCI": 6.0,
        "HOOD": 497.85,
        "CRWD": 15.49,
        "LULU": 17.83,
        "PANW": 0.0,
        "AMD": 60.44,
        "ARM": 0,
        "BABA": 0,
        "CELH": 301.82,
        "QCOM": 37.24,
        "AAPL": 0,
        "DELL": 113.51,
        "SHOP": 0,
        "CEG": 34.87,
        "MU": 96.73,
        "HIMS": 184.24
    },
    "cash_position": 795.79,
    "active_orders": {
        "TSLA": [
            {
                "uuid": "00000000-0000-0000-0000-0000000000",
                "stock": "TSLA",
                "time": "2024-08-14T07:01:12.395767-04:00",
                "price": 211.0569,
                "share": 18.25,
                "remain_portion": -1
            },
            {
                "uuid": "635bb652-5dc1-4d70-8a7a-5a6924c6182a",
                "stock": "TSLA",
                "time": "2024-08-14T09:50:31.472937-04:00",
                "price": 203.77,
                "share": 4.91,
                "remain_portion": 3
            }
        ],
        "NVDA": [
            {
                "uuid": "00000000-0000-0000-0000-0000000000",
                "stock": "NVDA",
                "time": "2024-08-14T07:01:12.395805-04:00",
                "price": 117.7549,
                "share": 0.57,
                "remain_portion": -1
            }
        ],
        "META": [],
        "MSFT": [
            {
                "uuid": "00000000-0000-0000-0000-0000000000",
                "stock": "MSFT",
                "time": "2024-08-14T07:01:12.395733-04:00",
                "price": 446.5873,
                "share": 19.29,
                "remain_portion": -1
            }
        ],
        "IBM": [
            {
                "uuid": "00000000-0000-0000-0000-0000000000",
                "stock": "IBM",
                "time": "2024-08-14T07:01:12.395897-04:00",
                "price": 190.7983,
                "share": 15.27,
                "remain_portion": -1
            }
        ],
        "PLTR": [],
        "BA": [
            {
                "uuid": "00000000-0000-0000-0000-0000000000",
                "stock": "BA",
                "time": "2024-08-14T07:01:12.395869-04:00",
                "price": 172.4164,
                "share": 27.28,
                "remain_portion": -1
            }
        ],
        "SNOW": [
            {
                "uuid": "00000000-0000-0000-0000-0000000000",
                "stock": "SNOW",
                "time": "2024-08-14T07:01:12.396030-04:00",
                "price": 129.91,
                "share": 14.0,
                "remain_portion": -1
            }
        ],
        "GOOGL": [
            {
                "uuid": "00000000-0000-0000-0000-0000000000",
                "stock": "GOOGL",
                "time": "2024-08-14T07:01:12.395843-04:00",
                "price": 171.7854,
                "share": 59.41,
                "remain_portion": -1
            },
            {
                "uuid": "9a156cc5-e910-4f3d-a0cb-a69ecb393c63",
                "stock": "GOOGL",
                "time": "2024-08-14T09:55:36.717513-04:00",
                "price": 159.8,
                "share": 6.260000000000005,
                "remain_portion": 2
            }
        ],
        "COIN": [],
        "SMCI": [
            {
                "uuid": "00000000-0000-0000-0000-0000000000",
                "stock": "SMCI",
                "time": "2024-08-14T07:01:12.395953-04:00",
                "price": 684.4683,
                "share": 6.0,
                "remain_portion": -1
            }
        ],
        "HOOD": [
            {
                "uuid": "00000000-0000-0000-0000-0000000000",
                "stock": "HOOD",
                "time": "2024-08-14T07:01:12.395928-04:00",
                "price": 21.971,
                "share": 497.85,
                "remain_portion": -1
            }
        ],
        "CRWD": [
            {
                "uuid": "00000000-0000-0000-0000-0000000000",
                "stock": "CRWD",
                "time": "2024-08-14T07:01:12.396108-04:00",
                "price": 307.4512,
                "share": 15.49,
                "remain_portion": -1
            }
        ],
        "LULU": [
            {
                "uuid": "00000000-0000-0000-0000-0000000000",
                "stock": "LULU",
                "time": "2024-08-14T07:01:12.395985-04:00",
                "price": 280.291,
                "share": 17.83,
                "remain_portion": -1
            }
        ],
        "PANW": [
            {
                "uuid": "670b1d16-a82a-4fd2-abcd-f57e33888fc7",
                "stock": "PANW",
                "time": "2024-08-14T09:01:02.861403-04:00",
                "price": 332.05,
                "share": 0.0,
                "remain_portion": 3
            }
        ],
        "AMD": [
            {
                "uuid": "00000000-0000-0000-0000-0000000000",
                "stock": "AMD",
                "time": "2024-08-14T07:01:12.395599-04:00",
                "price": 147.0538,
                "share": 60.44,
                "remain_portion": -1
            }
        ],
        "ARM": [],
        "BABA": [],
        "CELH": [
            {
                "uuid": "00000000-0000-0000-0000-0000000000",
                "stock": "CELH",
                "time": "2024-08-14T07:01:12.396079-04:00",
                "price": 52.0913,
                "share": 301.82,
                "remain_portion": -1
            }
        ],
        "QCOM": [
            {
                "uuid": "00000000-0000-0000-0000-0000000000",
                "stock": "QCOM",
                "time": "2024-08-14T07:01:12.396200-04:00",
                "price": 171.5521,
                "share": 31.25,
                "remain_portion": -1
            },
            {
                "uuid": "a3d8ff41-6c6c-4d21-b0a8-c43b2b90082c",
                "stock": "QCOM",
                "time": "2024-08-14T10:00:54.784336-04:00",
                "price": 166.94,
                "share": 5.990000000000002,
                "remain_portion": 0
            }
        ],
        "AAPL": [],
        "DELL": [
            {
                "uuid": "00000000-0000-0000-0000-0000000000",
                "stock": "DELL",
                "time": "2024-08-14T07:01:12.396231-04:00",
                "price": 126.8585,
                "share": 113.51,
                "remain_portion": -1
            }
        ],
        "SHOP": [],
        "CEG": [
            {
                "uuid": "00000000-0000-0000-0000-0000000000",
                "stock": "CEG",
                "time": "2024-08-14T07:01:12.396363-04:00",
                "price": 191.1878,
                "share": 34.87,
                "remain_portion": -1
            }
        ],
        "MU": [
            {
                "uuid": "00000000-0000-0000-0000-0000000000",
                "stock": "MU",
                "time": "2024-08-14T07:01:12.396271-04:00",
                "price": 122.8553,
                "share": 96.73,
                "remain_portion": -1
            }
        ],
        "HIMS": [
            {
                "uuid": "00000000-0000-0000-0000-0000000000",
                "stock": "HIMS",
                "time": "2024-08-14T07:01:12.396154-04:00",
                "price": 16.133,
                "share": 184.24,
                "remain_portion": -1
            }
        ]
    },
    "active_pnl": {
        "TSLA": -193.43,
        "NVDA": -1.31,
        "META": 0,
        "MSFT": -632.08,
        "IBM": 14.38,
        "PLTR": 0,
        "BA": -118.84,
        "SNOW": -55.09,
        "GOOGL": -797.39,
        "COIN": 0,
        "SMCI": -716.51,
        "HOOD": -1588.64,
        "CRWD": -847.94,
        "LULU": -674.44,
        "PANW": 0.0,
        "AMD": -521.22,
        "ARM": 0,
        "BABA": 0,
        "CELH": -3863.69,
        "QCOM": -198.06,
        "AAPL": 0,
        "DELL": -2812.61,
        "SHOP": 0,
        "CEG": -152.31,
        "MU": -2331.71,
        "HIMS": -65.04
    },
    "active_pnl_percentage": {
        "TSLA": -4.01,
        "NVDA": -1.97,
        "META": 0,
        "MSFT": -7.36,
        "IBM": 0.49,
        "PLTR": 0,
        "BA": -2.53,
        "SNOW": -3.09,
        "GOOGL": -7.11,
        "COIN": 0,
        "SMCI": -17.59,
        "HOOD": -14.55,
        "CRWD": -17.79,
        "LULU": -13.5,
        "PANW": 0,
        "AMD": -5.81,
        "ARM": 0,
        "BABA": 0,
        "CELH": -24.56,
        "QCOM": -3.04,
        "AAPL": 0,
        "DELL": -19.5,
        "SHOP": 0,
        "CEG": -2.28,
        "MU": -19.62,
        "HIMS": -2.13
    }
}