{
    "time": "2024-07-16T19:37:34.941030-04:00",
    "daily_start_net_value": 85211.502,
    "current_net_value": 85335.6065,
    "daily_pnl": 124.10450000000128,
    "daily_pnl_percentage": 0.15,
    "remain_portion": 17,
    "positions": {
        "TSLA": 0,
        "NVDA": 14.13,
        "META": 5.96,
        "MSFT": 13.02,
        "IBM": 0,
        "PLTR": 0,
        "BA": 0.0,
        "SNOW": 7.07,
        "GOOGL": 29.54,
        "COIN": 0,
        "SMCI": 0.0,
        "HOOD": 0,
        "CRWD": 0,
        "LULU": 0,
        "PANW": 0.0,
        "AMD": 0.52,
        "ARM": 0,
        "BABA": 30.0,
        "CELH": 139.98,
        "QCOM": 0.82,
        "AAPL": 0,
        "DELL": 42.91,
        "SHOP": 0,
        "CEG": 17.62,
        "MU": 45.45,
        "HIMS": 0
    },
    "cash_position": 17620.23,
    "active_orders": {
        "TSLA": [],
        "NVDA": [
            {
                "uuid": "00000000-0000-0000-0000-0000000000",
                "stock": "NVDA",
                "time": "2024-07-16T07:01:22.379093-04:00",
                "price": 127.3415,
                "share": 14.13,
                "remain_portion": -1
            }
        ],
        "META": [
            {
                "uuid": "00000000-0000-0000-0000-0000000000",
                "stock": "META",
                "time": "2024-07-16T07:01:22.378872-04:00",
                "price": 509.2937,
                "share": 5.96,
                "remain_portion": -1
            }
        ],
        "MSFT": [
            {
                "uuid": "00000000-0000-0000-0000-0000000000",
                "stock": "MSFT",
                "time": "2024-07-16T07:01:22.379056-04:00",
                "price": 457.0047,
                "share": 8.55,
                "remain_portion": -1
            },
            {
                "uuid": "93c9159b-2821-4d40-9cf1-5cccc562ab1a",
                "stock": "MSFT",
                "time": "2024-07-16T10:16:19.241109-04:00",
                "price": 448.55,
                "share": 2.2299999999999986,
                "remain_portion": 31
            },
            {
                "uuid": "dbcdd00e-9ce2-49d4-92bd-f104c7c3c212",
                "stock": "MSFT",
                "time": "2024-07-16T13:46:35.220034-04:00",
                "price": 447.1,
                "share": 2.24,
                "remain_portion": 23
            }
        ],
        "IBM": [],
        "PLTR": [],
        "BA": [
            {
                "uuid": "426d55df-bf56-4ba1-9b59-5f558c040e0a",
                "stock": "BA",
                "time": "2024-07-16T17:20:53.305150-04:00",
                "price": 185.55,
                "share": 0.0,
                "remain_portion": 21
            }
        ],
        "SNOW": [
            {
                "uuid": "2d42df84-a34a-46b8-b377-899f629b08db",
                "stock": "SNOW",
                "time": "2024-07-16T09:50:54.465738-04:00",
                "price": 136.6169,
                "share": 7.07,
                "remain_portion": -1
            }
        ],
        "GOOGL": [
            {
                "uuid": "bcf7df81-c2dd-4ab7-9ab0-507651cbe262",
                "stock": "GOOGL",
                "time": "2024-07-16T09:45:44.691012-04:00",
                "price": 186.7985,
                "share": 7.88,
                "remain_portion": -1
            },
            {
                "uuid": "25224116-19c1-4088-8c3f-fddc0b01720f",
                "stock": "GOOGL",
                "time": "2024-07-16T10:16:22.443312-04:00",
                "price": 185.93,
                "share": 5.38,
                "remain_portion": 30
            },
            {
                "uuid": "c68348cb-51b6-408a-b35f-57f315d23328",
                "stock": "GOOGL",
                "time": "2024-07-16T12:26:26.919254-04:00",
                "price": 184.42,
                "share": 5.42,
                "remain_portion": 27
            },
            {
                "uuid": "25a3c166-14fc-415f-b8de-7881e0729ffa",
                "stock": "GOOGL",
                "time": "2024-07-16T12:43:02.671665-04:00",
                "price": 184.17,
                "share": 5.43,
                "remain_portion": 25
            },
            {
                "uuid": "feee3e76-2b56-4eaf-94fd-f5c634383259",
                "stock": "GOOGL",
                "time": "2024-07-16T13:46:37.301658-04:00",
                "price": 183.47,
                "share": 10.880000000000003,
                "remain_portion": 22
            }
        ],
        "COIN": [],
        "SMCI": [
            {
                "uuid": "fb88d0a3-eb9e-485f-8f0a-42217eb84f27",
                "stock": "SMCI",
                "time": "2024-07-16T09:16:19.463588-04:00",
                "price": 895.8599999999999,
                "share": 0.0,
                "remain_portion": 36
            }
        ],
        "HOOD": [],
        "CRWD": [],
        "LULU": [],
        "PANW": [
            {
                "uuid": "ea6002b3-a7c4-4e75-84f9-d831443c4456",
                "stock": "PANW",
                "time": "2024-07-16T19:00:35.992166-04:00",
                "price": 337.86,
                "share": 0.0,
                "remain_portion": 20
            }
        ],
        "AMD": [
            {
                "uuid": "00000000-0000-0000-0000-0000000000",
                "stock": "AMD",
                "time": "2024-07-16T07:01:22.379011-04:00",
                "price": 180.9656,
                "share": 0.52,
                "remain_portion": -1
            }
        ],
        "ARM": [],
        "BABA": [
            {
                "uuid": "8e0a224a-d230-4a99-8db7-771618d398b7",
                "stock": "BABA",
                "time": "2024-07-16T19:01:15.244850-04:00",
                "price": 78.3528,
                "share": 30.0,
                "remain_portion": -1
            }
        ],
        "CELH": [
            {
                "uuid": "00000000-0000-0000-0000-0000000000",
                "stock": "CELH",
                "time": "2024-07-16T07:01:22.379454-04:00",
                "price": 56.7923,
                "share": 103.98,
                "remain_portion": -1
            },
            {
                "uuid": "c3386e93-92bd-4f65-8cb2-8ddf52ed3210",
                "stock": "CELH",
                "time": "2024-07-16T09:26:24.902606-04:00",
                "price": 52.699999999999996,
                "share": 18.0,
                "remain_portion": 35
            },
            {
                "uuid": "1471b4a2-370d-4e54-bf44-2a658c2bbc6c",
                "stock": "CELH",
                "time": "2024-07-16T19:11:21.039275-04:00",
                "price": 52.65,
                "share": 17.999999999999986,
                "remain_portion": 19
            }
        ],
        "QCOM": [
            {
                "uuid": "cf839166-9a4e-4e4c-961d-abeb35265e49",
                "stock": "QCOM",
                "time": "2024-07-16T16:06:11.218154-04:00",
                "price": 207.2303,
                "share": 0.82,
                "remain_portion": -1
            }
        ],
        "AAPL": [],
        "DELL": [
            {
                "uuid": "00000000-0000-0000-0000-0000000000",
                "stock": "DELL",
                "time": "2024-07-16T07:01:22.379545-04:00",
                "price": 138.3428,
                "share": 21.91,
                "remain_portion": -1
            },
            {
                "uuid": "b28e5672-d845-45e6-add4-b59bf0e40f60",
                "stock": "DELL",
                "time": "2024-07-16T18:55:20.922413-04:00",
                "price": 134.05,
                "share": 7.0,
                "remain_portion": 21
            },
            {
                "uuid": "176ba21a-a6cb-4344-b167-55342fce5779",
                "stock": "DELL",
                "time": "2024-07-16T19:11:24.475173-04:00",
                "price": 134.05,
                "share": 6.9999999999999964,
                "remain_portion": 18
            },
            {
                "uuid": "97cd597a-07df-4067-aa7b-4cf9248def09",
                "stock": "DELL",
                "time": "2024-07-16T19:26:31.701672-04:00",
                "price": 134.05,
                "share": 7.0,
                "remain_portion": 17
            }
        ],
        "SHOP": [],
        "CEG": [
            {
                "uuid": "00000000-0000-0000-0000-0000000000",
                "stock": "CEG",
                "time": "2024-07-16T07:01:22.379630-04:00",
                "price": 215.03,
                "share": 8.0,
                "remain_portion": -1
            },
            {
                "uuid": "cb79a8cf-bca8-4016-9f2e-34c33352249c",
                "stock": "CEG",
                "time": "2024-07-16T10:06:08.592078-04:00",
                "price": 208.46,
                "share": 4.800000000000001,
                "remain_portion": 34
            },
            {
                "uuid": "d26c75bd-486b-4071-a918-f6a9f69d29a8",
                "stock": "CEG",
                "time": "2024-07-16T13:01:10.191953-04:00",
                "price": 207.66,
                "share": 4.82,
                "remain_portion": 24
            }
        ],
        "MU": [
            {
                "uuid": "00000000-0000-0000-0000-0000000000",
                "stock": "MU",
                "time": "2024-07-16T07:01:22.379593-04:00",
                "price": 131.9974,
                "share": 45.45,
                "remain_portion": -1
            }
        ],
        "HIMS": []
    },
    "active_pnl": {
        "TSLA": 0,
        "NVDA": -18.81,
        "META": -134.96,
        "MSFT": -58.94,
        "IBM": 0,
        "PLTR": 0,
        "BA": 0.0,
        "SNOW": -3.73,
        "GOOGL": -40.37,
        "COIN": 0,
        "SMCI": 0.0,
        "HOOD": 0,
        "CRWD": 0,
        "LULU": 0,
        "PANW": 0.0,
        "AMD": -2.02,
        "ARM": 0,
        "BABA": -0.98,
        "CELH": -435.82,
        "QCOM": 1.46,
        "AAPL": 0,
        "DELL": -103.07,
        "SHOP": 0,
        "CEG": -121.16,
        "MU": -208.5,
        "HIMS": 0
    },
    "active_pnl_percentage": {
        "TSLA": 0,
        "NVDA": -1.05,
        "META": -4.45,
        "MSFT": -1.0,
        "IBM": 0,
        "PLTR": 0,
        "BA": 0,
        "SNOW": -0.39,
        "GOOGL": -0.62,
        "COIN": 0,
        "SMCI": 0,
        "HOOD": 0,
        "CRWD": 0,
        "LULU": 0,
        "PANW": 0,
        "AMD": -2.14,
        "ARM": 0,
        "BABA": -0.04,
        "CELH": -5.59,
        "QCOM": 0.86,
        "AAPL": 0,
        "DELL": -1.76,
        "SHOP": 0,
        "CEG": -3.26,
        "MU": -3.48,
        "HIMS": 0
    }
}