{
    "time": "2024-07-09T09:31:09.010194-04:00",
    "daily_start_net_value": 84225.1358,
    "current_net_value": 84278.2306,
    "daily_pnl": 53.094799999991665,
    "daily_pnl_percentage": 0.06,
    "remain_portion": 38,
    "positions": {
        "TSLA": 0,
        "NVDA": 0,
        "META": 0,
        "MSFT": 0,
        "IBM": 0.0,
        "PLTR": 0,
        "BA": 27.19,
        "SNOW": 7.0,
        "GOOGL": 0,
        "COIN": 0,
        "SMCI": 0,
        "HOOD": 250.07,
        "CRWD": 2.0,
        "LULU": 18.18,
        "PANW": 0,
        "AMD": 0,
        "ARM": 0,
        "BABA": 104.93,
        "CELH": 86.0,
        "QCOM": 4.96,
        "AAPL": 0,
        "DELL": 0,
        "SHOP": 0.78,
        "CEG": 0,
        "MU": 37.06,
        "HIMS": 384.62
    },
    "cash_position": 38336.36,
    "active_orders": {
        "TSLA": [],
        "NVDA": [],
        "META": [],
        "MSFT": [],
        "IBM": [
            {
                "uuid": "85b5f1ef-b0ad-42e8-835a-d1d165dbca44",
                "stock": "IBM",
                "time": "2024-07-09T08:55:44.164916-04:00",
                "price": 177.75330000000002,
                "share": 0.0,
                "remain_portion": 40
            }
        ],
        "PLTR": [],
        "BA": [
            {
                "uuid": "00000000-0000-0000-0000-0000000000",
                "stock": "BA",
                "time": "2024-07-09T07:03:23.966835-04:00",
                "price": 183.8738,
                "share": 27.19,
                "remain_portion": -1
            }
        ],
        "SNOW": [
            {
                "uuid": "68b67208-97dd-4cb9-aad7-93d9a9045261",
                "stock": "SNOW",
                "time": "2024-07-09T08:40:18.205175-04:00",
                "price": 141.35000000000002,
                "share": 7.0,
                "remain_portion": 43
            }
        ],
        "GOOGL": [],
        "COIN": [],
        "SMCI": [],
        "HOOD": [
            {
                "uuid": "00000000-0000-0000-0000-0000000000",
                "stock": "HOOD",
                "time": "2024-07-09T07:03:23.966966-04:00",
                "price": 22.3487,
                "share": 250.07,
                "remain_portion": -1
            },
            {
                "uuid": "887f920a-cde2-4bb6-803d-7858e93db0ed",
                "stock": "HOOD",
                "time": "2024-07-09T09:11:01.565545-04:00",
                "price": 22.142120000000002,
                "share": 0.0,
                "remain_portion": 39
            }
        ],
        "CRWD": [
            {
                "uuid": "d6be8add-7404-4d17-925a-7df54d81febc",
                "stock": "CRWD",
                "time": "2024-07-09T09:11:04.220647-04:00",
                "price": 390.81,
                "share": 2.0,
                "remain_portion": 38
            }
        ],
        "LULU": [
            {
                "uuid": "00000000-0000-0000-0000-0000000000",
                "stock": "LULU",
                "time": "2024-07-09T07:03:23.967022-04:00",
                "price": 297.5685,
                "share": 15.18,
                "remain_portion": -1
            },
            {
                "uuid": "9b2a277f-8428-4c42-ab9a-5a8d54a1fd0b",
                "stock": "LULU",
                "time": "2024-07-09T08:45:25.145807-04:00",
                "price": 294.55,
                "share": 3.0,
                "remain_portion": 41
            }
        ],
        "PANW": [],
        "AMD": [],
        "ARM": [],
        "BABA": [
            {
                "uuid": "00000000-0000-0000-0000-0000000000",
                "stock": "BABA",
                "time": "2024-07-09T07:03:23.966996-04:00",
                "price": 72.9901,
                "share": 104.93,
                "remain_portion": -1
            }
        ],
        "CELH": [
            {
                "uuid": "00000000-0000-0000-0000-0000000000",
                "stock": "CELH",
                "time": "2024-07-09T07:03:23.967048-04:00",
                "price": 55.8796,
                "share": 52.0,
                "remain_portion": -1
            },
            {
                "uuid": "3110943d-bea6-4c34-a2d8-b3597e615131",
                "stock": "CELH",
                "time": "2024-07-09T08:00:50.318100-04:00",
                "price": 55.61,
                "share": 0.0,
                "remain_portion": 45
            },
            {
                "uuid": "8a2087fb-1605-4e3c-b9eb-f7d304cb5bb6",
                "stock": "CELH",
                "time": "2024-07-09T08:40:20.902315-04:00",
                "price": 55.75,
                "share": 34.0,
                "remain_portion": 42
            }
        ],
        "QCOM": [
            {
                "uuid": "00000000-0000-0000-0000-0000000000",
                "stock": "QCOM",
                "time": "2024-07-09T07:03:23.967125-04:00",
                "price": 205.0916,
                "share": 0.96,
                "remain_portion": -1
            },
            {
                "uuid": "e5bea606-2925-48be-866c-86e25b16d443",
                "stock": "QCOM",
                "time": "2024-07-09T08:35:11.119568-04:00",
                "price": 206.70000000000002,
                "share": 4.0,
                "remain_portion": 44
            }
        ],
        "AAPL": [],
        "DELL": [],
        "SHOP": [
            {
                "uuid": "00000000-0000-0000-0000-0000000000",
                "stock": "SHOP",
                "time": "2024-07-09T07:03:23.967099-04:00",
                "price": 67.1672,
                "share": 0.78,
                "remain_portion": -1
            }
        ],
        "CEG": [],
        "MU": [
            {
                "uuid": "00000000-0000-0000-0000-0000000000",
                "stock": "MU",
                "time": "2024-07-09T07:03:23.967151-04:00",
                "price": 136.5127,
                "share": 37.06,
                "remain_portion": -1
            }
        ],
        "HIMS": [
            {
                "uuid": "00000000-0000-0000-0000-0000000000",
                "stock": "HIMS",
                "time": "2024-07-09T07:03:23.967074-04:00",
                "price": 20.6147,
                "share": 144.62,
                "remain_portion": -1
            },
            {
                "uuid": "36765718-880e-4f93-ae76-51aa8364969e",
                "stock": "HIMS",
                "time": "2024-07-09T07:40:33.775013-04:00",
                "price": 20.530510000000003,
                "share": 0.0,
                "remain_portion": 46
            },
            {
                "uuid": "4caac4fc-d6a1-49f8-b0a1-2f59828feb3b",
                "stock": "HIMS",
                "time": "2024-07-09T08:50:29.281164-04:00",
                "price": 20.54052,
                "share": 240.0,
                "remain_portion": 41
            }
        ]
    },
    "active_pnl": {
        "TSLA": 0,
        "NVDA": 0,
        "META": 0,
        "MSFT": 0,
        "IBM": 0.0,
        "PLTR": 0,
        "BA": 36.6,
        "SNOW": -0.96,
        "GOOGL": 0,
        "COIN": 0,
        "SMCI": 0,
        "HOOD": -39.69,
        "CRWD": 4.08,
        "LULU": -90.36,
        "PANW": 0,
        "AMD": 0,
        "ARM": 0,
        "BABA": 135.35,
        "CELH": -6.74,
        "QCOM": -6.74,
        "AAPL": 0,
        "DELL": 0,
        "SHOP": -0.02,
        "CEG": 0,
        "MU": -154.64,
        "HIMS": -84.01
    },
    "active_pnl_percentage": {
        "TSLA": 0,
        "NVDA": 0,
        "META": 0,
        "MSFT": 0,
        "IBM": 0,
        "PLTR": 0,
        "BA": 0.79,
        "SNOW": -0.11,
        "GOOGL": 0,
        "COIN": 0,
        "SMCI": 0,
        "HOOD": -0.67,
        "CRWD": 0.48,
        "LULU": -1.69,
        "PANW": 0,
        "AMD": 0,
        "ARM": 0,
        "BABA": 1.82,
        "CELH": -0.14,
        "QCOM": -0.54,
        "AAPL": 0,
        "DELL": 0,
        "SHOP": 0.02,
        "CEG": 0,
        "MU": -3.03,
        "HIMS": -0.79
    }
}