{
    "time": "2024-07-11T20:00:39.113216-04:00",
    "daily_start_net_value": 84957.4778,
    "current_net_value": 85094.821,
    "daily_pnl": 137.34320000000298,
    "daily_pnl_percentage": 0.16,
    "remain_portion": 0,
    "positions": {
        "TSLA": 8.0,
        "NVDA": 29.63,
        "META": 2.96,
        "MSFT": 6.55,
        "IBM": 0,
        "PLTR": 37.21,
        "BA": 0.0,
        "SNOW": 14.59,
        "GOOGL": 26.68,
        "COIN": 13.84,
        "SMCI": 1.0,
        "HOOD": 90.28,
        "CRWD": 5.29,
        "LULU": 13.84,
        "PANW": 2.0,
        "AMD": 0,
        "ARM": 26.44,
        "BABA": 0,
        "CELH": 0,
        "QCOM": 24.76,
        "AAPL": 0.79,
        "DELL": 14.18,
        "SHOP": 0,
        "CEG": 0,
        "MU": 23.15,
        "HIMS": 0.59
    },
    "cash_position": 192.74,
    "active_orders": {
        "TSLA": [
            {
                "uuid": "83d42bb4-c569-479e-85b2-1cac64e1cb25",
                "stock": "TSLA",
                "time": "2024-07-11T17:11:10.598723-04:00",
                "price": 238.20000000000002,
                "share": 4.0,
                "remain_portion": 10
            },
            {
                "uuid": "e0052796-ab8a-4ad5-b1a4-32a643c4ef51",
                "stock": "TSLA",
                "time": "2024-07-11T17:36:29.798578-04:00",
                "price": 235.77,
                "share": 4.0,
                "remain_portion": 6
            }
        ],
        "NVDA": [
            {
                "uuid": "98eb2f1b-faa6-4e46-aa46-6a159a2fcfe8",
                "stock": "NVDA",
                "time": "2024-07-11T11:46:13.145834-04:00",
                "price": 128.44,
                "share": 7.79,
                "remain_portion": 30
            },
            {
                "uuid": "c855787b-cd57-4708-85e8-821c4df57fd8",
                "stock": "NVDA",
                "time": "2024-07-11T14:09:18.297474-04:00",
                "price": 127.54,
                "share": 7.840000000000001,
                "remain_portion": 12
            },
            {
                "uuid": "8af85e20-e18e-403b-bfa1-338b4b5c9995",
                "stock": "NVDA",
                "time": "2024-07-11T17:11:13.363617-04:00",
                "price": 126.67,
                "share": 6.999999999999998,
                "remain_portion": 9
            },
            {
                "uuid": "30405abc-f6b1-485b-bb86-4c1d5571ed1a",
                "stock": "NVDA",
                "time": "2024-07-11T17:26:23.404725-04:00",
                "price": 126.64999999999999,
                "share": 7.0,
                "remain_portion": 7
            }
        ],
        "META": [
            {
                "uuid": "02acfbaa-728d-4939-b78d-d3279efb3373",
                "stock": "META",
                "time": "2024-07-11T09:21:13.233765-04:00",
                "price": 533.05,
                "share": 0.0,
                "remain_portion": 49
            },
            {
                "uuid": "1f2eed82-c851-4910-8b56-010550048019",
                "stock": "META",
                "time": "2024-07-11T13:56:04.243578-04:00",
                "price": 511.1,
                "share": 2.96,
                "remain_portion": 17
            }
        ],
        "MSFT": [
            {
                "uuid": "db7a4d54-a756-47ba-a891-a4ffc4ed3b9c",
                "stock": "MSFT",
                "time": "2024-07-11T10:05:56.898772-04:00",
                "price": 460.83,
                "share": 2.17,
                "remain_portion": 48
            },
            {
                "uuid": "bce31f76-6faf-4b64-9ae5-984f7793eb78",
                "stock": "MSFT",
                "time": "2024-07-11T10:22:30.021094-04:00",
                "price": 457.01,
                "share": 4.38,
                "remain_portion": 43
            }
        ],
        "IBM": [],
        "PLTR": [
            {
                "uuid": "2a0532e5-a1b6-4e8f-b02e-1f4b03d91c38",
                "stock": "PLTR",
                "time": "2024-07-11T15:05:57.415289-04:00",
                "price": 27.1168,
                "share": 1.21,
                "remain_portion": -1
            },
            {
                "uuid": "10993fd1-5866-41f4-aacd-90be66d8cccf",
                "stock": "PLTR",
                "time": "2024-07-11T19:00:36.403971-04:00",
                "price": 27.307280000000002,
                "share": 36.0,
                "remain_portion": 2
            }
        ],
        "BA": [
            {
                "uuid": "4470f993-7c9d-474f-8b8b-7fe186d92d64",
                "stock": "BA",
                "time": "2024-07-11T18:36:12.221863-04:00",
                "price": 183.97,
                "share": 0.0,
                "remain_portion": 4
            }
        ],
        "SNOW": [
            {
                "uuid": "49472288-27ff-443f-b065-190cb2e5be07",
                "stock": "SNOW",
                "time": "2024-07-11T12:00:46.226338-04:00",
                "price": 137.49,
                "share": 7.27,
                "remain_portion": 21
            },
            {
                "uuid": "bc8d1c7b-76d3-4c98-bfa4-89953fbd3c85",
                "stock": "SNOW",
                "time": "2024-07-11T14:01:08.842716-04:00",
                "price": 136.6,
                "share": 7.32,
                "remain_portion": 16
            }
        ],
        "GOOGL": [
            {
                "uuid": "27b87dc3-f861-40e5-b59c-744372d9d8c1",
                "stock": "GOOGL",
                "time": "2024-07-11T10:16:02.495660-04:00",
                "price": 188.27,
                "share": 5.31,
                "remain_portion": 47
            },
            {
                "uuid": "0928386b-440b-42a0-bf88-ac0cf06509e9",
                "stock": "GOOGL",
                "time": "2024-07-11T10:31:36.566519-04:00",
                "price": 188.23,
                "share": 5.31,
                "remain_portion": 42
            },
            {
                "uuid": "ea516f2f-e717-44fb-b094-78b889f049ea",
                "stock": "GOOGL",
                "time": "2024-07-11T10:46:01.142973-04:00",
                "price": 187.74,
                "share": 5.33,
                "remain_portion": 40
            },
            {
                "uuid": "0fa3d603-bfd1-4bf4-a9e1-b51c0d0dc38e",
                "stock": "GOOGL",
                "time": "2024-07-11T11:01:18.008461-04:00",
                "price": 186.95,
                "share": 5.350000000000001,
                "remain_portion": 37
            },
            {
                "uuid": "3cb6e724-24ac-45b8-9962-51c9ad37b586",
                "stock": "GOOGL",
                "time": "2024-07-11T11:38:03.762699-04:00",
                "price": 186.01,
                "share": 5.379999999999999,
                "remain_portion": 32
            }
        ],
        "COIN": [
            {
                "uuid": "7178f2f2-52ac-451c-bfd8-a5effe4b246d",
                "stock": "COIN",
                "time": "2024-07-11T11:50:34.632942-04:00",
                "price": 218.88,
                "share": 4.57,
                "remain_portion": 24
            },
            {
                "uuid": "78ddde0b-c365-4aea-92fd-221c09d4f850",
                "stock": "COIN",
                "time": "2024-07-11T12:05:54.623827-04:00",
                "price": 215.84,
                "share": 4.629999999999999,
                "remain_portion": 19
            },
            {
                "uuid": "6ffd1b0e-ccc6-433d-88b0-ba7205d2746f",
                "stock": "COIN",
                "time": "2024-07-11T14:16:24.097499-04:00",
                "price": 215.41,
                "share": 4.640000000000001,
                "remain_portion": 11
            }
        ],
        "SMCI": [
            {
                "uuid": "b1a4e4fa-49df-4993-b309-8cea4b7ca823",
                "stock": "SMCI",
                "time": "2024-07-11T19:00:50.023920-04:00",
                "price": 880.1099999999999,
                "share": 0.0,
                "remain_portion": 1
            },
            {
                "uuid": "c938defd-333c-4b6e-bb13-12a5156484ce",
                "stock": "SMCI",
                "time": "2024-07-11T19:16:02.215781-04:00",
                "price": 880.1099999999999,
                "share": 1.0,
                "remain_portion": 1
            },
            {
                "uuid": "432e521a-4a51-4d02-b7eb-930ef2652a71",
                "stock": "SMCI",
                "time": "2024-07-11T19:31:19.923944-04:00",
                "price": 880.1099999999999,
                "share": 0.0,
                "remain_portion": 0
            }
        ],
        "HOOD": [
            {
                "uuid": "8de477fd-e586-4f40-846b-54bf6b34679d",
                "stock": "HOOD",
                "time": "2024-07-11T11:55:41.373979-04:00",
                "price": 22.2,
                "share": 45.05,
                "remain_portion": 22
            },
            {
                "uuid": "4e2ee9b9-b548-4a7b-b228-a3ef1eb8754e",
                "stock": "HOOD",
                "time": "2024-07-11T14:01:12.185938-04:00",
                "price": 22.11,
                "share": 45.230000000000004,
                "remain_portion": 15
            }
        ],
        "CRWD": [
            {
                "uuid": "00000000-0000-0000-0000-0000000000",
                "stock": "CRWD",
                "time": "2024-07-11T07:01:23.967363-04:00",
                "price": 384.4385,
                "share": 2.6,
                "remain_portion": -1
            },
            {
                "uuid": "d29e1e14-b72f-4f14-adfb-9b6233899f82",
                "stock": "CRWD",
                "time": "2024-07-11T11:41:07.984194-04:00",
                "price": 371.25,
                "share": 2.69,
                "remain_portion": 31
            }
        ],
        "LULU": [
            {
                "uuid": "5d430b4f-ea67-4deb-8d34-895ef212d2bf",
                "stock": "LULU",
                "time": "2024-07-11T10:21:21.294600-04:00",
                "price": 293.6294,
                "share": 13.84,
                "remain_portion": -1
            }
        ],
        "PANW": [
            {
                "uuid": "8b2e069f-e5a3-420b-809c-4a9cf80b353c",
                "stock": "PANW",
                "time": "2024-07-11T08:26:38.271191-04:00",
                "price": 335.1,
                "share": 0.0,
                "remain_portion": 51
            },
            {
                "uuid": "882fedda-86e5-4dd7-8ef6-dc464f3fe163",
                "stock": "PANW",
                "time": "2024-07-11T10:36:50.471744-04:00",
                "price": 332.95,
                "share": 5.0,
                "remain_portion": 41
            }
        ],
        "AMD": [],
        "ARM": [
            {
                "uuid": "4b05679d-606b-47d3-a3fe-e3f6c360c85d",
                "stock": "ARM",
                "time": "2024-07-11T11:46:18.731600-04:00",
                "price": 175.83,
                "share": 5.69,
                "remain_portion": 28
            },
            {
                "uuid": "0dba7c8c-09b0-47c8-972e-832e0234961a",
                "stock": "ARM",
                "time": "2024-07-11T14:06:59.617272-04:00",
                "price": 173.83,
                "share": 5.749999999999999,
                "remain_portion": 13
            },
            {
                "uuid": "9e706e53-be85-410d-bc40-77a73b734e21",
                "stock": "ARM",
                "time": "2024-07-11T16:25:36.936474-04:00",
                "price": 174.05,
                "share": 5.000000000000002,
                "remain_portion": 10
            },
            {
                "uuid": "a87e8184-2e41-49f3-ba41-48844e42fe66",
                "stock": "ARM",
                "time": "2024-07-11T17:21:18.991933-04:00",
                "price": 173.26000000000002,
                "share": 5.0,
                "remain_portion": 8
            },
            {
                "uuid": "dc433dbc-574e-446e-aad0-b7e673a3d007",
                "stock": "ARM",
                "time": "2024-07-11T17:36:33.016648-04:00",
                "price": 173.05,
                "share": 5.0,
                "remain_portion": 5
            },
            {
                "uuid": "40b91fc6-be16-403c-a605-fe12f37f26c0",
                "stock": "ARM",
                "time": "2024-07-11T18:45:29.014922-04:00",
                "price": 172.55,
                "share": 3.0,
                "remain_portion": 3
            }
        ],
        "BABA": [],
        "CELH": [],
        "QCOM": [
            {
                "uuid": "61b6d4c2-4ed6-4032-9d9f-3747855d67cf",
                "stock": "QCOM",
                "time": "2024-07-11T10:51:08.473912-04:00",
                "price": 204.45,
                "share": 4.89,
                "remain_portion": 38
            },
            {
                "uuid": "26c70c71-e8ca-48ce-8d0b-aaeb12c67af6",
                "stock": "QCOM",
                "time": "2024-07-11T11:46:21.704419-04:00",
                "price": 202.33,
                "share": 4.94,
                "remain_portion": 27
            },
            {
                "uuid": "277e8ff1-b4f1-46f5-8f11-d8a023358cfb",
                "stock": "QCOM",
                "time": "2024-07-11T12:00:49.761707-04:00",
                "price": 201.2,
                "share": 4.970000000000001,
                "remain_portion": 20
            },
            {
                "uuid": "05b44f3d-0dea-4143-b5da-f4ab6d66f440",
                "stock": "QCOM",
                "time": "2024-07-11T13:17:41.459813-04:00",
                "price": 201.18,
                "share": 4.969999999999999,
                "remain_portion": 18
            },
            {
                "uuid": "0e856e4c-c374-4df3-9af6-8256bb8ba1ba",
                "stock": "QCOM",
                "time": "2024-07-11T14:01:15.650466-04:00",
                "price": 200.59,
                "share": 4.990000000000002,
                "remain_portion": 14
            }
        ],
        "AAPL": [
            {
                "uuid": "e8527a5e-4050-4944-a4ec-25e3db50ae59",
                "stock": "AAPL",
                "time": "2024-07-11T19:10:58.361208-04:00",
                "price": 227.5358,
                "share": 0.79,
                "remain_portion": -1
            }
        ],
        "DELL": [
            {
                "uuid": "ab21fae8-770b-4106-a89f-97f61b5f70d8",
                "stock": "DELL",
                "time": "2024-07-11T10:21:24.426776-04:00",
                "price": 142.0,
                "share": 7.04,
                "remain_portion": 45
            },
            {
                "uuid": "ccb881c7-a749-49fb-a95d-b0884f7ca4c3",
                "stock": "DELL",
                "time": "2024-07-11T11:46:23.775798-04:00",
                "price": 140.07,
                "share": 7.14,
                "remain_portion": 26
            },
            {
                "uuid": "59fee284-f88e-4cc0-919e-e7ec769f3102",
                "stock": "DELL",
                "time": "2024-07-11T12:05:56.674886-04:00",
                "price": 139.91,
                "share": 7.14,
                "remain_portion": 18
            }
        ],
        "SHOP": [],
        "CEG": [],
        "MU": [
            {
                "uuid": "4d43d9f3-762e-4488-95ed-991d1a753f7c",
                "stock": "MU",
                "time": "2024-07-11T08:42:04.080372-04:00",
                "price": 135.663,
                "share": 0.33,
                "remain_portion": -1
            },
            {
                "uuid": "8b26085a-ce17-477c-8ea2-419c7c97877c",
                "stock": "MU",
                "time": "2024-07-11T10:21:26.985262-04:00",
                "price": 132.57,
                "share": 7.54,
                "remain_portion": 44
            },
            {
                "uuid": "d0daba9a-ccf9-4425-957d-60f3fbc03121",
                "stock": "MU",
                "time": "2024-07-11T11:36:59.827330-04:00",
                "price": 130.93,
                "share": 7.64,
                "remain_portion": 33
            },
            {
                "uuid": "8b52c4a9-1601-42d0-be3e-98ffeeaffe9b",
                "stock": "MU",
                "time": "2024-07-11T11:50:37.546704-04:00",
                "price": 130.85,
                "share": 7.639999999999999,
                "remain_portion": 23
            }
        ],
        "HIMS": [
            {
                "uuid": "ba7d509c-1b97-4aa2-9150-3cdae01d101c",
                "stock": "HIMS",
                "time": "2024-07-11T16:46:00.223998-04:00",
                "price": 20.2633,
                "share": 0.59,
                "remain_portion": -1
            }
        ]
    },
    "active_pnl": {
        "TSLA": -2.12,
        "NVDA": -34.1,
        "META": 1.95,
        "MSFT": -23.29,
        "IBM": 0,
        "PLTR": 1.08,
        "BA": 0.0,
        "SNOW": 16.58,
        "GOOGL": -51.65,
        "COIN": -26.42,
        "SMCI": 3.89,
        "HOOD": -13.99,
        "CRWD": -44.55,
        "LULU": -59.89,
        "PANW": -9.8,
        "AMD": 0,
        "ARM": -14.55,
        "BABA": 0,
        "CELH": 0,
        "QCOM": -23.28,
        "AAPL": 0.41,
        "DELL": -5.84,
        "SHOP": 0,
        "CEG": 0,
        "MU": -32.07,
        "HIMS": 0.49
    },
    "active_pnl_percentage": {
        "TSLA": -0.11,
        "NVDA": -0.9,
        "META": 0.13,
        "MSFT": -0.78,
        "IBM": 0,
        "PLTR": 0.11,
        "BA": 0,
        "SNOW": 0.83,
        "GOOGL": -1.03,
        "COIN": -0.88,
        "SMCI": 0.44,
        "HOOD": -0.7,
        "CRWD": -2.23,
        "LULU": -1.47,
        "PANW": -0.59,
        "AMD": 0,
        "ARM": -0.28,
        "BABA": 0,
        "CELH": 0,
        "QCOM": -0.47,
        "AAPL": 0.23,
        "DELL": -0.19,
        "SHOP": 0,
        "CEG": 0,
        "MU": -1.05,
        "HIMS": 4.08
    }
}