{
    "time": "2024-07-11T10:31:37.446034-04:00",
    "daily_start_net_value": 84957.4778,
    "current_net_value": 85315.1105,
    "daily_pnl": 357.63270000000193,
    "daily_pnl_percentage": 0.42,
    "remain_portion": 42,
    "positions": {
        "TSLA": 0,
        "NVDA": 0,
        "META": 0.0,
        "MSFT": 6.55,
        "IBM": 0,
        "PLTR": 0,
        "BA": 0.59,
        "SNOW": 0,
        "GOOGL": 10.62,
        "COIN": 0,
        "SMCI": 0,
        "HOOD": 0,
        "CRWD": 2.6,
        "LULU": 13.84,
        "PANW": 0.0,
        "AMD": 0,
        "ARM": 0,
        "BABA": 0,
        "CELH": 0,
        "QCOM": 0,
        "AAPL": 0,
        "DELL": 0.04,
        "SHOP": 16.9,
        "CEG": 0,
        "MU": 7.87,
        "HIMS": 33.59
    },
    "cash_position": 42882.06,
    "active_orders": {
        "TSLA": [],
        "NVDA": [],
        "META": [
            {
                "uuid": "02acfbaa-728d-4939-b78d-d3279efb3373",
                "stock": "META",
                "time": "2024-07-11T09:21:13.233765-04:00",
                "price": 533.05,
                "share": 0.0,
                "remain_portion": 49
            }
        ],
        "MSFT": [
            {
                "uuid": "db7a4d54-a756-47ba-a891-a4ffc4ed3b9c",
                "stock": "MSFT",
                "time": "2024-07-11T10:05:56.898772-04:00",
                "price": 460.83,
                "share": 2.17,
                "remain_portion": 48
            },
            {
                "uuid": "bce31f76-6faf-4b64-9ae5-984f7793eb78",
                "stock": "MSFT",
                "time": "2024-07-11T10:22:30.021094-04:00",
                "price": 457.01,
                "share": 4.38,
                "remain_portion": 43
            }
        ],
        "IBM": [],
        "PLTR": [],
        "BA": [
            {
                "uuid": "7849b84d-696c-4cde-ad4d-cd82d91adeac",
                "stock": "BA",
                "time": "2024-07-11T10:00:53.072702-04:00",
                "price": 183.8242,
                "share": 0.59,
                "remain_portion": -1
            }
        ],
        "SNOW": [],
        "GOOGL": [
            {
                "uuid": "27b87dc3-f861-40e5-b59c-744372d9d8c1",
                "stock": "GOOGL",
                "time": "2024-07-11T10:16:02.495660-04:00",
                "price": 188.27,
                "share": 5.31,
                "remain_portion": 47
            },
            {
                "uuid": "0928386b-440b-42a0-bf88-ac0cf06509e9",
                "stock": "GOOGL",
                "time": "2024-07-11T10:31:36.566519-04:00",
                "price": 188.23,
                "share": 5.31,
                "remain_portion": 42
            }
        ],
        "COIN": [],
        "SMCI": [],
        "HOOD": [],
        "CRWD": [
            {
                "uuid": "00000000-0000-0000-0000-0000000000",
                "stock": "CRWD",
                "time": "2024-07-11T07:01:23.967363-04:00",
                "price": 384.4385,
                "share": 2.6,
                "remain_portion": -1
            }
        ],
        "LULU": [
            {
                "uuid": "5d430b4f-ea67-4deb-8d34-895ef212d2bf",
                "stock": "LULU",
                "time": "2024-07-11T10:21:21.294600-04:00",
                "price": 293.6294,
                "share": 13.84,
                "remain_portion": -1
            }
        ],
        "PANW": [
            {
                "uuid": "8b2e069f-e5a3-420b-809c-4a9cf80b353c",
                "stock": "PANW",
                "time": "2024-07-11T08:26:38.271191-04:00",
                "price": 335.1,
                "share": 0.0,
                "remain_portion": 51
            }
        ],
        "AMD": [],
        "ARM": [],
        "BABA": [],
        "CELH": [],
        "QCOM": [],
        "AAPL": [],
        "DELL": [
            {
                "uuid": "ab21fae8-770b-4106-a89f-97f61b5f70d8",
                "stock": "DELL",
                "time": "2024-07-11T10:21:24.426776-04:00",
                "price": 142.0,
                "share": 7.04,
                "remain_portion": 45
            }
        ],
        "SHOP": [
            {
                "uuid": "10d3b764-35d0-48d4-9341-800f2c0ad5fa",
                "stock": "SHOP",
                "time": "2024-07-11T08:41:59.645094-04:00",
                "price": 65.3947,
                "share": 16.9,
                "remain_portion": -1
            }
        ],
        "CEG": [],
        "MU": [
            {
                "uuid": "4d43d9f3-762e-4488-95ed-991d1a753f7c",
                "stock": "MU",
                "time": "2024-07-11T08:42:04.080372-04:00",
                "price": 135.663,
                "share": 0.33,
                "remain_portion": -1
            },
            {
                "uuid": "8b26085a-ce17-477c-8ea2-419c7c97877c",
                "stock": "MU",
                "time": "2024-07-11T10:21:26.985262-04:00",
                "price": 132.57,
                "share": 7.54,
                "remain_portion": 44
            }
        ],
        "HIMS": [
            {
                "uuid": "3eccc881-2cde-4927-8a8b-e75e19cbdc5f",
                "stock": "HIMS",
                "time": "2024-07-11T09:36:32.647328-04:00",
                "price": 20.2633,
                "share": 33.59,
                "remain_portion": -1
            }
        ]
    },
    "active_pnl": {
        "TSLA": 0,
        "NVDA": 0,
        "META": 0.0,
        "MSFT": -11.3,
        "IBM": 0,
        "PLTR": 0,
        "BA": 0.2,
        "SNOW": 0,
        "GOOGL": -0.42,
        "COIN": 0,
        "SMCI": 0,
        "HOOD": 0,
        "CRWD": -23.04,
        "LULU": -28.02,
        "PANW": 0.0,
        "AMD": 0,
        "ARM": 0,
        "BABA": 0,
        "CELH": 0,
        "QCOM": 0,
        "AAPL": 0,
        "DELL": 4.22,
        "SHOP": -3.12,
        "CEG": 0,
        "MU": 3.31,
        "HIMS": 29.45
    },
    "active_pnl_percentage": {
        "TSLA": 0,
        "NVDA": 0,
        "META": 0,
        "MSFT": -0.37,
        "IBM": 0,
        "PLTR": 0,
        "BA": 0.19,
        "SNOW": 0,
        "GOOGL": -0.05,
        "COIN": 0,
        "SMCI": 0,
        "HOOD": 0,
        "CRWD": -2.33,
        "LULU": -0.69,
        "PANW": 0,
        "AMD": 0,
        "ARM": 0,
        "BABA": 0,
        "CELH": 0,
        "QCOM": 0,
        "AAPL": 0,
        "DELL": 0.36,
        "SHOP": -0.23,
        "CEG": 0,
        "MU": 0.3,
        "HIMS": 4.33
    }
}