{
    "time": "2024-07-17T17:36:38.849437-04:00",
    "daily_start_net_value": 85335.6065,
    "current_net_value": 87579.4237,
    "daily_pnl": 2243.817200000005,
    "daily_pnl_percentage": 2.63,
    "remain_portion": 0,
    "positions": {
        "TSLA": 0,
        "NVDA": 22.13,
        "META": 5.96,
        "MSFT": 13.02,
        "IBM": 0,
        "PLTR": 0,
        "BA": 0,
        "SNOW": 13.38,
        "GOOGL": 40.5,
        "COIN": 0,
        "SMCI": 1.0,
        "HOOD": 41.0,
        "CRWD": 6.0,
        "LULU": 0,
        "PANW": 4.0,
        "AMD": 11.59,
        "ARM": 0,
        "BABA": 67.88,
        "CELH": 196.98,
        "QCOM": 4.82,
        "AAPL": 12.39,
        "DELL": 77.91,
        "SHOP": 43.87,
        "CEG": 36.0,
        "MU": 77.76,
        "HIMS": 0.0
    },
    "cash_position": 272.74,
    "active_orders": {
        "TSLA": [],
        "NVDA": [
            {
                "uuid": "00000000-0000-0000-0000-0000000000",
                "stock": "NVDA",
                "time": "2024-07-17T07:01:27.190006-04:00",
                "price": 127.3415,
                "share": 14.13,
                "remain_portion": -1
            },
            {
                "uuid": "c2ff818f-a75e-4705-8395-d4e0cf99ee9c",
                "stock": "NVDA",
                "time": "2024-07-17T07:30:23.789307-04:00",
                "price": 121.3,
                "share": 7.999999999999998,
                "remain_portion": 37
            }
        ],
        "META": [
            {
                "uuid": "00000000-0000-0000-0000-0000000000",
                "stock": "META",
                "time": "2024-07-17T07:01:27.189793-04:00",
                "price": 509.2937,
                "share": 5.96,
                "remain_portion": -1
            }
        ],
        "MSFT": [
            {
                "uuid": "00000000-0000-0000-0000-0000000000",
                "stock": "MSFT",
                "time": "2024-07-17T07:01:27.189969-04:00",
                "price": 453.8241,
                "share": 13.02,
                "remain_portion": -1
            }
        ],
        "IBM": [],
        "PLTR": [],
        "BA": [],
        "SNOW": [
            {
                "uuid": "8e406359-b39e-47ad-b2f2-2182eff92d31",
                "stock": "SNOW",
                "time": "2024-07-17T16:00:59.563274-04:00",
                "price": 134.1754,
                "share": 13.38,
                "remain_portion": -1
            }
        ],
        "GOOGL": [
            {
                "uuid": "00000000-0000-0000-0000-0000000000",
                "stock": "GOOGL",
                "time": "2024-07-17T07:01:27.190042-04:00",
                "price": 184.9343,
                "share": 34.99,
                "remain_portion": -1
            },
            {
                "uuid": "a8e5f2c5-1065-41e5-b23e-6aae29d79d8c",
                "stock": "GOOGL",
                "time": "2024-07-17T10:11:14.539100-04:00",
                "price": 181.31,
                "share": 5.509999999999998,
                "remain_portion": 5
            }
        ],
        "COIN": [],
        "SMCI": [
            {
                "uuid": "00000000-0000-0000-0000-0000000000",
                "stock": "SMCI",
                "time": "2024-07-17T07:01:27.190114-04:00",
                "price": 895.86,
                "share": 1.0,
                "remain_portion": -1
            },
            {
                "uuid": "fce38060-5680-4e98-943d-c4842f3107a8",
                "stock": "SMCI",
                "time": "2024-07-17T07:30:50.490067-04:00",
                "price": 842.87,
                "share": 0.0,
                "remain_portion": 35
            }
        ],
        "HOOD": [
            {
                "uuid": "a076f5ee-66a7-4967-9cfb-5adc99ed8161",
                "stock": "HOOD",
                "time": "2024-07-17T12:52:06.219041-04:00",
                "price": 23.65,
                "share": 83.28,
                "remain_portion": 4
            }
        ],
        "CRWD": [
            {
                "uuid": "cae4ff17-0ba3-4fb1-9825-0aa5451dac6c",
                "stock": "CRWD",
                "time": "2024-07-17T07:31:05.044129-04:00",
                "price": 361.7,
                "share": 2.0,
                "remain_portion": 33
            },
            {
                "uuid": "fa6922f1-d440-418b-a708-d2542ced43e3",
                "stock": "CRWD",
                "time": "2024-07-17T07:46:33.362436-04:00",
                "price": 361.7,
                "share": 0.0,
                "remain_portion": 26
            },
            {
                "uuid": "0819a73e-58e8-476d-b9ae-7df55afa2887",
                "stock": "CRWD",
                "time": "2024-07-17T08:00:59.996099-04:00",
                "price": 361.97,
                "share": 4.0,
                "remain_portion": 19
            },
            {
                "uuid": "1f7a58d7-556e-40ae-a7fa-0ab0c6dbea1c",
                "stock": "CRWD",
                "time": "2024-07-17T09:06:01.335776-04:00",
                "price": 361.05,
                "share": 2.0,
                "remain_portion": 10
            }
        ],
        "LULU": [],
        "PANW": [
            {
                "uuid": "21a6077f-e5b1-4784-aa76-248ccba529cc",
                "stock": "PANW",
                "time": "2024-07-17T07:36:02.962475-04:00",
                "price": 337.86,
                "share": 2.0,
                "remain_portion": -1
            },
            {
                "uuid": "3a8e5638-3009-4872-8d3b-48649935f25f",
                "stock": "PANW",
                "time": "2024-07-17T07:56:05.039697-04:00",
                "price": 333.7,
                "share": 2.0,
                "remain_portion": 23
            },
            {
                "uuid": "542fa123-7a33-40b2-bb47-fc6df3dda5fe",
                "stock": "PANW",
                "time": "2024-07-17T08:11:19.615474-04:00",
                "price": 333.05,
                "share": 0.0,
                "remain_portion": 16
            }
        ],
        "AMD": [
            {
                "uuid": "00000000-0000-0000-0000-0000000000",
                "stock": "AMD",
                "time": "2024-07-17T07:01:27.189929-04:00",
                "price": 180.9656,
                "share": 0.52,
                "remain_portion": -1
            },
            {
                "uuid": "633f9ac0-f570-4086-821c-abfed5e86cb7",
                "stock": "AMD",
                "time": "2024-07-17T07:31:08.047874-04:00",
                "price": 170.31,
                "share": 5.0,
                "remain_portion": 32
            },
            {
                "uuid": "1ee9b095-8449-49af-82f2-36a4a6115cd3",
                "stock": "AMD",
                "time": "2024-07-17T10:16:24.393450-04:00",
                "price": 164.84,
                "share": 6.07,
                "remain_portion": 3
            }
        ],
        "ARM": [],
        "BABA": [
            {
                "uuid": "00000000-0000-0000-0000-0000000000",
                "stock": "BABA",
                "time": "2024-07-17T07:01:27.190078-04:00",
                "price": 78.3528,
                "share": 30.0,
                "remain_portion": -1
            },
            {
                "uuid": "97b5c692-cfc4-44a5-ae3a-914e30eca72d",
                "stock": "BABA",
                "time": "2024-07-17T09:26:25.014638-04:00",
                "price": 77.75,
                "share": 12.0,
                "remain_portion": 8
            },
            {
                "uuid": "21fba720-9e18-4dc2-8416-7890d9320001",
                "stock": "BABA",
                "time": "2024-07-17T09:45:52.669331-04:00",
                "price": 77.33,
                "share": 12.93,
                "remain_portion": 6
            },
            {
                "uuid": "2da462b7-e528-4c8e-b0c3-5eb630de19d6",
                "stock": "BABA",
                "time": "2024-07-17T11:06:02.110685-04:00",
                "price": 77.22,
                "share": 12.949999999999996,
                "remain_portion": 0
            }
        ],
        "CELH": [
            {
                "uuid": "00000000-0000-0000-0000-0000000000",
                "stock": "CELH",
                "time": "2024-07-17T07:01:27.190220-04:00",
                "price": 55.7269,
                "share": 139.98,
                "remain_portion": -1
            },
            {
                "uuid": "d93d2be3-d088-4aaf-a3c7-2839de068d8b",
                "stock": "CELH",
                "time": "2024-07-17T07:56:18.333250-04:00",
                "price": 52.059999999999995,
                "share": 0.0,
                "remain_portion": 22
            },
            {
                "uuid": "ea88a811-f442-4c87-b906-d307444abd13",
                "stock": "CELH",
                "time": "2024-07-17T08:45:45.345075-04:00",
                "price": 52.099999999999994,
                "share": 19.0,
                "remain_portion": 14
            },
            {
                "uuid": "84ff9b4a-470e-4819-bf06-11b5ae630a83",
                "stock": "CELH",
                "time": "2024-07-17T09:00:54.799740-04:00",
                "price": 52.029999999999994,
                "share": 19.0,
                "remain_portion": 12
            },
            {
                "uuid": "a73db317-895c-4d9c-8125-71c414102b3a",
                "stock": "CELH",
                "time": "2024-07-17T10:31:34.884394-04:00",
                "price": 50.92,
                "share": 19.0,
                "remain_portion": 1
            }
        ],
        "QCOM": [
            {
                "uuid": "00000000-0000-0000-0000-0000000000",
                "stock": "QCOM",
                "time": "2024-07-17T07:01:27.190256-04:00",
                "price": 207.2303,
                "share": 0.82,
                "remain_portion": -1
            },
            {
                "uuid": "b2503521-ecad-4370-861e-62c5776440d2",
                "stock": "QCOM",
                "time": "2024-07-17T07:36:06.429948-04:00",
                "price": 200.20000000000002,
                "share": 4.0,
                "remain_portion": 30
            }
        ],
        "AAPL": [
            {
                "uuid": "6352f0b8-8f2c-4582-a2a2-0b388bde06ba",
                "stock": "AAPL",
                "time": "2024-07-17T08:01:02.426347-04:00",
                "price": 229.76000000000002,
                "share": 4.0,
                "remain_portion": 18
            },
            {
                "uuid": "8e16f670-10ea-4d45-b571-732caf799280",
                "stock": "AAPL",
                "time": "2024-07-17T08:40:40.873318-04:00",
                "price": 229.99,
                "share": 4.0,
                "remain_portion": 15
            },
            {
                "uuid": "9abbe444-4120-44cf-9060-465881d3c1d9",
                "stock": "AAPL",
                "time": "2024-07-17T10:21:29.202762-04:00",
                "price": 227.69,
                "share": 4.390000000000001,
                "remain_portion": 2
            }
        ],
        "DELL": [
            {
                "uuid": "00000000-0000-0000-0000-0000000000",
                "stock": "DELL",
                "time": "2024-07-17T07:01:27.190290-04:00",
                "price": 135.8916,
                "share": 49.91,
                "remain_portion": -1
            },
            {
                "uuid": "471d6821-e5fc-40db-b1b9-018539ed4c68",
                "stock": "DELL",
                "time": "2024-07-17T07:36:10.275339-04:00",
                "price": 129.77,
                "share": 7.0,
                "remain_portion": 29
            },
            {
                "uuid": "c7e59331-8039-4f86-a35d-fadc551546eb",
                "stock": "DELL",
                "time": "2024-07-17T07:51:00.993277-04:00",
                "price": 129.51000000000002,
                "share": 0.0,
                "remain_portion": 24
            },
            {
                "uuid": "778468f3-9a23-4766-911a-5d6427b830b6",
                "stock": "DELL",
                "time": "2024-07-17T09:00:57.132008-04:00",
                "price": 129.05,
                "share": 7.0,
                "remain_portion": 11
            },
            {
                "uuid": "2ffd1024-d53d-4556-8963-bf77f2c3e288",
                "stock": "DELL",
                "time": "2024-07-17T09:16:06.321238-04:00",
                "price": 128.71,
                "share": 14.0,
                "remain_portion": 10
            },
            {
                "uuid": "b4268627-a05d-4eaf-9dc1-a87f3a5ee831",
                "stock": "DELL",
                "time": "2024-07-17T09:31:29.376418-04:00",
                "price": 128.62,
                "share": 7.0,
                "remain_portion": 7
            }
        ],
        "SHOP": [
            {
                "uuid": "72bff51a-6967-4c39-96bd-6ab6971be3e7",
                "stock": "SHOP",
                "time": "2024-07-17T07:56:31.043638-04:00",
                "price": 68.63,
                "share": 0.0,
                "remain_portion": 21
            },
            {
                "uuid": "e7770b3b-b6bd-47f7-a918-ca292ac91cb8",
                "stock": "SHOP",
                "time": "2024-07-17T09:31:32.099434-04:00",
                "price": 67.83,
                "share": 14.0,
                "remain_portion": 6
            },
            {
                "uuid": "c3ac762d-9ec4-4405-a736-1822089b6acf",
                "stock": "SHOP",
                "time": "2024-07-17T10:11:19.695701-04:00",
                "price": 66.33,
                "share": 14.82,
                "remain_portion": 4
            },
            {
                "uuid": "97c91136-7db3-47d4-81ba-5af435e34625",
                "stock": "SHOP",
                "time": "2024-07-17T10:31:36.966810-04:00",
                "price": 66.44,
                "share": 15.129999999999999,
                "remain_portion": 1
            },
            {
                "uuid": "1f741b4f-c128-4719-9cc0-1ba6e18b4bb9",
                "stock": "SHOP",
                "time": "2024-07-17T12:52:34.627248-04:00",
                "price": 64.2,
                "share": 0.6300000000000026,
                "remain_portion": 2
            }
        ],
        "CEG": [
            {
                "uuid": "00000000-0000-0000-0000-0000000000",
                "stock": "CEG",
                "time": "2024-07-17T07:01:27.190359-04:00",
                "price": 209.6226,
                "share": 21.62,
                "remain_portion": -1
            },
            {
                "uuid": "1ea0970f-9039-446e-9865-2a63149dec5d",
                "stock": "CEG",
                "time": "2024-07-17T08:01:05.007580-04:00",
                "price": 202.05,
                "share": 4.0,
                "remain_portion": 17
            },
            {
                "uuid": "66039738-97c0-4c53-910d-69b4436746f3",
                "stock": "CEG",
                "time": "2024-07-17T10:50:55.519474-04:00",
                "price": 194.78,
                "share": 5.129999999999999,
                "remain_portion": 1
            },
            {
                "uuid": "38808bb2-e2a3-4cab-b3d0-7a6cea5237a5",
                "stock": "CEG",
                "time": "2024-07-17T12:52:37.530185-04:00",
                "price": 190.47,
                "share": 5.25,
                "remain_portion": 1
            }
        ],
        "MU": [
            {
                "uuid": "00000000-0000-0000-0000-0000000000",
                "stock": "MU",
                "time": "2024-07-17T07:01:27.190325-04:00",
                "price": 131.9974,
                "share": 45.45,
                "remain_portion": -1
            },
            {
                "uuid": "352cba64-d218-44f8-8651-ba13d136f327",
                "stock": "MU",
                "time": "2024-07-17T07:36:12.616560-04:00",
                "price": 122.36,
                "share": 8.0,
                "remain_portion": 28
            },
            {
                "uuid": "5f65028b-ee9d-4f3e-ae6a-d330663aecc9",
                "stock": "MU",
                "time": "2024-07-17T07:56:44.086696-04:00",
                "price": 122.21,
                "share": 0.0,
                "remain_portion": 20
            },
            {
                "uuid": "81d5f4a5-30cc-4f98-812e-0f60418e7fc4",
                "stock": "MU",
                "time": "2024-07-17T08:55:50.944259-04:00",
                "price": 122.34989999999999,
                "share": 16.0,
                "remain_portion": 13
            },
            {
                "uuid": "9f33f113-a6f8-44a3-a470-e9ee5b6c08ce",
                "stock": "MU",
                "time": "2024-07-17T12:52:40.136297-04:00",
                "price": 120.3,
                "share": 8.310000000000002,
                "remain_portion": 0
            }
        ],
        "HIMS": [
            {
                "uuid": "8c19f8f5-2d25-4250-bbdc-765255b7603b",
                "stock": "HIMS",
                "time": "2024-07-17T07:31:21.572448-04:00",
                "price": 22.672649999999997,
                "share": 0.0,
                "remain_portion": 31
            }
        ]
    },
    "active_pnl": {
        "TSLA": 0,
        "NVDA": -154.41,
        "META": -276.82,
        "MSFT": -133.12,
        "IBM": 0,
        "PLTR": 0,
        "BA": 0,
        "SNOW": 11.03,
        "GOOGL": -139.37,
        "COIN": 0,
        "SMCI": -78.36,
        "HOOD": 44.97,
        "CRWD": -41.38,
        "LULU": 0,
        "PANW": -14.56,
        "AMD": -81.75,
        "ARM": 0,
        "BABA": -52.63,
        "CELH": -726.23,
        "QCOM": -49.43,
        "AAPL": -1.99,
        "DELL": -648.66,
        "SHOP": -81.08,
        "CEG": -623.27,
        "MU": -651.69,
        "HIMS": 0.0
    },
    "active_pnl_percentage": {
        "TSLA": 0,
        "NVDA": -5.57,
        "META": -9.12,
        "MSFT": -2.25,
        "IBM": 0,
        "PLTR": 0,
        "BA": 0,
        "SNOW": 0.61,
        "GOOGL": -1.87,
        "COIN": 0,
        "SMCI": -8.75,
        "HOOD": 2.28,
        "CRWD": -1.43,
        "LULU": 0,
        "PANW": -1.08,
        "AMD": -4.2,
        "ARM": 0,
        "BABA": -1.0,
        "CELH": -6.76,
        "QCOM": -5.09,
        "AAPL": -0.07,
        "DELL": -5.74,
        "SHOP": -2.72,
        "CEG": -8.49,
        "MU": -6.56,
        "HIMS": 0
    }
}