{
    "time": "2024-07-16T11:32:58.039657-04:00",
    "daily_start_net_value": 85211.502,
    "current_net_value": 85145.4784,
    "daily_pnl": -66.02359999998589,
    "daily_pnl_percentage": -0.08,
    "remain_portion": 29,
    "positions": {
        "TSLA": 0,
        "NVDA": 14.13,
        "META": 5.96,
        "MSFT": 10.78,
        "IBM": 0,
        "PLTR": 0,
        "BA": 13.1,
        "SNOW": 7.07,
        "GOOGL": 13.26,
        "COIN": 0,
        "SMCI": 0.0,
        "HOOD": 0,
        "CRWD": 0,
        "LULU": 20.44,
        "PANW": 0,
        "AMD": 0.52,
        "ARM": 5.77,
        "BABA": 60.0,
        "CELH": 121.98,
        "QCOM": 4.82,
        "AAPL": 4.29,
        "DELL": 21.91,
        "SHOP": 0,
        "CEG": 12.8,
        "MU": 45.45,
        "HIMS": 0
    },
    "cash_position": 29883.71,
    "active_orders": {
        "TSLA": [],
        "NVDA": [
            {
                "uuid": "00000000-0000-0000-0000-0000000000",
                "stock": "NVDA",
                "time": "2024-07-16T07:01:22.379093-04:00",
                "price": 127.3415,
                "share": 14.13,
                "remain_portion": -1
            }
        ],
        "META": [
            {
                "uuid": "00000000-0000-0000-0000-0000000000",
                "stock": "META",
                "time": "2024-07-16T07:01:22.378872-04:00",
                "price": 509.2937,
                "share": 5.96,
                "remain_portion": -1
            }
        ],
        "MSFT": [
            {
                "uuid": "00000000-0000-0000-0000-0000000000",
                "stock": "MSFT",
                "time": "2024-07-16T07:01:22.379056-04:00",
                "price": 457.0047,
                "share": 8.55,
                "remain_portion": -1
            },
            {
                "uuid": "93c9159b-2821-4d40-9cf1-5cccc562ab1a",
                "stock": "MSFT",
                "time": "2024-07-16T10:16:19.241109-04:00",
                "price": 448.55,
                "share": 2.2299999999999986,
                "remain_portion": 31
            }
        ],
        "IBM": [],
        "PLTR": [],
        "BA": [
            {
                "uuid": "87ef77c0-be68-4320-9361-770e7a74586a",
                "stock": "BA",
                "time": "2024-07-16T10:26:32.218385-04:00",
                "price": 181.0693,
                "share": 13.1,
                "remain_portion": -1
            }
        ],
        "SNOW": [
            {
                "uuid": "2d42df84-a34a-46b8-b377-899f629b08db",
                "stock": "SNOW",
                "time": "2024-07-16T09:50:54.465738-04:00",
                "price": 136.6169,
                "share": 7.07,
                "remain_portion": -1
            }
        ],
        "GOOGL": [
            {
                "uuid": "bcf7df81-c2dd-4ab7-9ab0-507651cbe262",
                "stock": "GOOGL",
                "time": "2024-07-16T09:45:44.691012-04:00",
                "price": 186.7985,
                "share": 7.88,
                "remain_portion": -1
            },
            {
                "uuid": "25224116-19c1-4088-8c3f-fddc0b01720f",
                "stock": "GOOGL",
                "time": "2024-07-16T10:16:22.443312-04:00",
                "price": 185.93,
                "share": 5.38,
                "remain_portion": 30
            }
        ],
        "COIN": [],
        "SMCI": [
            {
                "uuid": "fb88d0a3-eb9e-485f-8f0a-42217eb84f27",
                "stock": "SMCI",
                "time": "2024-07-16T09:16:19.463588-04:00",
                "price": 895.8599999999999,
                "share": 0.0,
                "remain_portion": 36
            }
        ],
        "HOOD": [],
        "CRWD": [],
        "LULU": [
            {
                "uuid": "00000000-0000-0000-0000-0000000000",
                "stock": "LULU",
                "time": "2024-07-16T07:01:22.379301-04:00",
                "price": 289.0452,
                "share": 20.44,
                "remain_portion": -1
            }
        ],
        "PANW": [],
        "AMD": [
            {
                "uuid": "00000000-0000-0000-0000-0000000000",
                "stock": "AMD",
                "time": "2024-07-16T07:01:22.379011-04:00",
                "price": 180.9656,
                "share": 0.52,
                "remain_portion": -1
            }
        ],
        "ARM": [
            {
                "uuid": "922f3e84-7bba-4f58-9872-737e59cc401a",
                "stock": "ARM",
                "time": "2024-07-16T10:11:12.072689-04:00",
                "price": 173.37,
                "share": 5.77,
                "remain_portion": 33
            }
        ],
        "BABA": [
            {
                "uuid": "00000000-0000-0000-0000-0000000000",
                "stock": "BABA",
                "time": "2024-07-16T07:01:22.379265-04:00",
                "price": 78.3528,
                "share": 60.0,
                "remain_portion": -1
            }
        ],
        "CELH": [
            {
                "uuid": "00000000-0000-0000-0000-0000000000",
                "stock": "CELH",
                "time": "2024-07-16T07:01:22.379454-04:00",
                "price": 56.7923,
                "share": 103.98,
                "remain_portion": -1
            },
            {
                "uuid": "c3386e93-92bd-4f65-8cb2-8ddf52ed3210",
                "stock": "CELH",
                "time": "2024-07-16T09:26:24.902606-04:00",
                "price": 52.699999999999996,
                "share": 18.0,
                "remain_portion": 35
            }
        ],
        "QCOM": [
            {
                "uuid": "4f4c9fe7-e22f-4bac-b630-2d9d5d30bacf",
                "stock": "QCOM",
                "time": "2024-07-16T10:11:15.405085-04:00",
                "price": 207.34,
                "share": 4.82,
                "remain_portion": 32
            }
        ],
        "AAPL": [
            {
                "uuid": "87adefa8-f696-4d42-90f2-8aa7878d74f3",
                "stock": "AAPL",
                "time": "2024-07-16T10:16:25.832494-04:00",
                "price": 233.17,
                "share": 4.29,
                "remain_portion": 29
            }
        ],
        "DELL": [
            {
                "uuid": "00000000-0000-0000-0000-0000000000",
                "stock": "DELL",
                "time": "2024-07-16T07:01:22.379545-04:00",
                "price": 138.3428,
                "share": 21.91,
                "remain_portion": -1
            }
        ],
        "SHOP": [],
        "CEG": [
            {
                "uuid": "00000000-0000-0000-0000-0000000000",
                "stock": "CEG",
                "time": "2024-07-16T07:01:22.379630-04:00",
                "price": 215.03,
                "share": 8.0,
                "remain_portion": -1
            },
            {
                "uuid": "cb79a8cf-bca8-4016-9f2e-34c33352249c",
                "stock": "CEG",
                "time": "2024-07-16T10:06:08.592078-04:00",
                "price": 208.46,
                "share": 4.800000000000001,
                "remain_portion": 34
            }
        ],
        "MU": [
            {
                "uuid": "00000000-0000-0000-0000-0000000000",
                "stock": "MU",
                "time": "2024-07-16T07:01:22.379593-04:00",
                "price": 131.9974,
                "share": 45.45,
                "remain_portion": -1
            }
        ],
        "HIMS": []
    },
    "active_pnl": {
        "TSLA": 0,
        "NVDA": -12.31,
        "META": -116.66,
        "MSFT": -69.59,
        "IBM": 0,
        "PLTR": 0,
        "BA": 35.51,
        "SNOW": -12.0,
        "GOOGL": -3.93,
        "COIN": 0,
        "SMCI": 0.0,
        "HOOD": 0,
        "CRWD": 0,
        "LULU": -41.4,
        "PANW": 0,
        "AMD": -3.05,
        "ARM": 14.19,
        "BABA": -37.37,
        "CELH": -456.01,
        "QCOM": 9.01,
        "AAPL": 3.35,
        "DELL": -99.31,
        "SHOP": 0,
        "CEG": -61.71,
        "MU": -149.27,
        "HIMS": 0
    },
    "active_pnl_percentage": {
        "TSLA": 0,
        "NVDA": -0.62,
        "META": -3.82,
        "MSFT": -1.4,
        "IBM": 0,
        "PLTR": 0,
        "BA": 1.5,
        "SNOW": -1.24,
        "GOOGL": -0.16,
        "COIN": 0,
        "SMCI": 0,
        "HOOD": 0,
        "CRWD": 0,
        "LULU": -0.7,
        "PANW": 0,
        "AMD": -3.21,
        "ARM": 1.42,
        "BABA": -0.78,
        "CELH": -6.53,
        "QCOM": 0.86,
        "AAPL": 0.35,
        "DELL": -3.27,
        "SHOP": 0,
        "CEG": -2.27,
        "MU": -2.51,
        "HIMS": 0
    }
}