{
    "time": "2024-08-15T13:33:11.361055-04:00",
    "daily_start_net_value": 112723.8996,
    "current_net_value": 117882.3162,
    "daily_pnl": 5158.416599999997,
    "daily_pnl_percentage": 4.58,
    "remain_portion": 3,
    "positions": {
        "TSLA": 11.58,
        "NVDA": 0,
        "META": 0,
        "MSFT": 19.29,
        "IBM": 0,
        "PLTR": 0,
        "BA": 2.15,
        "SNOW": 14.0,
        "GOOGL": 65.67,
        "COIN": 0,
        "SMCI": 6.0,
        "HOOD": 497.85,
        "CRWD": 15.49,
        "LULU": 17.83,
        "PANW": 0,
        "AMD": 67.63,
        "ARM": 0,
        "BABA": 0,
        "CELH": 301.82,
        "QCOM": 18.62,
        "AAPL": 0,
        "DELL": 113.51,
        "SHOP": 0,
        "CEG": 34.87,
        "MU": 96.73,
        "HIMS": 184.24
    },
    "cash_position": 3735.15,
    "active_orders": {
        "TSLA": [
            {
                "uuid": "ffe562c5-1b61-49bb-b1ba-bb21bd520260",
                "stock": "TSLA",
                "time": "2024-08-15T10:01:27.711852-04:00",
                "price": 209.4844,
                "share": 11.58,
                "remain_portion": -1
            }
        ],
        "NVDA": [],
        "META": [],
        "MSFT": [
            {
                "uuid": "00000000-0000-0000-0000-0000000000",
                "stock": "MSFT",
                "time": "2024-08-15T07:01:49.768093-04:00",
                "price": 446.5873,
                "share": 19.29,
                "remain_portion": -1
            }
        ],
        "IBM": [],
        "PLTR": [],
        "BA": [
            {
                "uuid": "35c2f131-c162-417a-a47d-35aa640ec428",
                "stock": "BA",
                "time": "2024-08-15T12:56:01.412409-04:00",
                "price": 172.4164,
                "share": 2.15,
                "remain_portion": -1
            }
        ],
        "SNOW": [
            {
                "uuid": "00000000-0000-0000-0000-0000000000",
                "stock": "SNOW",
                "time": "2024-08-15T07:01:49.768271-04:00",
                "price": 129.91,
                "share": 14.0,
                "remain_portion": -1
            }
        ],
        "GOOGL": [
            {
                "uuid": "00000000-0000-0000-0000-0000000000",
                "stock": "GOOGL",
                "time": "2024-08-15T07:01:49.768165-04:00",
                "price": 170.6342,
                "share": 65.67,
                "remain_portion": -1
            }
        ],
        "COIN": [],
        "SMCI": [
            {
                "uuid": "00000000-0000-0000-0000-0000000000",
                "stock": "SMCI",
                "time": "2024-08-15T07:01:49.768230-04:00",
                "price": 684.4683,
                "share": 6.0,
                "remain_portion": -1
            }
        ],
        "HOOD": [
            {
                "uuid": "00000000-0000-0000-0000-0000000000",
                "stock": "HOOD",
                "time": "2024-08-15T07:01:49.768208-04:00",
                "price": 21.971,
                "share": 497.85,
                "remain_portion": -1
            }
        ],
        "CRWD": [
            {
                "uuid": "00000000-0000-0000-0000-0000000000",
                "stock": "CRWD",
                "time": "2024-08-15T07:01:49.768312-04:00",
                "price": 307.4512,
                "share": 15.49,
                "remain_portion": -1
            }
        ],
        "LULU": [
            {
                "uuid": "00000000-0000-0000-0000-0000000000",
                "stock": "LULU",
                "time": "2024-08-15T07:01:49.768250-04:00",
                "price": 280.291,
                "share": 17.83,
                "remain_portion": -1
            }
        ],
        "PANW": [],
        "AMD": [
            {
                "uuid": "00000000-0000-0000-0000-0000000000",
                "stock": "AMD",
                "time": "2024-08-15T07:01:49.767984-04:00",
                "price": 146.1976,
                "share": 67.63,
                "remain_portion": -1
            }
        ],
        "ARM": [],
        "BABA": [],
        "CELH": [
            {
                "uuid": "00000000-0000-0000-0000-0000000000",
                "stock": "CELH",
                "time": "2024-08-15T07:01:49.768292-04:00",
                "price": 52.0913,
                "share": 301.82,
                "remain_portion": -1
            }
        ],
        "QCOM": [
            {
                "uuid": "68e0814f-db4b-4be0-b730-e205bfdb1bc0",
                "stock": "QCOM",
                "time": "2024-08-15T12:06:29.812664-04:00",
                "price": 170.8102,
                "share": 18.62,
                "remain_portion": -1
            }
        ],
        "AAPL": [],
        "DELL": [
            {
                "uuid": "00000000-0000-0000-0000-0000000000",
                "stock": "DELL",
                "time": "2024-08-15T07:01:49.768373-04:00",
                "price": 126.8585,
                "share": 113.51,
                "remain_portion": -1
            }
        ],
        "SHOP": [],
        "CEG": [
            {
                "uuid": "00000000-0000-0000-0000-0000000000",
                "stock": "CEG",
                "time": "2024-08-15T07:01:49.768413-04:00",
                "price": 191.1878,
                "share": 34.87,
                "remain_portion": -1
            }
        ],
        "MU": [
            {
                "uuid": "00000000-0000-0000-0000-0000000000",
                "stock": "MU",
                "time": "2024-08-15T07:01:49.768392-04:00",
                "price": 122.8553,
                "share": 96.73,
                "remain_portion": -1
            }
        ],
        "HIMS": [
            {
                "uuid": "00000000-0000-0000-0000-0000000000",
                "stock": "HIMS",
                "time": "2024-08-15T07:01:49.768333-04:00",
                "price": 16.133,
                "share": 184.24,
                "remain_portion": -1
            }
        ]
    },
    "active_pnl": {
        "TSLA": 52.7,
        "NVDA": 0,
        "META": 0,
        "MSFT": -525.41,
        "IBM": 0,
        "PLTR": 0,
        "BA": 3.43,
        "SNOW": -25.06,
        "GOOGL": -612.98,
        "COIN": 0,
        "SMCI": -309.53,
        "HOOD": -1075.85,
        "CRWD": -731.92,
        "LULU": -416.53,
        "PANW": 0,
        "AMD": 50.21,
        "ARM": 0,
        "BABA": 0,
        "CELH": -2964.26,
        "QCOM": 47.1,
        "AAPL": 0,
        "DELL": -1886.93,
        "SHOP": 0,
        "CEG": 22.74,
        "MU": -1498.86,
        "HIMS": -37.4
    },
    "active_pnl_percentage": {
        "TSLA": 2.17,
        "NVDA": 0,
        "META": 0,
        "MSFT": -6.1,
        "IBM": 0,
        "PLTR": 0,
        "BA": 0.92,
        "SNOW": -1.39,
        "GOOGL": -5.48,
        "COIN": 0,
        "SMCI": -7.47,
        "HOOD": -9.85,
        "CRWD": -15.37,
        "LULU": -8.33,
        "PANW": 0,
        "AMD": 0.51,
        "ARM": 0,
        "BABA": 0,
        "CELH": -18.85,
        "QCOM": 1.48,
        "AAPL": 0,
        "DELL": -13.08,
        "SHOP": 0,
        "CEG": 0.31,
        "MU": -12.6,
        "HIMS": -1.26
    }
}