{
    "time": "2024-07-01T10:32:44.793458-04:00",
    "daily_start_net_value": 83115.5106,
    "current_net_value": 83344.5393,
    "daily_pnl": 229.02870000000985,
    "daily_pnl_percentage": 0.28,
    "remain_portion": 79,
    "positions": {
        "TSLA": 0,
        "NVDA": 0.89,
        "META": 2.0,
        "MSFT": 1.0,
        "IBM": 0,
        "PLTR": 23.56,
        "BA": 0,
        "SNOW": 0,
        "GOOGL": 6.0,
        "COIN": 0,
        "SMCI": 0,
        "HOOD": 26.47,
        "CRWD": 0.55,
        "LULU": 5.0,
        "PANW": 0,
        "AMD": 3.86,
        "ARM": 0,
        "BABA": 56.92,
        "CELH": 0,
        "QCOM": 37.26,
        "AAPL": 0,
        "DELL": 8.32,
        "SHOP": 9.87,
        "CEG": 0,
        "MU": 21.72,
        "HIMS": 311.3
    },
    "cash_position": 47726.24,
    "active_orders": {
        "TSLA": [],
        "NVDA": [
            {
                "uuid": "00000000-0000-0000-0000-0000000000",
                "stock": "NVDA",
                "time": "2024-07-01T07:01:24.546401-04:00",
                "price": 123.6839,
                "share": 0.89,
                "remain_portion": -1
            }
        ],
        "META": [
            {
                "uuid": "00000000-0000-0000-0000-0000000000",
                "stock": "META",
                "time": "2024-07-01T07:01:24.546235-04:00",
                "price": 517.3,
                "share": 2.0,
                "remain_portion": -1
            }
        ],
        "MSFT": [
            {
                "uuid": "00000000-0000-0000-0000-0000000000",
                "stock": "MSFT",
                "time": "2024-07-01T07:01:24.546359-04:00",
                "price": 452.25,
                "share": 1.0,
                "remain_portion": -1
            }
        ],
        "IBM": [],
        "PLTR": [
            {
                "uuid": "d62e71db-9cec-474c-ac71-8a37f0e2ca7f",
                "stock": "PLTR",
                "time": "2024-07-01T10:00:30.468315-04:00",
                "price": 25.47,
                "share": 23.56,
                "remain_portion": 81
            }
        ],
        "BA": [],
        "SNOW": [],
        "GOOGL": [
            {
                "uuid": "00000000-0000-0000-0000-0000000000",
                "stock": "GOOGL",
                "time": "2024-07-01T07:01:24.546437-04:00",
                "price": 183.03,
                "share": 6.0,
                "remain_portion": -1
            }
        ],
        "COIN": [],
        "SMCI": [],
        "HOOD": [
            {
                "uuid": "f69454bb-aa42-47db-9a51-67004c2fcf19",
                "stock": "HOOD",
                "time": "2024-07-01T10:05:35.056178-04:00",
                "price": 22.68,
                "share": 26.47,
                "remain_portion": 80
            }
        ],
        "CRWD": [
            {
                "uuid": "00000000-0000-0000-0000-0000000000",
                "stock": "CRWD",
                "time": "2024-07-01T07:01:24.546647-04:00",
                "price": 386.8323,
                "share": 0.55,
                "remain_portion": -1
            }
        ],
        "LULU": [
            {
                "uuid": "00000000-0000-0000-0000-0000000000",
                "stock": "LULU",
                "time": "2024-07-01T07:01:24.546543-04:00",
                "price": 303.486,
                "share": 5.0,
                "remain_portion": -1
            }
        ],
        "PANW": [],
        "AMD": [
            {
                "uuid": "43b4e112-fc09-418c-b567-3724131f1cad",
                "stock": "AMD",
                "time": "2024-07-01T09:51:10.231571-04:00",
                "price": 155.31,
                "share": 3.86,
                "remain_portion": 82
            }
        ],
        "ARM": [],
        "BABA": [
            {
                "uuid": "00000000-0000-0000-0000-0000000000",
                "stock": "BABA",
                "time": "2024-07-01T07:01:24.546509-04:00",
                "price": 72.7836,
                "share": 56.92,
                "remain_portion": -1
            }
        ],
        "CELH": [],
        "QCOM": [
            {
                "uuid": "00000000-0000-0000-0000-0000000000",
                "stock": "QCOM",
                "time": "2024-07-01T07:01:24.546717-04:00",
                "price": 204.7194,
                "share": 37.26,
                "remain_portion": -1
            }
        ],
        "AAPL": [],
        "DELL": [
            {
                "uuid": "00000000-0000-0000-0000-0000000000",
                "stock": "DELL",
                "time": "2024-07-01T07:01:24.546752-04:00",
                "price": 139.4447,
                "share": 8.32,
                "remain_portion": -1
            }
        ],
        "SHOP": [
            {
                "uuid": "3513b8b1-539d-4379-9c6f-4705188eea1e",
                "stock": "SHOP",
                "time": "2024-07-01T09:52:25.393119-04:00",
                "price": 63.54,
                "share": 0.44,
                "remain_portion": 82
            },
            {
                "uuid": "9f6253a9-245a-42d8-b73c-6bfc486a4cc9",
                "stock": "SHOP",
                "time": "2024-07-01T10:05:38.348391-04:00",
                "price": 63.6,
                "share": 9.43,
                "remain_portion": 79
            }
        ],
        "CEG": [],
        "MU": [
            {
                "uuid": "00000000-0000-0000-0000-0000000000",
                "stock": "MU",
                "time": "2024-07-01T07:01:24.546787-04:00",
                "price": 140.8356,
                "share": 21.72,
                "remain_portion": -1
            }
        ],
        "HIMS": [
            {
                "uuid": "00000000-0000-0000-0000-0000000000",
                "stock": "HIMS",
                "time": "2024-07-01T07:01:24.546681-04:00",
                "price": 21.0686,
                "share": 282.3,
                "remain_portion": -1
            },
            {
                "uuid": "589b28bd-ab65-46db-84b3-6396a543745e",
                "stock": "HIMS",
                "time": "2024-07-01T09:16:35.736832-04:00",
                "price": 20.15013,
                "share": 0.0,
                "remain_portion": 83
            },
            {
                "uuid": "95ef7155-8150-4927-a935-780d3e863716",
                "stock": "HIMS",
                "time": "2024-07-01T09:31:41.489218-04:00",
                "price": 20.64,
                "share": 29.0,
                "remain_portion": 83
            }
        ]
    },
    "active_pnl": {
        "TSLA": 0,
        "NVDA": -1.3,
        "META": -40.66,
        "MSFT": -0.83,
        "IBM": 0,
        "PLTR": 1.3,
        "BA": 0,
        "SNOW": 0,
        "GOOGL": -4.5,
        "COIN": 0,
        "SMCI": 0,
        "HOOD": 5.27,
        "CRWD": -0.89,
        "LULU": -33.4,
        "PANW": 0,
        "AMD": -4.52,
        "ARM": 0,
        "BABA": -38.91,
        "CELH": 0,
        "QCOM": -241.8,
        "AAPL": 0,
        "DELL": -11.44,
        "SHOP": -0.86,
        "CEG": 0,
        "MU": -238.39,
        "HIMS": -40.06
    },
    "active_pnl_percentage": {
        "TSLA": 0,
        "NVDA": -1.14,
        "META": -3.96,
        "MSFT": -0.18,
        "IBM": 0,
        "PLTR": 0.12,
        "BA": 0,
        "SNOW": 0,
        "GOOGL": -0.4,
        "COIN": 0,
        "SMCI": 0,
        "HOOD": 0.9,
        "CRWD": -0.42,
        "LULU": -2.23,
        "PANW": 0,
        "AMD": -0.71,
        "ARM": 0,
        "BABA": -0.95,
        "CELH": 0,
        "QCOM": -3.17,
        "AAPL": 0,
        "DELL": -0.9,
        "SHOP": -0.2,
        "CEG": 0,
        "MU": -7.81,
        "HIMS": -0.66
    }
}