{
    "time": "2024-08-05T11:32:28.176911-04:00",
    "daily_start_net_value": 108371.3851,
    "current_net_value": 106008.2206,
    "daily_pnl": -2363.164499999999,
    "daily_pnl_percentage": -2.18,
    "remain_portion": 0,
    "positions": {
        "TSLA": 13.25,
        "NVDA": 0.57,
        "META": 5.0,
        "MSFT": 19.29,
        "IBM": 0,
        "PLTR": 77.57,
        "BA": 22.28,
        "SNOW": 14.0,
        "GOOGL": 41.41,
        "COIN": 0,
        "SMCI": 4.0,
        "HOOD": 443.47,
        "CRWD": 15.49,
        "LULU": 17.83,
        "PANW": 0,
        "AMD": 53.44,
        "ARM": 0,
        "BABA": 24.84,
        "CELH": 301.82,
        "QCOM": 19.25,
        "AAPL": 0,
        "DELL": 113.51,
        "SHOP": 126.55,
        "CEG": 59.09,
        "MU": 96.73,
        "HIMS": 0
    },
    "cash_position": 662.07,
    "active_orders": {
        "TSLA": [
            {
                "uuid": "00000000-0000-0000-0000-0000000000",
                "stock": "TSLA",
                "time": "2024-08-05T07:01:18.585707-04:00",
                "price": 215.8739,
                "share": 13.25,
                "remain_portion": -1
            }
        ],
        "NVDA": [
            {
                "uuid": "00000000-0000-0000-0000-0000000000",
                "stock": "NVDA",
                "time": "2024-08-05T07:01:18.585743-04:00",
                "price": 117.7549,
                "share": 0.57,
                "remain_portion": -1
            }
        ],
        "META": [
            {
                "uuid": "00000000-0000-0000-0000-0000000000",
                "stock": "META",
                "time": "2024-08-05T07:01:18.585478-04:00",
                "price": 498.0661,
                "share": 5.0,
                "remain_portion": -1
            }
        ],
        "MSFT": [
            {
                "uuid": "00000000-0000-0000-0000-0000000000",
                "stock": "MSFT",
                "time": "2024-08-05T07:01:18.585669-04:00",
                "price": 446.5873,
                "share": 19.29,
                "remain_portion": -1
            }
        ],
        "IBM": [],
        "PLTR": [
            {
                "uuid": "00000000-0000-0000-0000-0000000000",
                "stock": "PLTR",
                "time": "2024-08-05T07:01:18.586046-04:00",
                "price": 25.4943,
                "share": 77.57,
                "remain_portion": -1
            }
        ],
        "BA": [
            {
                "uuid": "00000000-0000-0000-0000-0000000000",
                "stock": "BA",
                "time": "2024-08-05T07:01:18.585823-04:00",
                "price": 176.9484,
                "share": 16.28,
                "remain_portion": -1
            },
            {
                "uuid": "e6e3c119-1e6b-408e-9c34-4b1b36671b46",
                "stock": "BA",
                "time": "2024-08-05T07:30:19.915220-04:00",
                "price": 163.86,
                "share": 6.0,
                "remain_portion": 0
            }
        ],
        "SNOW": [
            {
                "uuid": "00000000-0000-0000-0000-0000000000",
                "stock": "SNOW",
                "time": "2024-08-05T07:01:18.586109-04:00",
                "price": 129.91,
                "share": 14.0,
                "remain_portion": -1
            }
        ],
        "GOOGL": [
            {
                "uuid": "00000000-0000-0000-0000-0000000000",
                "stock": "GOOGL",
                "time": "2024-08-05T07:01:18.585785-04:00",
                "price": 176.8764,
                "share": 41.41,
                "remain_portion": -1
            }
        ],
        "COIN": [],
        "SMCI": [
            {
                "uuid": "00000000-0000-0000-0000-0000000000",
                "stock": "SMCI",
                "time": "2024-08-05T07:01:18.585957-04:00",
                "price": 786.4275,
                "share": 4.0,
                "remain_portion": -1
            }
        ],
        "HOOD": [
            {
                "uuid": "00000000-0000-0000-0000-0000000000",
                "stock": "HOOD",
                "time": "2024-08-05T07:01:18.585864-04:00",
                "price": 22.4114,
                "share": 443.47,
                "remain_portion": -1
            }
        ],
        "CRWD": [
            {
                "uuid": "00000000-0000-0000-0000-0000000000",
                "stock": "CRWD",
                "time": "2024-08-05T07:01:18.586189-04:00",
                "price": 307.4512,
                "share": 15.49,
                "remain_portion": -1
            }
        ],
        "LULU": [
            {
                "uuid": "00000000-0000-0000-0000-0000000000",
                "stock": "LULU",
                "time": "2024-08-05T07:01:18.586007-04:00",
                "price": 280.291,
                "share": 17.83,
                "remain_portion": -1
            }
        ],
        "PANW": [],
        "AMD": [
            {
                "uuid": "00000000-0000-0000-0000-0000000000",
                "stock": "AMD",
                "time": "2024-08-05T07:01:18.585627-04:00",
                "price": 148.6707,
                "share": 53.44,
                "remain_portion": -1
            }
        ],
        "ARM": [],
        "BABA": [
            {
                "uuid": "00000000-0000-0000-0000-0000000000",
                "stock": "BABA",
                "time": "2024-08-05T07:01:18.585903-04:00",
                "price": 77.8321,
                "share": 24.84,
                "remain_portion": -1
            }
        ],
        "CELH": [
            {
                "uuid": "00000000-0000-0000-0000-0000000000",
                "stock": "CELH",
                "time": "2024-08-05T07:01:18.586152-04:00",
                "price": 52.0913,
                "share": 301.82,
                "remain_portion": -1
            }
        ],
        "QCOM": [
            {
                "uuid": "00000000-0000-0000-0000-0000000000",
                "stock": "QCOM",
                "time": "2024-08-05T07:01:18.586271-04:00",
                "price": 177.3508,
                "share": 19.25,
                "remain_portion": -1
            }
        ],
        "AAPL": [],
        "DELL": [
            {
                "uuid": "00000000-0000-0000-0000-0000000000",
                "stock": "DELL",
                "time": "2024-08-05T07:01:18.586308-04:00",
                "price": 126.8585,
                "share": 113.51,
                "remain_portion": -1
            }
        ],
        "SHOP": [
            {
                "uuid": "00000000-0000-0000-0000-0000000000",
                "stock": "SHOP",
                "time": "2024-08-05T07:01:18.586234-04:00",
                "price": 62.6069,
                "share": 126.55,
                "remain_portion": -1
            }
        ],
        "CEG": [
            {
                "uuid": "00000000-0000-0000-0000-0000000000",
                "stock": "CEG",
                "time": "2024-08-05T07:01:18.586399-04:00",
                "price": 191.8425,
                "share": 59.09,
                "remain_portion": -1
            }
        ],
        "MU": [
            {
                "uuid": "00000000-0000-0000-0000-0000000000",
                "stock": "MU",
                "time": "2024-08-05T07:01:18.586344-04:00",
                "price": 122.8553,
                "share": 96.73,
                "remain_portion": -1
            }
        ],
        "HIMS": []
    },
    "active_pnl": {
        "TSLA": -191.78,
        "NVDA": -9.72,
        "META": -81.48,
        "MSFT": -889.41,
        "IBM": 0,
        "PLTR": -129.49,
        "BA": -174.98,
        "SNOW": -206.08,
        "GOOGL": -548.54,
        "COIN": 0,
        "SMCI": -711.67,
        "HOOD": -2790.05,
        "CRWD": -1339.91,
        "LULU": -819.66,
        "PANW": 0,
        "AMD": -665.63,
        "ARM": 0,
        "BABA": -26.01,
        "CELH": -3072.92,
        "QCOM": -344.21,
        "AAPL": 0,
        "DELL": -3293.89,
        "SHOP": -1245.62,
        "CEG": -1269.4,
        "MU": -3245.8,
        "HIMS": 0
    },
    "active_pnl_percentage": {
        "TSLA": -6.77,
        "NVDA": -14.54,
        "META": -3.28,
        "MSFT": -10.41,
        "IBM": 0,
        "PLTR": -6.57,
        "BA": -4.57,
        "SNOW": -11.42,
        "GOOGL": -7.53,
        "COIN": 0,
        "SMCI": -22.71,
        "HOOD": -28.09,
        "CRWD": -28.15,
        "LULU": -16.4,
        "PANW": 0,
        "AMD": -8.41,
        "ARM": 0,
        "BABA": -1.34,
        "CELH": -19.55,
        "QCOM": -10.08,
        "AAPL": 0,
        "DELL": -22.89,
        "SHOP": -15.74,
        "CEG": -11.41,
        "MU": -27.3,
        "HIMS": 0
    }
}