{
    "time": "2024-08-06T16:34:50.741192-04:00",
    "daily_start_net_value": 105645.147,
    "current_net_value": 106467.708,
    "daily_pnl": 822.5610000000015,
    "daily_pnl_percentage": 0.78,
    "remain_portion": 0,
    "positions": {
        "TSLA": 13.25,
        "NVDA": 0.57,
        "META": 5.0,
        "MSFT": 19.29,
        "IBM": 0,
        "PLTR": 0.57,
        "BA": 22.28,
        "SNOW": 14.0,
        "GOOGL": 41.41,
        "COIN": 0,
        "SMCI": 4.0,
        "HOOD": 443.47,
        "CRWD": 15.49,
        "LULU": 17.83,
        "PANW": 0,
        "AMD": 53.44,
        "ARM": 0,
        "BABA": 0,
        "CELH": 301.82,
        "QCOM": 19.25,
        "AAPL": 0,
        "DELL": 113.51,
        "SHOP": 126.55,
        "CEG": 59.09,
        "MU": 96.73,
        "HIMS": 54.0
    },
    "cash_position": 688.89,
    "active_orders": {
        "TSLA": [
            {
                "uuid": "00000000-0000-0000-0000-0000000000",
                "stock": "TSLA",
                "time": "2024-08-06T07:01:05.068035-04:00",
                "price": 215.8739,
                "share": 13.25,
                "remain_portion": -1
            }
        ],
        "NVDA": [
            {
                "uuid": "00000000-0000-0000-0000-0000000000",
                "stock": "NVDA",
                "time": "2024-08-06T07:01:05.068063-04:00",
                "price": 117.7549,
                "share": 0.57,
                "remain_portion": -1
            }
        ],
        "META": [
            {
                "uuid": "00000000-0000-0000-0000-0000000000",
                "stock": "META",
                "time": "2024-08-06T07:01:05.067838-04:00",
                "price": 498.0661,
                "share": 5.0,
                "remain_portion": -1
            }
        ],
        "MSFT": [
            {
                "uuid": "00000000-0000-0000-0000-0000000000",
                "stock": "MSFT",
                "time": "2024-08-06T07:01:05.067995-04:00",
                "price": 446.5873,
                "share": 19.29,
                "remain_portion": -1
            }
        ],
        "IBM": [],
        "PLTR": [
            {
                "uuid": "70186e1d-d434-46ae-9681-16589a604c40",
                "stock": "PLTR",
                "time": "2024-08-06T08:11:40.820481-04:00",
                "price": 25.4943,
                "share": 0.57,
                "remain_portion": -1
            }
        ],
        "BA": [
            {
                "uuid": "00000000-0000-0000-0000-0000000000",
                "stock": "BA",
                "time": "2024-08-06T07:01:05.068147-04:00",
                "price": 173.421,
                "share": 22.28,
                "remain_portion": -1
            }
        ],
        "SNOW": [
            {
                "uuid": "00000000-0000-0000-0000-0000000000",
                "stock": "SNOW",
                "time": "2024-08-06T07:01:05.068368-04:00",
                "price": 129.91,
                "share": 14.0,
                "remain_portion": -1
            }
        ],
        "GOOGL": [
            {
                "uuid": "00000000-0000-0000-0000-0000000000",
                "stock": "GOOGL",
                "time": "2024-08-06T07:01:05.068095-04:00",
                "price": 176.8764,
                "share": 41.41,
                "remain_portion": -1
            }
        ],
        "COIN": [],
        "SMCI": [
            {
                "uuid": "00000000-0000-0000-0000-0000000000",
                "stock": "SMCI",
                "time": "2024-08-06T07:01:05.068239-04:00",
                "price": 786.4275,
                "share": 4.0,
                "remain_portion": -1
            }
        ],
        "HOOD": [
            {
                "uuid": "00000000-0000-0000-0000-0000000000",
                "stock": "HOOD",
                "time": "2024-08-06T07:01:05.068180-04:00",
                "price": 22.4114,
                "share": 443.47,
                "remain_portion": -1
            }
        ],
        "CRWD": [
            {
                "uuid": "00000000-0000-0000-0000-0000000000",
                "stock": "CRWD",
                "time": "2024-08-06T07:01:05.068469-04:00",
                "price": 307.4512,
                "share": 15.49,
                "remain_portion": -1
            }
        ],
        "LULU": [
            {
                "uuid": "00000000-0000-0000-0000-0000000000",
                "stock": "LULU",
                "time": "2024-08-06T07:01:05.068280-04:00",
                "price": 280.291,
                "share": 17.83,
                "remain_portion": -1
            }
        ],
        "PANW": [],
        "AMD": [
            {
                "uuid": "00000000-0000-0000-0000-0000000000",
                "stock": "AMD",
                "time": "2024-08-06T07:01:05.067961-04:00",
                "price": 148.6707,
                "share": 53.44,
                "remain_portion": -1
            }
        ],
        "ARM": [],
        "BABA": [],
        "CELH": [
            {
                "uuid": "00000000-0000-0000-0000-0000000000",
                "stock": "CELH",
                "time": "2024-08-06T07:01:05.068431-04:00",
                "price": 52.0913,
                "share": 301.82,
                "remain_portion": -1
            }
        ],
        "QCOM": [
            {
                "uuid": "00000000-0000-0000-0000-0000000000",
                "stock": "QCOM",
                "time": "2024-08-06T07:01:05.068552-04:00",
                "price": 177.3508,
                "share": 19.25,
                "remain_portion": -1
            }
        ],
        "AAPL": [],
        "DELL": [
            {
                "uuid": "00000000-0000-0000-0000-0000000000",
                "stock": "DELL",
                "time": "2024-08-06T07:01:05.068579-04:00",
                "price": 126.8585,
                "share": 113.51,
                "remain_portion": -1
            }
        ],
        "SHOP": [
            {
                "uuid": "00000000-0000-0000-0000-0000000000",
                "stock": "SHOP",
                "time": "2024-08-06T07:01:05.068497-04:00",
                "price": 62.6069,
                "share": 126.55,
                "remain_portion": -1
            }
        ],
        "CEG": [
            {
                "uuid": "00000000-0000-0000-0000-0000000000",
                "stock": "CEG",
                "time": "2024-08-06T07:01:05.068666-04:00",
                "price": 191.8425,
                "share": 59.09,
                "remain_portion": -1
            }
        ],
        "MU": [
            {
                "uuid": "00000000-0000-0000-0000-0000000000",
                "stock": "MU",
                "time": "2024-08-06T07:01:05.068609-04:00",
                "price": 122.8553,
                "share": 96.73,
                "remain_portion": -1
            }
        ],
        "HIMS": [
            {
                "uuid": "67609200-98c0-4a1d-a774-0ee699e18a77",
                "stock": "HIMS",
                "time": "2024-08-06T08:26:48.987414-04:00",
                "price": 17.85784,
                "share": 54.0,
                "remain_portion": 1
            }
        ]
    },
    "active_pnl": {
        "TSLA": -210.33,
        "NVDA": -6.37,
        "META": -26.28,
        "MSFT": -916.22,
        "IBM": 0,
        "PLTR": 0.63,
        "BA": -184.28,
        "SNOW": -212.1,
        "GOOGL": -770.08,
        "COIN": 0,
        "SMCI": -525.79,
        "HOOD": -2204.67,
        "CRWD": -1139.84,
        "LULU": -773.66,
        "PANW": 0,
        "AMD": -940.58,
        "ARM": 0,
        "BABA": 0,
        "CELH": -3570.92,
        "QCOM": -357.1,
        "AAPL": 0,
        "DELL": -3559.5,
        "SHOP": -1081.38,
        "CEG": -644.7,
        "MU": -3274.82,
        "HIMS": -70.67
    },
    "active_pnl_percentage": {
        "TSLA": -7.35,
        "NVDA": -9.41,
        "META": -1.06,
        "MSFT": -10.64,
        "IBM": 0,
        "PLTR": 4.34,
        "BA": -4.77,
        "SNOW": -11.66,
        "GOOGL": -10.51,
        "COIN": 0,
        "SMCI": -16.71,
        "HOOD": -22.18,
        "CRWD": -23.93,
        "LULU": -15.48,
        "PANW": 0,
        "AMD": -11.84,
        "ARM": 0,
        "BABA": 0,
        "CELH": -22.71,
        "QCOM": -10.46,
        "AAPL": 0,
        "DELL": -24.4,
        "SHOP": -13.65,
        "CEG": -5.69,
        "MU": -27.56,
        "HIMS": -7.44
    }
}