{
    "time": "2024-08-05T13:33:17.334207-04:00",
    "daily_start_net_value": 108371.3851,
    "current_net_value": 106512.111,
    "daily_pnl": -1859.274099999995,
    "daily_pnl_percentage": -1.72,
    "remain_portion": 0,
    "positions": {
        "TSLA": 13.25,
        "NVDA": 0.57,
        "META": 5.0,
        "MSFT": 19.29,
        "IBM": 0,
        "PLTR": 77.57,
        "BA": 22.28,
        "SNOW": 14.0,
        "GOOGL": 41.41,
        "COIN": 0,
        "SMCI": 4.0,
        "HOOD": 443.47,
        "CRWD": 15.49,
        "LULU": 17.83,
        "PANW": 0,
        "AMD": 53.44,
        "ARM": 0,
        "BABA": 24.84,
        "CELH": 301.82,
        "QCOM": 19.25,
        "AAPL": 0,
        "DELL": 113.51,
        "SHOP": 126.55,
        "CEG": 59.09,
        "MU": 96.73,
        "HIMS": 0
    },
    "cash_position": 662.07,
    "active_orders": {
        "TSLA": [
            {
                "uuid": "00000000-0000-0000-0000-0000000000",
                "stock": "TSLA",
                "time": "2024-08-05T07:01:18.585707-04:00",
                "price": 215.8739,
                "share": 13.25,
                "remain_portion": -1
            }
        ],
        "NVDA": [
            {
                "uuid": "00000000-0000-0000-0000-0000000000",
                "stock": "NVDA",
                "time": "2024-08-05T07:01:18.585743-04:00",
                "price": 117.7549,
                "share": 0.57,
                "remain_portion": -1
            }
        ],
        "META": [
            {
                "uuid": "00000000-0000-0000-0000-0000000000",
                "stock": "META",
                "time": "2024-08-05T07:01:18.585478-04:00",
                "price": 498.0661,
                "share": 5.0,
                "remain_portion": -1
            }
        ],
        "MSFT": [
            {
                "uuid": "00000000-0000-0000-0000-0000000000",
                "stock": "MSFT",
                "time": "2024-08-05T07:01:18.585669-04:00",
                "price": 446.5873,
                "share": 19.29,
                "remain_portion": -1
            }
        ],
        "IBM": [],
        "PLTR": [
            {
                "uuid": "00000000-0000-0000-0000-0000000000",
                "stock": "PLTR",
                "time": "2024-08-05T07:01:18.586046-04:00",
                "price": 25.4943,
                "share": 77.57,
                "remain_portion": -1
            }
        ],
        "BA": [
            {
                "uuid": "00000000-0000-0000-0000-0000000000",
                "stock": "BA",
                "time": "2024-08-05T07:01:18.585823-04:00",
                "price": 176.9484,
                "share": 16.28,
                "remain_portion": -1
            },
            {
                "uuid": "e6e3c119-1e6b-408e-9c34-4b1b36671b46",
                "stock": "BA",
                "time": "2024-08-05T07:30:19.915220-04:00",
                "price": 163.86,
                "share": 6.0,
                "remain_portion": 0
            }
        ],
        "SNOW": [
            {
                "uuid": "00000000-0000-0000-0000-0000000000",
                "stock": "SNOW",
                "time": "2024-08-05T07:01:18.586109-04:00",
                "price": 129.91,
                "share": 14.0,
                "remain_portion": -1
            }
        ],
        "GOOGL": [
            {
                "uuid": "00000000-0000-0000-0000-0000000000",
                "stock": "GOOGL",
                "time": "2024-08-05T07:01:18.585785-04:00",
                "price": 176.8764,
                "share": 41.41,
                "remain_portion": -1
            }
        ],
        "COIN": [],
        "SMCI": [
            {
                "uuid": "00000000-0000-0000-0000-0000000000",
                "stock": "SMCI",
                "time": "2024-08-05T07:01:18.585957-04:00",
                "price": 786.4275,
                "share": 4.0,
                "remain_portion": -1
            }
        ],
        "HOOD": [
            {
                "uuid": "00000000-0000-0000-0000-0000000000",
                "stock": "HOOD",
                "time": "2024-08-05T07:01:18.585864-04:00",
                "price": 22.4114,
                "share": 443.47,
                "remain_portion": -1
            }
        ],
        "CRWD": [
            {
                "uuid": "00000000-0000-0000-0000-0000000000",
                "stock": "CRWD",
                "time": "2024-08-05T07:01:18.586189-04:00",
                "price": 307.4512,
                "share": 15.49,
                "remain_portion": -1
            }
        ],
        "LULU": [
            {
                "uuid": "00000000-0000-0000-0000-0000000000",
                "stock": "LULU",
                "time": "2024-08-05T07:01:18.586007-04:00",
                "price": 280.291,
                "share": 17.83,
                "remain_portion": -1
            }
        ],
        "PANW": [],
        "AMD": [
            {
                "uuid": "00000000-0000-0000-0000-0000000000",
                "stock": "AMD",
                "time": "2024-08-05T07:01:18.585627-04:00",
                "price": 148.6707,
                "share": 53.44,
                "remain_portion": -1
            }
        ],
        "ARM": [],
        "BABA": [
            {
                "uuid": "00000000-0000-0000-0000-0000000000",
                "stock": "BABA",
                "time": "2024-08-05T07:01:18.585903-04:00",
                "price": 77.8321,
                "share": 24.84,
                "remain_portion": -1
            }
        ],
        "CELH": [
            {
                "uuid": "00000000-0000-0000-0000-0000000000",
                "stock": "CELH",
                "time": "2024-08-05T07:01:18.586152-04:00",
                "price": 52.0913,
                "share": 301.82,
                "remain_portion": -1
            }
        ],
        "QCOM": [
            {
                "uuid": "00000000-0000-0000-0000-0000000000",
                "stock": "QCOM",
                "time": "2024-08-05T07:01:18.586271-04:00",
                "price": 177.3508,
                "share": 19.25,
                "remain_portion": -1
            }
        ],
        "AAPL": [],
        "DELL": [
            {
                "uuid": "00000000-0000-0000-0000-0000000000",
                "stock": "DELL",
                "time": "2024-08-05T07:01:18.586308-04:00",
                "price": 126.8585,
                "share": 113.51,
                "remain_portion": -1
            }
        ],
        "SHOP": [
            {
                "uuid": "00000000-0000-0000-0000-0000000000",
                "stock": "SHOP",
                "time": "2024-08-05T07:01:18.586234-04:00",
                "price": 62.6069,
                "share": 126.55,
                "remain_portion": -1
            }
        ],
        "CEG": [
            {
                "uuid": "00000000-0000-0000-0000-0000000000",
                "stock": "CEG",
                "time": "2024-08-05T07:01:18.586399-04:00",
                "price": 191.8425,
                "share": 59.09,
                "remain_portion": -1
            }
        ],
        "MU": [
            {
                "uuid": "00000000-0000-0000-0000-0000000000",
                "stock": "MU",
                "time": "2024-08-05T07:01:18.586344-04:00",
                "price": 122.8553,
                "share": 96.73,
                "remain_portion": -1
            }
        ],
        "HIMS": []
    },
    "active_pnl": {
        "TSLA": -205.56,
        "NVDA": -9.52,
        "META": -98.81,
        "MSFT": -959.72,
        "IBM": 0,
        "PLTR": -106.99,
        "BA": -141.78,
        "SNOW": -223.02,
        "GOOGL": -581.76,
        "COIN": 0,
        "SMCI": -680.63,
        "HOOD": -2568.31,
        "CRWD": -1312.95,
        "LULU": -823.41,
        "PANW": 0,
        "AMD": -624.75,
        "ARM": 0,
        "BABA": -16.45,
        "CELH": -3139.32,
        "QCOM": -343.24,
        "AAPL": 0,
        "DELL": -3182.82,
        "SHOP": -1244.23,
        "CEG": -1246.06,
        "MU": -3053.31,
        "HIMS": 0
    },
    "active_pnl_percentage": {
        "TSLA": -7.17,
        "NVDA": -14.18,
        "META": -4.0,
        "MSFT": -11.13,
        "IBM": 0,
        "PLTR": -5.45,
        "BA": -3.62,
        "SNOW": -12.26,
        "GOOGL": -7.95,
        "COIN": 0,
        "SMCI": -21.62,
        "HOOD": -25.84,
        "CRWD": -27.57,
        "LULU": -16.48,
        "PANW": 0,
        "AMD": -7.87,
        "ARM": 0,
        "BABA": -0.85,
        "CELH": -19.97,
        "QCOM": -10.03,
        "AAPL": 0,
        "DELL": -22.1,
        "SHOP": -15.7,
        "CEG": -10.99,
        "MU": -25.69,
        "HIMS": 0
    }
}