{
    "time": "2024-07-17T08:30:24.567534-04:00",
    "daily_start_net_value": 85335.6065,
    "current_net_value": 85335.6065,
    "daily_pnl": 0.0,
    "daily_pnl_percentage": 0.0,
    "remain_portion": 16,
    "positions": {
        "TSLA": 0,
        "NVDA": 22.13,
        "META": 5.96,
        "MSFT": 13.02,
        "IBM": 0.0,
        "PLTR": 0,
        "BA": 0,
        "SNOW": 21.07,
        "GOOGL": 34.99,
        "COIN": 4.0,
        "SMCI": 1.0,
        "HOOD": 41.0,
        "CRWD": 4.0,
        "LULU": 0,
        "PANW": 4.0,
        "AMD": 5.52,
        "ARM": 0,
        "BABA": 30.0,
        "CELH": 139.98,
        "QCOM": 4.82,
        "AAPL": 4.0,
        "DELL": 56.91,
        "SHOP": 0.0,
        "CEG": 25.62,
        "MU": 53.45,
        "HIMS": 0.0
    },
    "cash_position": 16477.02,
    "active_orders": {
        "TSLA": [],
        "NVDA": [
            {
                "uuid": "00000000-0000-0000-0000-0000000000",
                "stock": "NVDA",
                "time": "2024-07-17T07:01:27.190006-04:00",
                "price": 127.3415,
                "share": 14.13,
                "remain_portion": -1
            },
            {
                "uuid": "c2ff818f-a75e-4705-8395-d4e0cf99ee9c",
                "stock": "NVDA",
                "time": "2024-07-17T07:30:23.789307-04:00",
                "price": 121.3,
                "share": 7.999999999999998,
                "remain_portion": 37
            }
        ],
        "META": [
            {
                "uuid": "00000000-0000-0000-0000-0000000000",
                "stock": "META",
                "time": "2024-07-17T07:01:27.189793-04:00",
                "price": 509.2937,
                "share": 5.96,
                "remain_portion": -1
            }
        ],
        "MSFT": [
            {
                "uuid": "00000000-0000-0000-0000-0000000000",
                "stock": "MSFT",
                "time": "2024-07-17T07:01:27.189969-04:00",
                "price": 453.8241,
                "share": 13.02,
                "remain_portion": -1
            }
        ],
        "IBM": [
            {
                "uuid": "391df966-3906-4967-bdd4-c589eedeaf38",
                "stock": "IBM",
                "time": "2024-07-17T07:50:47.345461-04:00",
                "price": 184.73000000000002,
                "share": 0.0,
                "remain_portion": 25
            }
        ],
        "PLTR": [],
        "BA": [],
        "SNOW": [
            {
                "uuid": "00000000-0000-0000-0000-0000000000",
                "stock": "SNOW",
                "time": "2024-07-17T07:01:27.190151-04:00",
                "price": 136.6169,
                "share": 7.07,
                "remain_portion": -1
            },
            {
                "uuid": "b7149bf5-229d-4262-a086-beb95d5c1329",
                "stock": "SNOW",
                "time": "2024-07-17T07:30:36.100133-04:00",
                "price": 134.06,
                "share": 0.0,
                "remain_portion": 37
            },
            {
                "uuid": "d0ed1afd-bfb0-488a-834b-1f80990b685e",
                "stock": "SNOW",
                "time": "2024-07-17T07:46:17.683720-04:00",
                "price": 133.99,
                "share": 14.0,
                "remain_portion": 27
            },
            {
                "uuid": "ef5bef93-1411-4432-b26b-b2e7baf552da",
                "stock": "SNOW",
                "time": "2024-07-17T08:00:57.905557-04:00",
                "price": 133.55,
                "share": 0.0,
                "remain_portion": 19
            }
        ],
        "GOOGL": [
            {
                "uuid": "00000000-0000-0000-0000-0000000000",
                "stock": "GOOGL",
                "time": "2024-07-17T07:01:27.190042-04:00",
                "price": 184.9343,
                "share": 34.99,
                "remain_portion": -1
            }
        ],
        "COIN": [
            {
                "uuid": "0bf7ea3a-0836-4c87-821a-a567399f9736",
                "stock": "COIN",
                "time": "2024-07-17T07:30:38.505257-04:00",
                "price": 245.75,
                "share": 4.0,
                "remain_portion": 36
            }
        ],
        "SMCI": [
            {
                "uuid": "00000000-0000-0000-0000-0000000000",
                "stock": "SMCI",
                "time": "2024-07-17T07:01:27.190114-04:00",
                "price": 895.86,
                "share": 1.0,
                "remain_portion": -1
            },
            {
                "uuid": "fce38060-5680-4e98-943d-c4842f3107a8",
                "stock": "SMCI",
                "time": "2024-07-17T07:30:50.490067-04:00",
                "price": 842.87,
                "share": 0.0,
                "remain_portion": 35
            }
        ],
        "HOOD": [
            {
                "uuid": "afae38d7-fd5c-402d-90ec-7c4fa26e0c87",
                "stock": "HOOD",
                "time": "2024-07-17T07:31:02.394482-04:00",
                "price": 24.15413,
                "share": 0.0,
                "remain_portion": 34
            },
            {
                "uuid": "4a4ddc20-c914-4689-a63d-7837d769aef4",
                "stock": "HOOD",
                "time": "2024-07-17T07:46:20.432801-04:00",
                "price": 24.04402,
                "share": 41.0,
                "remain_portion": 27
            }
        ],
        "CRWD": [
            {
                "uuid": "cae4ff17-0ba3-4fb1-9825-0aa5451dac6c",
                "stock": "CRWD",
                "time": "2024-07-17T07:31:05.044129-04:00",
                "price": 361.7,
                "share": 2.0,
                "remain_portion": 33
            },
            {
                "uuid": "fa6922f1-d440-418b-a708-d2542ced43e3",
                "stock": "CRWD",
                "time": "2024-07-17T07:46:33.362436-04:00",
                "price": 361.7,
                "share": 0.0,
                "remain_portion": 26
            },
            {
                "uuid": "0819a73e-58e8-476d-b9ae-7df55afa2887",
                "stock": "CRWD",
                "time": "2024-07-17T08:00:59.996099-04:00",
                "price": 361.97,
                "share": 4.0,
                "remain_portion": 19
            }
        ],
        "LULU": [],
        "PANW": [
            {
                "uuid": "21a6077f-e5b1-4784-aa76-248ccba529cc",
                "stock": "PANW",
                "time": "2024-07-17T07:36:02.962475-04:00",
                "price": 337.86,
                "share": 2.0,
                "remain_portion": -1
            },
            {
                "uuid": "3a8e5638-3009-4872-8d3b-48649935f25f",
                "stock": "PANW",
                "time": "2024-07-17T07:56:05.039697-04:00",
                "price": 333.7,
                "share": 2.0,
                "remain_portion": 23
            },
            {
                "uuid": "542fa123-7a33-40b2-bb47-fc6df3dda5fe",
                "stock": "PANW",
                "time": "2024-07-17T08:11:19.615474-04:00",
                "price": 333.05,
                "share": 0.0,
                "remain_portion": 16
            }
        ],
        "AMD": [
            {
                "uuid": "00000000-0000-0000-0000-0000000000",
                "stock": "AMD",
                "time": "2024-07-17T07:01:27.189929-04:00",
                "price": 180.9656,
                "share": 0.52,
                "remain_portion": -1
            },
            {
                "uuid": "633f9ac0-f570-4086-821c-abfed5e86cb7",
                "stock": "AMD",
                "time": "2024-07-17T07:31:08.047874-04:00",
                "price": 170.31,
                "share": 5.0,
                "remain_portion": 32
            }
        ],
        "ARM": [],
        "BABA": [
            {
                "uuid": "00000000-0000-0000-0000-0000000000",
                "stock": "BABA",
                "time": "2024-07-17T07:01:27.190078-04:00",
                "price": 78.3528,
                "share": 30.0,
                "remain_portion": -1
            }
        ],
        "CELH": [
            {
                "uuid": "00000000-0000-0000-0000-0000000000",
                "stock": "CELH",
                "time": "2024-07-17T07:01:27.190220-04:00",
                "price": 55.7269,
                "share": 139.98,
                "remain_portion": -1
            },
            {
                "uuid": "d93d2be3-d088-4aaf-a3c7-2839de068d8b",
                "stock": "CELH",
                "time": "2024-07-17T07:56:18.333250-04:00",
                "price": 52.059999999999995,
                "share": 0.0,
                "remain_portion": 22
            }
        ],
        "QCOM": [
            {
                "uuid": "00000000-0000-0000-0000-0000000000",
                "stock": "QCOM",
                "time": "2024-07-17T07:01:27.190256-04:00",
                "price": 207.2303,
                "share": 0.82,
                "remain_portion": -1
            },
            {
                "uuid": "b2503521-ecad-4370-861e-62c5776440d2",
                "stock": "QCOM",
                "time": "2024-07-17T07:36:06.429948-04:00",
                "price": 200.20000000000002,
                "share": 4.0,
                "remain_portion": 30
            }
        ],
        "AAPL": [
            {
                "uuid": "6352f0b8-8f2c-4582-a2a2-0b388bde06ba",
                "stock": "AAPL",
                "time": "2024-07-17T08:01:02.426347-04:00",
                "price": 229.76000000000002,
                "share": 4.0,
                "remain_portion": 18
            }
        ],
        "DELL": [
            {
                "uuid": "00000000-0000-0000-0000-0000000000",
                "stock": "DELL",
                "time": "2024-07-17T07:01:27.190290-04:00",
                "price": 135.8916,
                "share": 49.91,
                "remain_portion": -1
            },
            {
                "uuid": "471d6821-e5fc-40db-b1b9-018539ed4c68",
                "stock": "DELL",
                "time": "2024-07-17T07:36:10.275339-04:00",
                "price": 129.77,
                "share": 7.0,
                "remain_portion": 29
            },
            {
                "uuid": "c7e59331-8039-4f86-a35d-fadc551546eb",
                "stock": "DELL",
                "time": "2024-07-17T07:51:00.993277-04:00",
                "price": 129.51000000000002,
                "share": 0.0,
                "remain_portion": 24
            }
        ],
        "SHOP": [
            {
                "uuid": "72bff51a-6967-4c39-96bd-6ab6971be3e7",
                "stock": "SHOP",
                "time": "2024-07-17T07:56:31.043638-04:00",
                "price": 68.63,
                "share": 0.0,
                "remain_portion": 21
            }
        ],
        "CEG": [
            {
                "uuid": "00000000-0000-0000-0000-0000000000",
                "stock": "CEG",
                "time": "2024-07-17T07:01:27.190359-04:00",
                "price": 209.6226,
                "share": 21.62,
                "remain_portion": -1
            },
            {
                "uuid": "1ea0970f-9039-446e-9865-2a63149dec5d",
                "stock": "CEG",
                "time": "2024-07-17T08:01:05.007580-04:00",
                "price": 202.05,
                "share": 4.0,
                "remain_portion": 17
            }
        ],
        "MU": [
            {
                "uuid": "00000000-0000-0000-0000-0000000000",
                "stock": "MU",
                "time": "2024-07-17T07:01:27.190325-04:00",
                "price": 131.9974,
                "share": 45.45,
                "remain_portion": -1
            },
            {
                "uuid": "352cba64-d218-44f8-8651-ba13d136f327",
                "stock": "MU",
                "time": "2024-07-17T07:36:12.616560-04:00",
                "price": 122.36,
                "share": 8.0,
                "remain_portion": 28
            },
            {
                "uuid": "5f65028b-ee9d-4f3e-ae6a-d330663aecc9",
                "stock": "MU",
                "time": "2024-07-17T07:56:44.086696-04:00",
                "price": 122.21,
                "share": 0.0,
                "remain_portion": 20
            }
        ],
        "HIMS": [
            {
                "uuid": "8c19f8f5-2d25-4250-bbdc-765255b7603b",
                "stock": "HIMS",
                "time": "2024-07-17T07:31:21.572448-04:00",
                "price": 22.672649999999997,
                "share": 0.0,
                "remain_portion": 31
            }
        ]
    },
    "active_pnl": {
        "TSLA": 0,
        "NVDA": -77.84,
        "META": -159.69,
        "MSFT": -124.52,
        "IBM": 0.0,
        "PLTR": 0,
        "BA": 0,
        "SNOW": -15.2,
        "GOOGL": -71.88,
        "COIN": 3.52,
        "SMCI": -51.16,
        "HOOD": 3.95,
        "CRWD": -1.08,
        "LULU": 0,
        "PANW": -10.1,
        "AMD": -7.8,
        "ARM": 0,
        "BABA": -3.38,
        "CELH": -521.69,
        "QCOM": -4.56,
        "AAPL": 1.36,
        "DELL": -299.27,
        "SHOP": 0.0,
        "CEG": -184.73,
        "MU": -431.07,
        "HIMS": 0.0
    },
    "active_pnl_percentage": {
        "TSLA": 0,
        "NVDA": -2.69,
        "META": -5.26,
        "MSFT": -2.11,
        "IBM": 0,
        "PLTR": 0,
        "BA": 0,
        "SNOW": -0.53,
        "GOOGL": -1.11,
        "COIN": 0.36,
        "SMCI": -5.71,
        "HOOD": 0.4,
        "CRWD": -0.05,
        "LULU": 0,
        "PANW": -0.75,
        "AMD": -0.83,
        "ARM": 0,
        "BABA": -0.14,
        "CELH": -6.69,
        "QCOM": -0.47,
        "AAPL": 0.1,
        "DELL": -3.89,
        "SHOP": 0,
        "CEG": -3.46,
        "MU": -6.18,
        "HIMS": 0
    }
}