{
    "time": "2024-07-26T20:00:16.441190-04:00",
    "daily_start_net_value": 104737.1426,
    "current_net_value": 106422.9434,
    "daily_pnl": 1685.8007999999973,
    "daily_pnl_percentage": 1.61,
    "remain_portion": 0,
    "positions": {
        "TSLA": 0,
        "NVDA": 39.01,
        "META": 10.0,
        "MSFT": 17.29,
        "IBM": 0,
        "PLTR": 0,
        "BA": 0,
        "SNOW": 0.02,
        "GOOGL": 36.41,
        "COIN": 0,
        "SMCI": 3.0,
        "HOOD": 393.27,
        "CRWD": 11.0,
        "LULU": 17.83,
        "PANW": 0,
        "AMD": 38.86,
        "ARM": 0,
        "BABA": 23.55,
        "CELH": 280.48,
        "QCOM": 15.42,
        "AAPL": 17.04,
        "DELL": 104.62,
        "SHOP": 92.14,
        "CEG": 41.88,
        "MU": 86.76,
        "HIMS": 0
    },
    "cash_position": 737.11,
    "active_orders": {
        "TSLA": [],
        "NVDA": [
            {
                "uuid": "00000000-0000-0000-0000-0000000000",
                "stock": "NVDA",
                "time": "2024-07-26T07:01:50.655507-04:00",
                "price": 123.7297,
                "share": 30.13,
                "remain_portion": -1
            },
            {
                "uuid": "9a58a35a-a545-4095-b45d-51511a56633d",
                "stock": "NVDA",
                "time": "2024-07-26T10:50:23.212661-04:00",
                "price": 112.64,
                "share": 8.879999999999999,
                "remain_portion": 5
            }
        ],
        "META": [
            {
                "uuid": "00000000-0000-0000-0000-0000000000",
                "stock": "META",
                "time": "2024-07-26T07:01:50.655225-04:00",
                "price": 498.0661,
                "share": 10.0,
                "remain_portion": -1
            }
        ],
        "MSFT": [
            {
                "uuid": "00000000-0000-0000-0000-0000000000",
                "stock": "MSFT",
                "time": "2024-07-26T07:01:50.655406-04:00",
                "price": 450.417,
                "share": 17.29,
                "remain_portion": -1
            }
        ],
        "IBM": [],
        "PLTR": [],
        "BA": [],
        "SNOW": [
            {
                "uuid": "d99d0c91-0d6b-4d73-8ca3-6364f7a1e79c",
                "stock": "SNOW",
                "time": "2024-07-26T13:41:10.109301-04:00",
                "price": 128.8788,
                "share": 0.02,
                "remain_portion": -1
            }
        ],
        "GOOGL": [
            {
                "uuid": "00000000-0000-0000-0000-0000000000",
                "stock": "GOOGL",
                "time": "2024-07-26T07:01:50.655543-04:00",
                "price": 179.9269,
                "share": 31.41,
                "remain_portion": -1
            },
            {
                "uuid": "336690fb-fbef-496a-bb95-545ad7852a1c",
                "stock": "GOOGL",
                "time": "2024-07-26T09:06:23.436733-04:00",
                "price": 166.91000000000003,
                "share": 4.9999999999999964,
                "remain_portion": 9
            }
        ],
        "COIN": [],
        "SMCI": [
            {
                "uuid": "00000000-0000-0000-0000-0000000000",
                "stock": "SMCI",
                "time": "2024-07-26T07:01:50.655701-04:00",
                "price": 835.2433,
                "share": 3.0,
                "remain_portion": -1
            }
        ],
        "HOOD": [
            {
                "uuid": "00000000-0000-0000-0000-0000000000",
                "stock": "HOOD",
                "time": "2024-07-26T07:01:50.655605-04:00",
                "price": 22.9288,
                "share": 346.28,
                "remain_portion": -1
            },
            {
                "uuid": "3e1be65b-2155-446d-99e9-2d63e202004b",
                "stock": "HOOD",
                "time": "2024-07-26T10:35:12.163306-04:00",
                "price": 21.28,
                "share": 46.99000000000001,
                "remain_portion": 7
            }
        ],
        "CRWD": [
            {
                "uuid": "00000000-0000-0000-0000-0000000000",
                "stock": "CRWD",
                "time": "2024-07-26T07:01:50.655869-04:00",
                "price": 342.1445,
                "share": 11.0,
                "remain_portion": -1
            }
        ],
        "LULU": [
            {
                "uuid": "00000000-0000-0000-0000-0000000000",
                "stock": "LULU",
                "time": "2024-07-26T07:01:50.655771-04:00",
                "price": 280.291,
                "share": 17.83,
                "remain_portion": -1
            }
        ],
        "PANW": [],
        "AMD": [
            {
                "uuid": "00000000-0000-0000-0000-0000000000",
                "stock": "AMD",
                "time": "2024-07-26T07:01:50.655365-04:00",
                "price": 152.9862,
                "share": 38.86,
                "remain_portion": -1
            }
        ],
        "ARM": [],
        "BABA": [
            {
                "uuid": "00000000-0000-0000-0000-0000000000",
                "stock": "BABA",
                "time": "2024-07-26T07:01:50.655658-04:00",
                "price": 76.5219,
                "share": 23.55,
                "remain_portion": -1
            }
        ],
        "CELH": [
            {
                "uuid": "00000000-0000-0000-0000-0000000000",
                "stock": "CELH",
                "time": "2024-07-26T07:01:50.655815-04:00",
                "price": 52.4928,
                "share": 280.48,
                "remain_portion": -1
            }
        ],
        "QCOM": [
            {
                "uuid": "00000000-0000-0000-0000-0000000000",
                "stock": "QCOM",
                "time": "2024-07-26T07:01:50.655941-04:00",
                "price": 195.7158,
                "share": 9.82,
                "remain_portion": -1
            },
            {
                "uuid": "106d2dec-1139-4f76-a907-9e2fc8c05926",
                "stock": "QCOM",
                "time": "2024-07-26T15:22:04.699737-04:00",
                "price": 178.49,
                "share": 5.6,
                "remain_portion": 0
            }
        ],
        "AAPL": [
            {
                "uuid": "00000000-0000-0000-0000-0000000000",
                "stock": "AAPL",
                "time": "2024-07-26T07:01:50.655464-04:00",
                "price": 225.2471,
                "share": 17.04,
                "remain_portion": -1
            }
        ],
        "DELL": [
            {
                "uuid": "00000000-0000-0000-0000-0000000000",
                "stock": "DELL",
                "time": "2024-07-26T07:01:50.655978-04:00",
                "price": 133.4984,
                "share": 77.91,
                "remain_portion": -1
            },
            {
                "uuid": "01f2c099-fbc2-4a82-8273-c5d445b1c15d",
                "stock": "DELL",
                "time": "2024-07-26T10:45:17.855847-04:00",
                "price": 112.3,
                "share": 8.900000000000006,
                "remain_portion": 6
            },
            {
                "uuid": "c4081fa2-9c84-4b4f-b6a2-4098d9bc1ddc",
                "stock": "DELL",
                "time": "2024-07-26T11:00:36.470811-04:00",
                "price": 112.43,
                "share": 8.89,
                "remain_portion": 2
            },
            {
                "uuid": "6accbfbd-7e5c-4e63-a826-b7c0dce7bb3c",
                "stock": "DELL",
                "time": "2024-07-26T11:26:55.392622-04:00",
                "price": 112.13,
                "share": 8.920000000000002,
                "remain_portion": 1
            }
        ],
        "SHOP": [
            {
                "uuid": "00000000-0000-0000-0000-0000000000",
                "stock": "SHOP",
                "time": "2024-07-26T07:01:50.655905-04:00",
                "price": 65.7742,
                "share": 75.45,
                "remain_portion": -1
            },
            {
                "uuid": "78bd7efe-1046-42fd-ab1d-006bbfc0768a",
                "stock": "SHOP",
                "time": "2024-07-26T10:55:30.334760-04:00",
                "price": 59.93,
                "share": 16.689999999999998,
                "remain_portion": 3
            }
        ],
        "CEG": [
            {
                "uuid": "00000000-0000-0000-0000-0000000000",
                "stock": "CEG",
                "time": "2024-07-26T07:01:50.656098-04:00",
                "price": 199.0884,
                "share": 41.88,
                "remain_portion": -1
            }
        ],
        "MU": [
            {
                "uuid": "00000000-0000-0000-0000-0000000000",
                "stock": "MU",
                "time": "2024-07-26T07:01:50.656016-04:00",
                "price": 125.4544,
                "share": 86.76,
                "remain_portion": -1
            }
        ],
        "HIMS": []
    },
    "active_pnl": {
        "TSLA": 0,
        "NVDA": -318.6,
        "META": -320.76,
        "MSFT": -431.85,
        "IBM": 0,
        "PLTR": 0,
        "BA": 0,
        "SNOW": 0.0,
        "GOOGL": -405.22,
        "COIN": 0,
        "SMCI": -368.83,
        "HOOD": -606.34,
        "CRWD": -949.79,
        "LULU": -503.86,
        "PANW": 0,
        "AMD": -505.03,
        "ARM": 0,
        "BABA": 1.84,
        "CELH": -1232.09,
        "QCOM": -139.71,
        "AAPL": -125.19,
        "DELL": -1540.31,
        "SHOP": -439.1,
        "CEG": -1006.73,
        "MU": -1387.52,
        "HIMS": 0
    },
    "active_pnl_percentage": {
        "TSLA": 0,
        "NVDA": -6.74,
        "META": -6.44,
        "MSFT": -5.55,
        "IBM": 0,
        "PLTR": 0,
        "BA": 0,
        "SNOW": 0.09,
        "GOOGL": -6.25,
        "COIN": 0,
        "SMCI": -14.72,
        "HOOD": -6.78,
        "CRWD": -25.24,
        "LULU": -10.08,
        "PANW": 0,
        "AMD": -8.5,
        "ARM": 0,
        "BABA": 0.1,
        "CELH": -8.37,
        "QCOM": -4.78,
        "AAPL": -3.26,
        "DELL": -11.49,
        "SHOP": -7.36,
        "CEG": -12.07,
        "MU": -12.75,
        "HIMS": 0
    }
}