{
    "time": "2024-07-02T09:32:16.869167-04:00",
    "daily_start_net_value": 83609.5393,
    "current_net_value": 83485.1683,
    "daily_pnl": -124.37099999999919,
    "daily_pnl_percentage": -0.15,
    "remain_portion": 89,
    "positions": {
        "TSLA": 0,
        "NVDA": 0,
        "META": 3.0,
        "MSFT": 0,
        "IBM": 0.0,
        "PLTR": 46.0,
        "BA": 0,
        "SNOW": 0,
        "GOOGL": 0.0,
        "COIN": 2.0,
        "SMCI": 0,
        "HOOD": 26.0,
        "CRWD": 0,
        "LULU": 5.0,
        "PANW": 0.0,
        "AMD": 3.0,
        "ARM": 0,
        "BABA": 65.25,
        "CELH": 10.0,
        "QCOM": 40.26,
        "AAPL": 0,
        "DELL": 24.0,
        "SHOP": 0,
        "CEG": 2.91,
        "MU": 21.72,
        "HIMS": 0
    },
    "cash_position": 53691.11,
    "active_orders": {
        "TSLA": [],
        "NVDA": [],
        "META": [
            {
                "uuid": "00000000-0000-0000-0000-0000000000",
                "stock": "META",
                "time": "2024-07-02T07:01:04.433278-04:00",
                "price": 517.3,
                "share": 2.0,
                "remain_portion": -1
            },
            {
                "uuid": "92b647d3-8d06-4f37-a31f-cb4fc3798fc5",
                "stock": "META",
                "time": "2024-07-02T08:01:28.762629-04:00",
                "price": 500.78000000000003,
                "share": 0.0,
                "remain_portion": 100
            },
            {
                "uuid": "9ec1594d-369c-4f3e-8fb4-6bdc6500f7d2",
                "stock": "META",
                "time": "2024-07-02T08:55:34.437084-04:00",
                "price": 500.35,
                "share": 1.0,
                "remain_portion": 93
            }
        ],
        "MSFT": [],
        "IBM": [
            {
                "uuid": "43e76f54-3ec2-4ddd-b14e-7cb0c8159032",
                "stock": "IBM",
                "time": "2024-07-02T08:27:03.726727-04:00",
                "price": 174.5123,
                "share": 0.0,
                "remain_portion": 94
            }
        ],
        "PLTR": [
            {
                "uuid": "ad1557b4-55f0-45b9-84a9-62a9f92770c2",
                "stock": "PLTR",
                "time": "2024-07-02T07:51:00.063335-04:00",
                "price": 25.64562,
                "share": 23.0,
                "remain_portion": 102
            },
            {
                "uuid": "b5e0769f-c6b0-4c64-80a7-529b0cb9fada",
                "stock": "PLTR",
                "time": "2024-07-02T08:05:40.953172-04:00",
                "price": 25.60558,
                "share": 23.0,
                "remain_portion": 97
            }
        ],
        "BA": [],
        "SNOW": [],
        "GOOGL": [
            {
                "uuid": "9d074773-c403-4739-87ff-68e0f69fac5b",
                "stock": "GOOGL",
                "time": "2024-07-02T07:35:41.849923-04:00",
                "price": 182.34,
                "share": 0.0,
                "remain_portion": 103
            }
        ],
        "COIN": [
            {
                "uuid": "00000000-0000-0000-0000-0000000000",
                "stock": "COIN",
                "time": "2024-07-02T07:01:04.433545-04:00",
                "price": 232.55,
                "share": 2.0,
                "remain_portion": -1
            }
        ],
        "SMCI": [
            {
                "uuid": "1d703993-b173-4ffd-a109-884771844ba8",
                "stock": "SMCI",
                "time": "2024-07-02T07:30:29.264012-04:00",
                "price": 800.26,
                "share": 0,
                "remain_portion": 104
            },
            {
                "uuid": "65e10703-dbc5-4fc6-b2ad-2f38fea943e3",
                "stock": "SMCI",
                "time": "2024-07-02T07:45:55.958356-04:00",
                "price": 800.26,
                "share": 0,
                "remain_portion": 103
            }
        ],
        "HOOD": [
            {
                "uuid": "89c4d548-6cee-41b1-a42f-3432a5dfdc3f",
                "stock": "HOOD",
                "time": "2024-07-02T08:10:47.409833-04:00",
                "price": 22.70268,
                "share": 26.0,
                "remain_portion": 95
            }
        ],
        "CRWD": [],
        "LULU": [
            {
                "uuid": "00000000-0000-0000-0000-0000000000",
                "stock": "LULU",
                "time": "2024-07-02T07:01:04.433495-04:00",
                "price": 303.486,
                "share": 5.0,
                "remain_portion": -1
            }
        ],
        "PANW": [
            {
                "uuid": "e3895040-3ef8-4b63-8743-7f61822b135f",
                "stock": "PANW",
                "time": "2024-07-02T08:31:17.292349-04:00",
                "price": 338.5503,
                "share": 0.0,
                "remain_portion": 93
            }
        ],
        "AMD": [
            {
                "uuid": "8fd8df99-f5b3-44b5-8dc6-11f229353cbd",
                "stock": "AMD",
                "time": "2024-07-02T07:56:14.689281-04:00",
                "price": 156.07000000000002,
                "share": 1.0,
                "remain_portion": 101
            },
            {
                "uuid": "aa73555e-4742-43f9-82aa-8cbaa1051db2",
                "stock": "AMD",
                "time": "2024-07-02T09:25:55.219690-04:00",
                "price": 156.27,
                "share": 5.0,
                "remain_portion": 91
            }
        ],
        "ARM": [],
        "BABA": [
            {
                "uuid": "00000000-0000-0000-0000-0000000000",
                "stock": "BABA",
                "time": "2024-07-02T07:01:04.433458-04:00",
                "price": 72.688,
                "share": 65.25,
                "remain_portion": -1
            }
        ],
        "CELH": [
            {
                "uuid": "e926a710-3ecf-4946-876b-90b51a3c1bc2",
                "stock": "CELH",
                "time": "2024-07-02T08:01:31.315557-04:00",
                "price": 57.61,
                "share": 10.0,
                "remain_portion": 99
            },
            {
                "uuid": "676704b4-d8df-43f4-9b34-798954b5dd5e",
                "stock": "CELH",
                "time": "2024-07-02T09:05:48.542389-04:00",
                "price": 57.37,
                "share": 0.0,
                "remain_portion": 92
            }
        ],
        "QCOM": [
            {
                "uuid": "00000000-0000-0000-0000-0000000000",
                "stock": "QCOM",
                "time": "2024-07-02T07:01:04.433609-04:00",
                "price": 204.7194,
                "share": 37.26,
                "remain_portion": -1
            },
            {
                "uuid": "ecf79620-4dd8-46df-b811-4173fac66a97",
                "stock": "QCOM",
                "time": "2024-07-02T08:01:34.207396-04:00",
                "price": 198.64700000000002,
                "share": 3.0,
                "remain_portion": 98
            }
        ],
        "AAPL": [],
        "DELL": [
            {
                "uuid": "00000000-0000-0000-0000-0000000000",
                "stock": "DELL",
                "time": "2024-07-02T07:01:04.433653-04:00",
                "price": 142.7917,
                "share": 12.0,
                "remain_portion": -1
            },
            {
                "uuid": "c23396d2-4622-4757-ab49-473245cdc27c",
                "stock": "DELL",
                "time": "2024-07-02T07:51:03.250791-04:00",
                "price": 141.3,
                "share": 4.0,
                "remain_portion": 101
            },
            {
                "uuid": "7b4638a8-e678-4452-b9b5-4356028c1025",
                "stock": "DELL",
                "time": "2024-07-02T08:05:43.677751-04:00",
                "price": 141.35000000000002,
                "share": 4.0,
                "remain_portion": 96
            },
            {
                "uuid": "16965fe5-cec6-4e0e-908e-086ac742212e",
                "stock": "DELL",
                "time": "2024-07-02T09:25:57.999914-04:00",
                "price": 140.85000000000002,
                "share": 4.0,
                "remain_portion": 90
            }
        ],
        "SHOP": [],
        "CEG": [
            {
                "uuid": "0651920b-619a-475a-9b86-5321c7e2b4ca",
                "stock": "CEG",
                "time": "2024-07-02T09:32:16.242128-04:00",
                "price": 206.35,
                "share": 2.91,
                "remain_portion": 89
            }
        ],
        "MU": [
            {
                "uuid": "00000000-0000-0000-0000-0000000000",
                "stock": "MU",
                "time": "2024-07-02T07:01:04.433697-04:00",
                "price": 140.8356,
                "share": 21.72,
                "remain_portion": -1
            }
        ],
        "HIMS": []
    },
    "active_pnl": {
        "TSLA": 0,
        "NVDA": 0,
        "META": -29.44,
        "MSFT": 0,
        "IBM": 0.0,
        "PLTR": 20.67,
        "BA": 0,
        "SNOW": 0,
        "GOOGL": 0.0,
        "COIN": -5.1,
        "SMCI": 0.0,
        "HOOD": -8.39,
        "CRWD": 0,
        "LULU": -6.28,
        "PANW": 0.0,
        "AMD": 15.74,
        "ARM": 0,
        "BABA": -39.02,
        "CELH": 6.7,
        "QCOM": -275.05,
        "AAPL": 0,
        "DELL": -20.5,
        "SHOP": 0,
        "CEG": 1.11,
        "MU": -234.26,
        "HIMS": 0
    },
    "active_pnl_percentage": {
        "TSLA": 0,
        "NVDA": 0,
        "META": -1.89,
        "MSFT": 0,
        "IBM": 0,
        "PLTR": 1.73,
        "BA": 0,
        "SNOW": 0,
        "GOOGL": 0,
        "COIN": -1.05,
        "SMCI": 0,
        "HOOD": -1.82,
        "CRWD": 0,
        "LULU": -0.41,
        "PANW": 0,
        "AMD": 1.72,
        "ARM": 0,
        "BABA": -0.8,
        "CELH": 0.71,
        "QCOM": -3.2,
        "AAPL": 0,
        "DELL": -0.6,
        "SHOP": 0,
        "CEG": 0.18,
        "MU": -7.67,
        "HIMS": 0
    }
}