{
    "time": "2024-07-17T10:32:38.130395-04:00",
    "daily_start_net_value": 85335.6065,
    "current_net_value": 83454.8856,
    "daily_pnl": -1880.7209000000003,
    "daily_pnl_percentage": -2.2,
    "remain_portion": 1,
    "positions": {
        "TSLA": 0,
        "NVDA": 22.13,
        "META": 5.96,
        "MSFT": 13.02,
        "IBM": 0,
        "PLTR": 0,
        "BA": 0,
        "SNOW": 6.38,
        "GOOGL": 40.5,
        "COIN": 0,
        "SMCI": 1.0,
        "HOOD": 0.0,
        "CRWD": 6.0,
        "LULU": 0,
        "PANW": 4.0,
        "AMD": 11.59,
        "ARM": 0,
        "BABA": 54.93,
        "CELH": 196.98,
        "QCOM": 4.82,
        "AAPL": 12.39,
        "DELL": 77.91,
        "SHOP": 43.82,
        "CEG": 25.62,
        "MU": 69.45,
        "HIMS": 0.0
    },
    "cash_position": 1273.68,
    "active_orders": {
        "TSLA": [],
        "NVDA": [
            {
                "uuid": "00000000-0000-0000-0000-0000000000",
                "stock": "NVDA",
                "time": "2024-07-17T07:01:27.190006-04:00",
                "price": 127.3415,
                "share": 14.13,
                "remain_portion": -1
            },
            {
                "uuid": "c2ff818f-a75e-4705-8395-d4e0cf99ee9c",
                "stock": "NVDA",
                "time": "2024-07-17T07:30:23.789307-04:00",
                "price": 121.3,
                "share": 7.999999999999998,
                "remain_portion": 37
            }
        ],
        "META": [
            {
                "uuid": "00000000-0000-0000-0000-0000000000",
                "stock": "META",
                "time": "2024-07-17T07:01:27.189793-04:00",
                "price": 509.2937,
                "share": 5.96,
                "remain_portion": -1
            }
        ],
        "MSFT": [
            {
                "uuid": "00000000-0000-0000-0000-0000000000",
                "stock": "MSFT",
                "time": "2024-07-17T07:01:27.189969-04:00",
                "price": 453.8241,
                "share": 13.02,
                "remain_portion": -1
            }
        ],
        "IBM": [],
        "PLTR": [],
        "BA": [],
        "SNOW": [
            {
                "uuid": "0b8479f3-2286-4d40-8590-ef55cce4f5a0",
                "stock": "SNOW",
                "time": "2024-07-17T10:11:11.382447-04:00",
                "price": 134.8615,
                "share": 6.38,
                "remain_portion": -1
            }
        ],
        "GOOGL": [
            {
                "uuid": "00000000-0000-0000-0000-0000000000",
                "stock": "GOOGL",
                "time": "2024-07-17T07:01:27.190042-04:00",
                "price": 184.9343,
                "share": 34.99,
                "remain_portion": -1
            },
            {
                "uuid": "a8e5f2c5-1065-41e5-b23e-6aae29d79d8c",
                "stock": "GOOGL",
                "time": "2024-07-17T10:11:14.539100-04:00",
                "price": 181.31,
                "share": 5.509999999999998,
                "remain_portion": 5
            }
        ],
        "COIN": [],
        "SMCI": [
            {
                "uuid": "00000000-0000-0000-0000-0000000000",
                "stock": "SMCI",
                "time": "2024-07-17T07:01:27.190114-04:00",
                "price": 895.86,
                "share": 1.0,
                "remain_portion": -1
            },
            {
                "uuid": "fce38060-5680-4e98-943d-c4842f3107a8",
                "stock": "SMCI",
                "time": "2024-07-17T07:30:50.490067-04:00",
                "price": 842.87,
                "share": 0.0,
                "remain_portion": 35
            }
        ],
        "HOOD": [],
        "CRWD": [
            {
                "uuid": "cae4ff17-0ba3-4fb1-9825-0aa5451dac6c",
                "stock": "CRWD",
                "time": "2024-07-17T07:31:05.044129-04:00",
                "price": 361.7,
                "share": 2.0,
                "remain_portion": 33
            },
            {
                "uuid": "fa6922f1-d440-418b-a708-d2542ced43e3",
                "stock": "CRWD",
                "time": "2024-07-17T07:46:33.362436-04:00",
                "price": 361.7,
                "share": 0.0,
                "remain_portion": 26
            },
            {
                "uuid": "0819a73e-58e8-476d-b9ae-7df55afa2887",
                "stock": "CRWD",
                "time": "2024-07-17T08:00:59.996099-04:00",
                "price": 361.97,
                "share": 4.0,
                "remain_portion": 19
            },
            {
                "uuid": "1f7a58d7-556e-40ae-a7fa-0ab0c6dbea1c",
                "stock": "CRWD",
                "time": "2024-07-17T09:06:01.335776-04:00",
                "price": 361.05,
                "share": 2.0,
                "remain_portion": 10
            }
        ],
        "LULU": [],
        "PANW": [
            {
                "uuid": "21a6077f-e5b1-4784-aa76-248ccba529cc",
                "stock": "PANW",
                "time": "2024-07-17T07:36:02.962475-04:00",
                "price": 337.86,
                "share": 2.0,
                "remain_portion": -1
            },
            {
                "uuid": "3a8e5638-3009-4872-8d3b-48649935f25f",
                "stock": "PANW",
                "time": "2024-07-17T07:56:05.039697-04:00",
                "price": 333.7,
                "share": 2.0,
                "remain_portion": 23
            },
            {
                "uuid": "542fa123-7a33-40b2-bb47-fc6df3dda5fe",
                "stock": "PANW",
                "time": "2024-07-17T08:11:19.615474-04:00",
                "price": 333.05,
                "share": 0.0,
                "remain_portion": 16
            }
        ],
        "AMD": [
            {
                "uuid": "00000000-0000-0000-0000-0000000000",
                "stock": "AMD",
                "time": "2024-07-17T07:01:27.189929-04:00",
                "price": 180.9656,
                "share": 0.52,
                "remain_portion": -1
            },
            {
                "uuid": "633f9ac0-f570-4086-821c-abfed5e86cb7",
                "stock": "AMD",
                "time": "2024-07-17T07:31:08.047874-04:00",
                "price": 170.31,
                "share": 5.0,
                "remain_portion": 32
            },
            {
                "uuid": "1ee9b095-8449-49af-82f2-36a4a6115cd3",
                "stock": "AMD",
                "time": "2024-07-17T10:16:24.393450-04:00",
                "price": 164.84,
                "share": 6.07,
                "remain_portion": 3
            }
        ],
        "ARM": [],
        "BABA": [
            {
                "uuid": "00000000-0000-0000-0000-0000000000",
                "stock": "BABA",
                "time": "2024-07-17T07:01:27.190078-04:00",
                "price": 78.3528,
                "share": 30.0,
                "remain_portion": -1
            },
            {
                "uuid": "97b5c692-cfc4-44a5-ae3a-914e30eca72d",
                "stock": "BABA",
                "time": "2024-07-17T09:26:25.014638-04:00",
                "price": 77.75,
                "share": 12.0,
                "remain_portion": 8
            },
            {
                "uuid": "21fba720-9e18-4dc2-8416-7890d9320001",
                "stock": "BABA",
                "time": "2024-07-17T09:45:52.669331-04:00",
                "price": 77.33,
                "share": 12.93,
                "remain_portion": 6
            }
        ],
        "CELH": [
            {
                "uuid": "00000000-0000-0000-0000-0000000000",
                "stock": "CELH",
                "time": "2024-07-17T07:01:27.190220-04:00",
                "price": 55.7269,
                "share": 139.98,
                "remain_portion": -1
            },
            {
                "uuid": "d93d2be3-d088-4aaf-a3c7-2839de068d8b",
                "stock": "CELH",
                "time": "2024-07-17T07:56:18.333250-04:00",
                "price": 52.059999999999995,
                "share": 0.0,
                "remain_portion": 22
            },
            {
                "uuid": "ea88a811-f442-4c87-b906-d307444abd13",
                "stock": "CELH",
                "time": "2024-07-17T08:45:45.345075-04:00",
                "price": 52.099999999999994,
                "share": 19.0,
                "remain_portion": 14
            },
            {
                "uuid": "84ff9b4a-470e-4819-bf06-11b5ae630a83",
                "stock": "CELH",
                "time": "2024-07-17T09:00:54.799740-04:00",
                "price": 52.029999999999994,
                "share": 19.0,
                "remain_portion": 12
            },
            {
                "uuid": "a73db317-895c-4d9c-8125-71c414102b3a",
                "stock": "CELH",
                "time": "2024-07-17T10:31:34.884394-04:00",
                "price": 50.92,
                "share": 19.0,
                "remain_portion": 1
            }
        ],
        "QCOM": [
            {
                "uuid": "00000000-0000-0000-0000-0000000000",
                "stock": "QCOM",
                "time": "2024-07-17T07:01:27.190256-04:00",
                "price": 207.2303,
                "share": 0.82,
                "remain_portion": -1
            },
            {
                "uuid": "b2503521-ecad-4370-861e-62c5776440d2",
                "stock": "QCOM",
                "time": "2024-07-17T07:36:06.429948-04:00",
                "price": 200.20000000000002,
                "share": 4.0,
                "remain_portion": 30
            }
        ],
        "AAPL": [
            {
                "uuid": "6352f0b8-8f2c-4582-a2a2-0b388bde06ba",
                "stock": "AAPL",
                "time": "2024-07-17T08:01:02.426347-04:00",
                "price": 229.76000000000002,
                "share": 4.0,
                "remain_portion": 18
            },
            {
                "uuid": "8e16f670-10ea-4d45-b571-732caf799280",
                "stock": "AAPL",
                "time": "2024-07-17T08:40:40.873318-04:00",
                "price": 229.99,
                "share": 4.0,
                "remain_portion": 15
            },
            {
                "uuid": "9abbe444-4120-44cf-9060-465881d3c1d9",
                "stock": "AAPL",
                "time": "2024-07-17T10:21:29.202762-04:00",
                "price": 227.69,
                "share": 4.390000000000001,
                "remain_portion": 2
            }
        ],
        "DELL": [
            {
                "uuid": "00000000-0000-0000-0000-0000000000",
                "stock": "DELL",
                "time": "2024-07-17T07:01:27.190290-04:00",
                "price": 135.8916,
                "share": 49.91,
                "remain_portion": -1
            },
            {
                "uuid": "471d6821-e5fc-40db-b1b9-018539ed4c68",
                "stock": "DELL",
                "time": "2024-07-17T07:36:10.275339-04:00",
                "price": 129.77,
                "share": 7.0,
                "remain_portion": 29
            },
            {
                "uuid": "c7e59331-8039-4f86-a35d-fadc551546eb",
                "stock": "DELL",
                "time": "2024-07-17T07:51:00.993277-04:00",
                "price": 129.51000000000002,
                "share": 0.0,
                "remain_portion": 24
            },
            {
                "uuid": "778468f3-9a23-4766-911a-5d6427b830b6",
                "stock": "DELL",
                "time": "2024-07-17T09:00:57.132008-04:00",
                "price": 129.05,
                "share": 7.0,
                "remain_portion": 11
            },
            {
                "uuid": "2ffd1024-d53d-4556-8963-bf77f2c3e288",
                "stock": "DELL",
                "time": "2024-07-17T09:16:06.321238-04:00",
                "price": 128.71,
                "share": 14.0,
                "remain_portion": 10
            },
            {
                "uuid": "b4268627-a05d-4eaf-9dc1-a87f3a5ee831",
                "stock": "DELL",
                "time": "2024-07-17T09:31:29.376418-04:00",
                "price": 128.62,
                "share": 7.0,
                "remain_portion": 7
            }
        ],
        "SHOP": [
            {
                "uuid": "72bff51a-6967-4c39-96bd-6ab6971be3e7",
                "stock": "SHOP",
                "time": "2024-07-17T07:56:31.043638-04:00",
                "price": 68.63,
                "share": 0.0,
                "remain_portion": 21
            },
            {
                "uuid": "e7770b3b-b6bd-47f7-a918-ca292ac91cb8",
                "stock": "SHOP",
                "time": "2024-07-17T09:31:32.099434-04:00",
                "price": 67.83,
                "share": 14.0,
                "remain_portion": 6
            },
            {
                "uuid": "c3ac762d-9ec4-4405-a736-1822089b6acf",
                "stock": "SHOP",
                "time": "2024-07-17T10:11:19.695701-04:00",
                "price": 66.33,
                "share": 14.82,
                "remain_portion": 4
            },
            {
                "uuid": "97c91136-7db3-47d4-81ba-5af435e34625",
                "stock": "SHOP",
                "time": "2024-07-17T10:31:36.966810-04:00",
                "price": 66.44,
                "share": 15.129999999999999,
                "remain_portion": 1
            }
        ],
        "CEG": [
            {
                "uuid": "00000000-0000-0000-0000-0000000000",
                "stock": "CEG",
                "time": "2024-07-17T07:01:27.190359-04:00",
                "price": 209.6226,
                "share": 21.62,
                "remain_portion": -1
            },
            {
                "uuid": "1ea0970f-9039-446e-9865-2a63149dec5d",
                "stock": "CEG",
                "time": "2024-07-17T08:01:05.007580-04:00",
                "price": 202.05,
                "share": 4.0,
                "remain_portion": 17
            }
        ],
        "MU": [
            {
                "uuid": "00000000-0000-0000-0000-0000000000",
                "stock": "MU",
                "time": "2024-07-17T07:01:27.190325-04:00",
                "price": 131.9974,
                "share": 45.45,
                "remain_portion": -1
            },
            {
                "uuid": "352cba64-d218-44f8-8651-ba13d136f327",
                "stock": "MU",
                "time": "2024-07-17T07:36:12.616560-04:00",
                "price": 122.36,
                "share": 8.0,
                "remain_portion": 28
            },
            {
                "uuid": "5f65028b-ee9d-4f3e-ae6a-d330663aecc9",
                "stock": "MU",
                "time": "2024-07-17T07:56:44.086696-04:00",
                "price": 122.21,
                "share": 0.0,
                "remain_portion": 20
            },
            {
                "uuid": "81d5f4a5-30cc-4f98-812e-0f60418e7fc4",
                "stock": "MU",
                "time": "2024-07-17T08:55:50.944259-04:00",
                "price": 122.34989999999999,
                "share": 16.0,
                "remain_portion": 13
            }
        ],
        "HIMS": [
            {
                "uuid": "8c19f8f5-2d25-4250-bbdc-765255b7603b",
                "stock": "HIMS",
                "time": "2024-07-17T07:31:21.572448-04:00",
                "price": 22.672649999999997,
                "share": 0.0,
                "remain_portion": 31
            }
        ]
    },
    "active_pnl": {
        "TSLA": 0,
        "NVDA": -129.4,
        "META": -230.91,
        "MSFT": -166.71,
        "IBM": 0,
        "PLTR": 0,
        "BA": 0,
        "SNOW": 18.14,
        "GOOGL": -152.53,
        "COIN": 0,
        "SMCI": -69.94,
        "HOOD": 0,
        "CRWD": -33.94,
        "LULU": 0,
        "PANW": -16.98,
        "AMD": -42.11,
        "ARM": 0,
        "BABA": -20.34,
        "CELH": -710.47,
        "QCOM": -26.88,
        "AAPL": -15.87,
        "DELL": -589.19,
        "SHOP": -25.74,
        "CEG": -319.26,
        "MU": -417.02,
        "HIMS": 0.0
    },
    "active_pnl_percentage": {
        "TSLA": 0,
        "NVDA": -4.71,
        "META": -7.58,
        "MSFT": -2.83,
        "IBM": 0,
        "PLTR": 0,
        "BA": 0,
        "SNOW": 2.11,
        "GOOGL": -2.02,
        "COIN": 0,
        "SMCI": -7.79,
        "HOOD": 0,
        "CRWD": -1.17,
        "LULU": 0,
        "PANW": -1.32,
        "AMD": -2.23,
        "ARM": 0,
        "BABA": -0.47,
        "CELH": -6.61,
        "QCOM": -2.83,
        "AAPL": -0.59,
        "DELL": -5.25,
        "SHOP": -0.89,
        "CEG": -6.1,
        "MU": -4.69,
        "HIMS": 0
    }
}