{
    "time": "2024-07-18T10:32:03.277981-04:00",
    "daily_start_net_value": 87579.4237,
    "current_net_value": 87090.6555,
    "daily_pnl": -488.7682000000059,
    "daily_pnl_percentage": -0.56,
    "remain_portion": 0,
    "positions": {
        "TSLA": 0,
        "NVDA": 22.13,
        "META": 5.96,
        "MSFT": 15.29,
        "IBM": 0,
        "PLTR": 0,
        "BA": 0,
        "SNOW": 0,
        "GOOGL": 40.5,
        "COIN": 0,
        "SMCI": 2.0,
        "HOOD": 83.28,
        "CRWD": 8.0,
        "LULU": 0,
        "PANW": 7.0,
        "AMD": 17.75,
        "ARM": 0,
        "BABA": 33.94,
        "CELH": 215.98,
        "QCOM": 4.82,
        "AAPL": 12.39,
        "DELL": 77.91,
        "SHOP": 59.45,
        "CEG": 36.0,
        "MU": 77.76,
        "HIMS": 44.0
    },
    "cash_position": 350.84,
    "active_orders": {
        "TSLA": [],
        "NVDA": [
            {
                "uuid": "00000000-0000-0000-0000-0000000000",
                "stock": "NVDA",
                "time": "2024-07-18T07:01:39.867583-04:00",
                "price": 125.1503,
                "share": 22.13,
                "remain_portion": -1
            }
        ],
        "META": [
            {
                "uuid": "00000000-0000-0000-0000-0000000000",
                "stock": "META",
                "time": "2024-07-18T07:01:39.867375-04:00",
                "price": 509.2937,
                "share": 5.96,
                "remain_portion": -1
            }
        ],
        "MSFT": [
            {
                "uuid": "00000000-0000-0000-0000-0000000000",
                "stock": "MSFT",
                "time": "2024-07-18T07:01:39.867529-04:00",
                "price": 453.8241,
                "share": 13.02,
                "remain_portion": -1
            },
            {
                "uuid": "2dd100a3-378f-45ce-9048-4775f40a3bea",
                "stock": "MSFT",
                "time": "2024-07-18T09:55:32.244241-04:00",
                "price": 440.25,
                "share": 2.2699999999999996,
                "remain_portion": 0
            }
        ],
        "IBM": [],
        "PLTR": [],
        "BA": [],
        "SNOW": [],
        "GOOGL": [
            {
                "uuid": "00000000-0000-0000-0000-0000000000",
                "stock": "GOOGL",
                "time": "2024-07-18T07:01:39.867616-04:00",
                "price": 184.4393,
                "share": 40.5,
                "remain_portion": -1
            }
        ],
        "COIN": [],
        "SMCI": [
            {
                "uuid": "00000000-0000-0000-0000-0000000000",
                "stock": "SMCI",
                "time": "2024-07-18T07:01:39.867716-04:00",
                "price": 869.365,
                "share": 2.0,
                "remain_portion": -1
            }
        ],
        "HOOD": [
            {
                "uuid": "00000000-0000-0000-0000-0000000000",
                "stock": "HOOD",
                "time": "2024-07-18T07:01:39.867644-04:00",
                "price": 23.8369,
                "share": 83.28,
                "remain_portion": -1
            }
        ],
        "CRWD": [
            {
                "uuid": "00000000-0000-0000-0000-0000000000",
                "stock": "CRWD",
                "time": "2024-07-18T07:01:39.867855-04:00",
                "price": 361.5375,
                "share": 8.0,
                "remain_portion": -1
            }
        ],
        "LULU": [],
        "PANW": [
            {
                "uuid": "00000000-0000-0000-0000-0000000000",
                "stock": "PANW",
                "time": "2024-07-18T07:01:39.867790-04:00",
                "price": 334.61,
                "share": 7.0,
                "remain_portion": -1
            },
            {
                "uuid": "247eb026-4179-49c0-9955-c95941b8e6fb",
                "stock": "PANW",
                "time": "2024-07-18T08:00:54.115547-04:00",
                "price": 329.3,
                "share": 0.0,
                "remain_portion": 4
            }
        ],
        "AMD": [
            {
                "uuid": "00000000-0000-0000-0000-0000000000",
                "stock": "AMD",
                "time": "2024-07-18T07:01:39.867498-04:00",
                "price": 165.9466,
                "share": 17.75,
                "remain_portion": -1
            }
        ],
        "ARM": [],
        "BABA": [
            {
                "uuid": "db2825a5-e995-4451-8db1-7d70eccd35c1",
                "stock": "BABA",
                "time": "2024-07-18T10:00:41.043635-04:00",
                "price": 77.8315,
                "share": 33.94,
                "remain_portion": -1
            }
        ],
        "CELH": [
            {
                "uuid": "00000000-0000-0000-0000-0000000000",
                "stock": "CELH",
                "time": "2024-07-18T07:01:39.867827-04:00",
                "price": 54.6668,
                "share": 196.98,
                "remain_portion": -1
            },
            {
                "uuid": "f228bdeb-24ed-41d5-a8ab-ea1a6592f6c2",
                "stock": "CELH",
                "time": "2024-07-18T09:26:07.702643-04:00",
                "price": 50.9,
                "share": 19.0,
                "remain_portion": 1
            }
        ],
        "QCOM": [
            {
                "uuid": "00000000-0000-0000-0000-0000000000",
                "stock": "QCOM",
                "time": "2024-07-18T07:01:39.867967-04:00",
                "price": 201.3545,
                "share": 4.82,
                "remain_portion": -1
            }
        ],
        "AAPL": [
            {
                "uuid": "00000000-0000-0000-0000-0000000000",
                "stock": "AAPL",
                "time": "2024-07-18T07:01:39.867557-04:00",
                "price": 229.0549,
                "share": 12.39,
                "remain_portion": -1
            }
        ],
        "DELL": [
            {
                "uuid": "00000000-0000-0000-0000-0000000000",
                "stock": "DELL",
                "time": "2024-07-18T07:01:39.868011-04:00",
                "price": 133.4984,
                "share": 77.91,
                "remain_portion": -1
            }
        ],
        "SHOP": [
            {
                "uuid": "00000000-0000-0000-0000-0000000000",
                "stock": "SHOP",
                "time": "2024-07-18T07:01:39.867909-04:00",
                "price": 66.6823,
                "share": 59.45,
                "remain_portion": -1
            }
        ],
        "CEG": [
            {
                "uuid": "00000000-0000-0000-0000-0000000000",
                "stock": "CEG",
                "time": "2024-07-18T07:01:39.868080-04:00",
                "price": 203.8425,
                "share": 36.0,
                "remain_portion": -1
            }
        ],
        "MU": [
            {
                "uuid": "00000000-0000-0000-0000-0000000000",
                "stock": "MU",
                "time": "2024-07-18T07:01:39.868051-04:00",
                "price": 127.7454,
                "share": 77.76,
                "remain_portion": -1
            }
        ],
        "HIMS": [
            {
                "uuid": "00000000-0000-0000-0000-0000000000",
                "stock": "HIMS",
                "time": "2024-07-18T07:01:39.867883-04:00",
                "price": 22.67,
                "share": 44.0,
                "remain_portion": -1
            }
        ]
    },
    "active_pnl": {
        "TSLA": 0,
        "NVDA": -127.92,
        "META": -249.27,
        "MSFT": -211.67,
        "IBM": 0,
        "PLTR": 0,
        "BA": 0,
        "SNOW": 0,
        "GOOGL": -207.33,
        "COIN": 0,
        "SMCI": -130.37,
        "HOOD": 33.15,
        "CRWD": -142.54,
        "LULU": 0,
        "PANW": -54.53,
        "AMD": -155.23,
        "ARM": 0,
        "BABA": -13.97,
        "CELH": -710.67,
        "QCOM": -52.22,
        "AAPL": -18.52,
        "DELL": -743.92,
        "SHOP": -116.06,
        "CEG": -728.37,
        "MU": -752.36,
        "HIMS": -38.72
    },
    "active_pnl_percentage": {
        "TSLA": 0,
        "NVDA": -4.65,
        "META": -8.27,
        "MSFT": -3.06,
        "IBM": 0,
        "PLTR": 0,
        "BA": 0,
        "SNOW": 0,
        "GOOGL": -2.79,
        "COIN": 0,
        "SMCI": -7.44,
        "HOOD": 1.67,
        "CRWD": -4.86,
        "LULU": 0,
        "PANW": -2.33,
        "AMD": -5.29,
        "ARM": 0,
        "BABA": -0.52,
        "CELH": -6.06,
        "QCOM": -5.32,
        "AAPL": -0.67,
        "DELL": -7.16,
        "SHOP": -2.93,
        "CEG": -9.93,
        "MU": -7.57,
        "HIMS": -3.88
    }
}