{
    "time": "2024-07-01T17:36:17.817562-04:00",
    "daily_start_net_value": 83115.5106,
    "current_net_value": 83609.5393,
    "daily_pnl": 494.02870000000985,
    "daily_pnl_percentage": 0.59,
    "remain_portion": 75,
    "positions": {
        "TSLA": 0,
        "NVDA": 0,
        "META": 2.0,
        "MSFT": 0,
        "IBM": 3.0,
        "PLTR": 0,
        "BA": 0,
        "SNOW": 0,
        "GOOGL": 0,
        "COIN": 0,
        "SMCI": 0,
        "HOOD": 0,
        "CRWD": 0,
        "LULU": 5.0,
        "PANW": 0,
        "AMD": 0,
        "ARM": 0,
        "BABA": 65.25,
        "CELH": 0,
        "QCOM": 37.26,
        "AAPL": 0,
        "DELL": 0,
        "SHOP": 0,
        "CEG": 0,
        "MU": 21.72,
        "HIMS": 0
    },
    "cash_position": 45478.48,
    "active_orders": {
        "TSLA": [],
        "NVDA": [],
        "META": [
            {
                "uuid": "00000000-0000-0000-0000-0000000000",
                "stock": "META",
                "time": "2024-07-01T07:01:24.546235-04:00",
                "price": 517.3,
                "share": 2.0,
                "remain_portion": -1
            }
        ],
        "MSFT": [],
        "IBM": [
            {
                "uuid": "992db170-0e9d-44ac-af13-d4eb88446db7",
                "stock": "IBM",
                "time": "2024-07-01T16:11:45.903921-04:00",
                "price": 174.16000000000003,
                "share": 0.0,
                "remain_portion": 76
            },
            {
                "uuid": "89f318cf-0f8c-4ab6-b238-2ce4f76d0395",
                "stock": "IBM",
                "time": "2024-07-01T16:25:51.405009-04:00",
                "price": 175.13000000000002,
                "share": 3.0,
                "remain_portion": 75
            }
        ],
        "PLTR": [],
        "BA": [],
        "SNOW": [],
        "GOOGL": [],
        "COIN": [],
        "SMCI": [],
        "HOOD": [],
        "CRWD": [],
        "LULU": [
            {
                "uuid": "00000000-0000-0000-0000-0000000000",
                "stock": "LULU",
                "time": "2024-07-01T07:01:24.546543-04:00",
                "price": 303.486,
                "share": 5.0,
                "remain_portion": -1
            }
        ],
        "PANW": [],
        "AMD": [],
        "ARM": [],
        "BABA": [
            {
                "uuid": "00000000-0000-0000-0000-0000000000",
                "stock": "BABA",
                "time": "2024-07-01T07:01:24.546509-04:00",
                "price": 72.7836,
                "share": 56.92,
                "remain_portion": -1
            },
            {
                "uuid": "afd7f215-0d68-4131-b70a-40d8255c128a",
                "stock": "BABA",
                "time": "2024-07-01T10:35:59.076037-04:00",
                "price": 72.04,
                "share": 8.329999999999998,
                "remain_portion": 78
            }
        ],
        "CELH": [],
        "QCOM": [
            {
                "uuid": "00000000-0000-0000-0000-0000000000",
                "stock": "QCOM",
                "time": "2024-07-01T07:01:24.546717-04:00",
                "price": 204.7194,
                "share": 37.26,
                "remain_portion": -1
            }
        ],
        "AAPL": [],
        "DELL": [],
        "SHOP": [],
        "CEG": [],
        "MU": [
            {
                "uuid": "00000000-0000-0000-0000-0000000000",
                "stock": "MU",
                "time": "2024-07-01T07:01:24.546787-04:00",
                "price": 140.8356,
                "share": 21.72,
                "remain_portion": -1
            }
        ],
        "HIMS": []
    },
    "active_pnl": {
        "TSLA": 0,
        "NVDA": 0,
        "META": -25.68,
        "MSFT": 0,
        "IBM": -0.36,
        "PLTR": 0,
        "BA": 0,
        "SNOW": 0,
        "GOOGL": 0,
        "COIN": 0,
        "SMCI": 0,
        "HOOD": 0,
        "CRWD": 0,
        "LULU": -5.63,
        "PANW": 0,
        "AMD": 0,
        "ARM": 0,
        "BABA": -28.62,
        "CELH": 0,
        "QCOM": -157.22,
        "AAPL": 0,
        "DELL": 0,
        "SHOP": 0,
        "CEG": 0,
        "MU": -204.94,
        "HIMS": 0
    },
    "active_pnl_percentage": {
        "TSLA": 0,
        "NVDA": 0,
        "META": -2.48,
        "MSFT": 0,
        "IBM": -0.07,
        "PLTR": 0,
        "BA": 0,
        "SNOW": 0,
        "GOOGL": 0,
        "COIN": 0,
        "SMCI": 0,
        "HOOD": 0,
        "CRWD": 0,
        "LULU": -0.37,
        "PANW": 0,
        "AMD": 0,
        "ARM": 0,
        "BABA": -0.6,
        "CELH": 0,
        "QCOM": -2.06,
        "AAPL": 0,
        "DELL": 0,
        "SHOP": 0,
        "CEG": 0,
        "MU": -6.7,
        "HIMS": 0
    }
}