{
    "time": "2024-07-22T07:30:08.473896-04:00",
    "daily_start_net_value": 90910.9198,
    "current_net_value": 90910.9198,
    "daily_pnl": 0.0,
    "daily_pnl_percentage": 0.0,
    "remain_portion": 4,
    "positions": {
        "TSLA": 0,
        "NVDA": 22.13,
        "META": 5.96,
        "MSFT": 15.29,
        "IBM": 0,
        "PLTR": 0,
        "BA": 10.49,
        "SNOW": 14.6,
        "GOOGL": 40.5,
        "COIN": 0,
        "SMCI": 2.0,
        "HOOD": 83.28,
        "CRWD": 8.0,
        "LULU": 0,
        "PANW": 10.0,
        "AMD": 17.75,
        "ARM": 0,
        "BABA": 60.25,
        "CELH": 215.98,
        "QCOM": 4.82,
        "AAPL": 12.39,
        "DELL": 77.91,
        "SHOP": 59.45,
        "CEG": 36.0,
        "MU": 77.76,
        "HIMS": 93.0
    },
    "cash_position": 4827.73,
    "active_orders": {
        "TSLA": [],
        "NVDA": [
            {
                "uuid": "00000000-0000-0000-0000-0000000000",
                "stock": "NVDA",
                "time": "2024-07-22T07:01:54.598209-04:00",
                "price": 125.1503,
                "share": 22.13,
                "remain_portion": -1
            }
        ],
        "META": [
            {
                "uuid": "00000000-0000-0000-0000-0000000000",
                "stock": "META",
                "time": "2024-07-22T07:01:54.598001-04:00",
                "price": 509.2937,
                "share": 5.96,
                "remain_portion": -1
            }
        ],
        "MSFT": [
            {
                "uuid": "00000000-0000-0000-0000-0000000000",
                "stock": "MSFT",
                "time": "2024-07-22T07:01:54.598150-04:00",
                "price": 451.8031,
                "share": 15.29,
                "remain_portion": -1
            }
        ],
        "IBM": [],
        "PLTR": [],
        "BA": [
            {
                "uuid": "00000000-0000-0000-0000-0000000000",
                "stock": "BA",
                "time": "2024-07-22T07:01:54.598287-04:00",
                "price": 180.1026,
                "share": 10.49,
                "remain_portion": -1
            }
        ],
        "SNOW": [
            {
                "uuid": "00000000-0000-0000-0000-0000000000",
                "stock": "SNOW",
                "time": "2024-07-22T07:01:54.598459-04:00",
                "price": 130.3082,
                "share": 14.6,
                "remain_portion": -1
            }
        ],
        "GOOGL": [
            {
                "uuid": "00000000-0000-0000-0000-0000000000",
                "stock": "GOOGL",
                "time": "2024-07-22T07:01:54.598246-04:00",
                "price": 184.4393,
                "share": 40.5,
                "remain_portion": -1
            }
        ],
        "COIN": [],
        "SMCI": [
            {
                "uuid": "00000000-0000-0000-0000-0000000000",
                "stock": "SMCI",
                "time": "2024-07-22T07:01:54.598404-04:00",
                "price": 869.365,
                "share": 2.0,
                "remain_portion": -1
            }
        ],
        "HOOD": [
            {
                "uuid": "00000000-0000-0000-0000-0000000000",
                "stock": "HOOD",
                "time": "2024-07-22T07:01:54.598322-04:00",
                "price": 23.8369,
                "share": 83.28,
                "remain_portion": -1
            }
        ],
        "CRWD": [
            {
                "uuid": "00000000-0000-0000-0000-0000000000",
                "stock": "CRWD",
                "time": "2024-07-22T07:01:54.598543-04:00",
                "price": 361.5375,
                "share": 8.0,
                "remain_portion": -1
            }
        ],
        "LULU": [],
        "PANW": [
            {
                "uuid": "00000000-0000-0000-0000-0000000000",
                "stock": "PANW",
                "time": "2024-07-22T07:01:54.598485-04:00",
                "price": 333.017,
                "share": 10.0,
                "remain_portion": -1
            }
        ],
        "AMD": [
            {
                "uuid": "00000000-0000-0000-0000-0000000000",
                "stock": "AMD",
                "time": "2024-07-22T07:01:54.598120-04:00",
                "price": 165.9466,
                "share": 17.75,
                "remain_portion": -1
            }
        ],
        "ARM": [],
        "BABA": [
            {
                "uuid": "00000000-0000-0000-0000-0000000000",
                "stock": "BABA",
                "time": "2024-07-22T07:01:54.598348-04:00",
                "price": 77.0304,
                "share": 60.25,
                "remain_portion": -1
            }
        ],
        "CELH": [
            {
                "uuid": "00000000-0000-0000-0000-0000000000",
                "stock": "CELH",
                "time": "2024-07-22T07:01:54.598513-04:00",
                "price": 54.3346,
                "share": 215.98,
                "remain_portion": -1
            }
        ],
        "QCOM": [
            {
                "uuid": "00000000-0000-0000-0000-0000000000",
                "stock": "QCOM",
                "time": "2024-07-22T07:01:54.598625-04:00",
                "price": 201.3545,
                "share": 4.82,
                "remain_portion": -1
            }
        ],
        "AAPL": [
            {
                "uuid": "00000000-0000-0000-0000-0000000000",
                "stock": "AAPL",
                "time": "2024-07-22T07:01:54.598179-04:00",
                "price": 229.0549,
                "share": 12.39,
                "remain_portion": -1
            }
        ],
        "DELL": [
            {
                "uuid": "00000000-0000-0000-0000-0000000000",
                "stock": "DELL",
                "time": "2024-07-22T07:01:54.598654-04:00",
                "price": 133.4984,
                "share": 77.91,
                "remain_portion": -1
            }
        ],
        "SHOP": [
            {
                "uuid": "00000000-0000-0000-0000-0000000000",
                "stock": "SHOP",
                "time": "2024-07-22T07:01:54.598598-04:00",
                "price": 66.6823,
                "share": 59.45,
                "remain_portion": -1
            }
        ],
        "CEG": [
            {
                "uuid": "00000000-0000-0000-0000-0000000000",
                "stock": "CEG",
                "time": "2024-07-22T07:01:54.598721-04:00",
                "price": 203.8425,
                "share": 36.0,
                "remain_portion": -1
            }
        ],
        "MU": [
            {
                "uuid": "00000000-0000-0000-0000-0000000000",
                "stock": "MU",
                "time": "2024-07-22T07:01:54.598684-04:00",
                "price": 127.7454,
                "share": 77.76,
                "remain_portion": -1
            }
        ],
        "HIMS": [
            {
                "uuid": "00000000-0000-0000-0000-0000000000",
                "stock": "HIMS",
                "time": "2024-07-22T07:01:54.598569-04:00",
                "price": 21.4371,
                "share": 93.0,
                "remain_portion": -1
            }
        ]
    },
    "active_pnl": {
        "TSLA": 0,
        "NVDA": -106.45,
        "META": -156.71,
        "MSFT": -186.59,
        "IBM": 0,
        "PLTR": 0,
        "BA": 9.31,
        "SNOW": 6.45,
        "GOOGL": -176.96,
        "COIN": 0,
        "SMCI": -132.73,
        "HOOD": -35.55,
        "CRWD": -548.3,
        "LULU": 0,
        "PANW": -22.17,
        "AMD": -222.7,
        "ARM": 0,
        "BABA": -18.7,
        "CELH": -1262.32,
        "QCOM": -61.91,
        "AAPL": -28.06,
        "DELL": -521.09,
        "SHOP": -168.38,
        "CEG": -519.93,
        "MU": -967.75,
        "HIMS": -152.25
    },
    "active_pnl_percentage": {
        "TSLA": 0,
        "NVDA": -3.84,
        "META": -5.16,
        "MSFT": -2.7,
        "IBM": 0,
        "PLTR": 0,
        "BA": 0.49,
        "SNOW": 0.34,
        "GOOGL": -2.37,
        "COIN": 0,
        "SMCI": -7.63,
        "HOOD": -1.79,
        "CRWD": -18.96,
        "LULU": 0,
        "PANW": -0.67,
        "AMD": -7.56,
        "ARM": 0,
        "BABA": -0.4,
        "CELH": -10.76,
        "QCOM": -6.38,
        "AAPL": -0.99,
        "DELL": -5.01,
        "SHOP": -4.25,
        "CEG": -7.09,
        "MU": -9.74,
        "HIMS": -7.64
    }
}