{
    "time": "2024-07-01T09:31:42.333561-04:00",
    "daily_start_net_value": 83115.5106,
    "current_net_value": 83406.0998,
    "daily_pnl": 290.58920000000217,
    "daily_pnl_percentage": 0.35,
    "remain_portion": 83,
    "positions": {
        "TSLA": 0,
        "NVDA": 0.89,
        "META": 2.0,
        "MSFT": 1.0,
        "IBM": 0.43,
        "PLTR": 0.6,
        "BA": 0,
        "SNOW": 0,
        "GOOGL": 6.0,
        "COIN": 0,
        "SMCI": 0,
        "HOOD": 0,
        "CRWD": 0.55,
        "LULU": 5.0,
        "PANW": 0,
        "AMD": 0,
        "ARM": 0,
        "BABA": 56.92,
        "CELH": 20.0,
        "QCOM": 37.26,
        "AAPL": 0,
        "DELL": 8.32,
        "SHOP": 0,
        "CEG": 0,
        "MU": 21.72,
        "HIMS": 311.3
    },
    "cash_position": 50153.19,
    "active_orders": {
        "TSLA": [],
        "NVDA": [
            {
                "uuid": "00000000-0000-0000-0000-0000000000",
                "stock": "NVDA",
                "time": "2024-07-01T07:01:24.546401-04:00",
                "price": 123.6839,
                "share": 0.89,
                "remain_portion": -1
            }
        ],
        "META": [
            {
                "uuid": "00000000-0000-0000-0000-0000000000",
                "stock": "META",
                "time": "2024-07-01T07:01:24.546235-04:00",
                "price": 517.3,
                "share": 2.0,
                "remain_portion": -1
            }
        ],
        "MSFT": [
            {
                "uuid": "00000000-0000-0000-0000-0000000000",
                "stock": "MSFT",
                "time": "2024-07-01T07:01:24.546359-04:00",
                "price": 452.25,
                "share": 1.0,
                "remain_portion": -1
            }
        ],
        "IBM": [
            {
                "uuid": "00000000-0000-0000-0000-0000000000",
                "stock": "IBM",
                "time": "2024-07-01T08:15:31.540911-04:00",
                "price": 172.1005,
                "share": 0.43,
                "remain_portion": -1
            }
        ],
        "PLTR": [
            {
                "uuid": "00000000-0000-0000-0000-0000000000",
                "stock": "PLTR",
                "time": "2024-07-01T08:16:07.810331-04:00",
                "price": 25.4051,
                "share": 0.6,
                "remain_portion": -1
            }
        ],
        "BA": [],
        "SNOW": [],
        "GOOGL": [
            {
                "uuid": "00000000-0000-0000-0000-0000000000",
                "stock": "GOOGL",
                "time": "2024-07-01T07:01:24.546437-04:00",
                "price": 183.03,
                "share": 6.0,
                "remain_portion": -1
            }
        ],
        "COIN": [],
        "SMCI": [],
        "HOOD": [],
        "CRWD": [
            {
                "uuid": "00000000-0000-0000-0000-0000000000",
                "stock": "CRWD",
                "time": "2024-07-01T07:01:24.546647-04:00",
                "price": 386.8323,
                "share": 0.55,
                "remain_portion": -1
            }
        ],
        "LULU": [
            {
                "uuid": "00000000-0000-0000-0000-0000000000",
                "stock": "LULU",
                "time": "2024-07-01T07:01:24.546543-04:00",
                "price": 303.486,
                "share": 5.0,
                "remain_portion": -1
            }
        ],
        "PANW": [],
        "AMD": [],
        "ARM": [],
        "BABA": [
            {
                "uuid": "00000000-0000-0000-0000-0000000000",
                "stock": "BABA",
                "time": "2024-07-01T07:01:24.546509-04:00",
                "price": 72.7836,
                "share": 56.92,
                "remain_portion": -1
            }
        ],
        "CELH": [
            {
                "uuid": "00000000-0000-0000-0000-0000000000",
                "stock": "CELH",
                "time": "2024-07-01T08:25:02.351195-04:00",
                "price": 57.025,
                "share": 20.0,
                "remain_portion": -1
            }
        ],
        "QCOM": [
            {
                "uuid": "00000000-0000-0000-0000-0000000000",
                "stock": "QCOM",
                "time": "2024-07-01T07:01:24.546717-04:00",
                "price": 204.7194,
                "share": 37.26,
                "remain_portion": -1
            }
        ],
        "AAPL": [],
        "DELL": [
            {
                "uuid": "00000000-0000-0000-0000-0000000000",
                "stock": "DELL",
                "time": "2024-07-01T07:01:24.546752-04:00",
                "price": 139.4447,
                "share": 8.32,
                "remain_portion": -1
            }
        ],
        "SHOP": [],
        "CEG": [],
        "MU": [
            {
                "uuid": "00000000-0000-0000-0000-0000000000",
                "stock": "MU",
                "time": "2024-07-01T07:01:24.546787-04:00",
                "price": 140.8356,
                "share": 21.72,
                "remain_portion": -1
            }
        ],
        "HIMS": [
            {
                "uuid": "00000000-0000-0000-0000-0000000000",
                "stock": "HIMS",
                "time": "2024-07-01T07:01:24.546681-04:00",
                "price": 21.0686,
                "share": 282.3,
                "remain_portion": -1
            },
            {
                "uuid": "589b28bd-ab65-46db-84b3-6396a543745e",
                "stock": "HIMS",
                "time": "2024-07-01T09:16:35.736832-04:00",
                "price": 20.15013,
                "share": 0.0,
                "remain_portion": 83
            },
            {
                "uuid": "95ef7155-8150-4927-a935-780d3e863716",
                "stock": "HIMS",
                "time": "2024-07-01T09:31:41.489218-04:00",
                "price": 20.64,
                "share": 29.0,
                "remain_portion": 83
            }
        ]
    },
    "active_pnl": {
        "TSLA": 0,
        "NVDA": -0.19,
        "META": -24.2,
        "MSFT": -4.75,
        "IBM": 0.63,
        "PLTR": 0.09,
        "BA": 0,
        "SNOW": 0,
        "GOOGL": 3.0,
        "COIN": 0,
        "SMCI": 0,
        "HOOD": 0,
        "CRWD": -1.21,
        "LULU": -15.16,
        "PANW": 0,
        "AMD": 0,
        "ARM": 0,
        "BABA": 6.91,
        "CELH": 45.9,
        "QCOM": -222.05,
        "AAPL": 0,
        "DELL": -15.04,
        "SHOP": 0,
        "CEG": 0,
        "MU": -201.25,
        "HIMS": -124.11
    },
    "active_pnl_percentage": {
        "TSLA": 0,
        "NVDA": -0.05,
        "META": -2.38,
        "MSFT": -1.01,
        "IBM": 0.85,
        "PLTR": 0.65,
        "BA": 0,
        "SNOW": 0,
        "GOOGL": 0.3,
        "COIN": 0,
        "SMCI": 0,
        "HOOD": 0,
        "CRWD": -0.57,
        "LULU": -1.0,
        "PANW": 0,
        "AMD": 0,
        "ARM": 0,
        "BABA": 0.18,
        "CELH": 4.4,
        "QCOM": -2.97,
        "AAPL": 0,
        "DELL": -1.26,
        "SHOP": 0,
        "CEG": 0,
        "MU": -6.6,
        "HIMS": -1.75
    }
}