{
    "time": "2024-08-12T08:30:46.315064-04:00",
    "daily_start_net_value": 109049.9272,
    "current_net_value": 109049.9272,
    "daily_pnl": 0.0,
    "daily_pnl_percentage": 0.0,
    "remain_portion": 4,
    "positions": {
        "TSLA": 18.25,
        "NVDA": 0.57,
        "META": 0,
        "MSFT": 19.29,
        "IBM": 0.0,
        "PLTR": 0,
        "BA": 22.28,
        "SNOW": 14.0,
        "GOOGL": 59.41,
        "COIN": 0,
        "SMCI": 6.0,
        "HOOD": 443.47,
        "CRWD": 15.49,
        "LULU": 17.83,
        "PANW": 0,
        "AMD": 60.44,
        "ARM": 0,
        "BABA": 24.0,
        "CELH": 301.82,
        "QCOM": 25.25,
        "AAPL": 0,
        "DELL": 113.51,
        "SHOP": 0,
        "CEG": 59.09,
        "MU": 96.73,
        "HIMS": 55.0
    },
    "cash_position": 4109.14,
    "active_orders": {
        "TSLA": [
            {
                "uuid": "00000000-0000-0000-0000-0000000000",
                "stock": "TSLA",
                "time": "2024-08-12T07:02:29.176520-04:00",
                "price": 211.0569,
                "share": 18.25,
                "remain_portion": -1
            }
        ],
        "NVDA": [
            {
                "uuid": "00000000-0000-0000-0000-0000000000",
                "stock": "NVDA",
                "time": "2024-08-12T07:02:29.176568-04:00",
                "price": 117.7549,
                "share": 0.57,
                "remain_portion": -1
            }
        ],
        "META": [],
        "MSFT": [
            {
                "uuid": "00000000-0000-0000-0000-0000000000",
                "stock": "MSFT",
                "time": "2024-08-12T07:02:29.176479-04:00",
                "price": 446.5873,
                "share": 19.29,
                "remain_portion": -1
            }
        ],
        "IBM": [
            {
                "uuid": "90a42456-5606-431a-9b39-ab27ac408862",
                "stock": "IBM",
                "time": "2024-08-12T08:26:44.601377-04:00",
                "price": 191.45000000000002,
                "share": 0.0,
                "remain_portion": 4
            }
        ],
        "PLTR": [],
        "BA": [
            {
                "uuid": "00000000-0000-0000-0000-0000000000",
                "stock": "BA",
                "time": "2024-08-12T07:02:29.176653-04:00",
                "price": 173.421,
                "share": 22.28,
                "remain_portion": -1
            }
        ],
        "SNOW": [
            {
                "uuid": "00000000-0000-0000-0000-0000000000",
                "stock": "SNOW",
                "time": "2024-08-12T07:02:29.176849-04:00",
                "price": 129.91,
                "share": 14.0,
                "remain_portion": -1
            }
        ],
        "GOOGL": [
            {
                "uuid": "00000000-0000-0000-0000-0000000000",
                "stock": "GOOGL",
                "time": "2024-08-12T07:02:29.176605-04:00",
                "price": 171.7854,
                "share": 59.41,
                "remain_portion": -1
            }
        ],
        "COIN": [],
        "SMCI": [
            {
                "uuid": "00000000-0000-0000-0000-0000000000",
                "stock": "SMCI",
                "time": "2024-08-12T07:02:29.176765-04:00",
                "price": 684.4683,
                "share": 6.0,
                "remain_portion": -1
            }
        ],
        "HOOD": [
            {
                "uuid": "00000000-0000-0000-0000-0000000000",
                "stock": "HOOD",
                "time": "2024-08-12T07:02:29.176692-04:00",
                "price": 22.4114,
                "share": 443.47,
                "remain_portion": -1
            }
        ],
        "CRWD": [
            {
                "uuid": "00000000-0000-0000-0000-0000000000",
                "stock": "CRWD",
                "time": "2024-08-12T07:02:29.176933-04:00",
                "price": 307.4512,
                "share": 15.49,
                "remain_portion": -1
            }
        ],
        "LULU": [
            {
                "uuid": "00000000-0000-0000-0000-0000000000",
                "stock": "LULU",
                "time": "2024-08-12T07:02:29.176813-04:00",
                "price": 280.291,
                "share": 17.83,
                "remain_portion": -1
            }
        ],
        "PANW": [],
        "AMD": [
            {
                "uuid": "00000000-0000-0000-0000-0000000000",
                "stock": "AMD",
                "time": "2024-08-12T07:02:29.176343-04:00",
                "price": 147.0538,
                "share": 60.44,
                "remain_portion": -1
            }
        ],
        "ARM": [],
        "BABA": [
            {
                "uuid": "6ed10303-e668-4b28-afd2-92af708ad3f2",
                "stock": "BABA",
                "time": "2024-08-12T08:01:24.725185-04:00",
                "price": 79.7359,
                "share": 24.0,
                "remain_portion": -1
            }
        ],
        "CELH": [
            {
                "uuid": "00000000-0000-0000-0000-0000000000",
                "stock": "CELH",
                "time": "2024-08-12T07:02:29.176886-04:00",
                "price": 52.0913,
                "share": 301.82,
                "remain_portion": -1
            }
        ],
        "QCOM": [
            {
                "uuid": "00000000-0000-0000-0000-0000000000",
                "stock": "QCOM",
                "time": "2024-08-12T07:02:29.177012-04:00",
                "price": 177.3508,
                "share": 19.25,
                "remain_portion": -1
            },
            {
                "uuid": "3588c09c-7644-4b98-a083-f08704827390",
                "stock": "QCOM",
                "time": "2024-08-12T07:40:35.135907-04:00",
                "price": 162.25,
                "share": 0.0,
                "remain_portion": 6
            },
            {
                "uuid": "4560f3fe-16a1-4674-8582-8fb4ad44c62d",
                "stock": "QCOM",
                "time": "2024-08-12T07:55:41.855967-04:00",
                "price": 162.25,
                "share": 6.0,
                "remain_portion": 5
            }
        ],
        "AAPL": [],
        "DELL": [
            {
                "uuid": "00000000-0000-0000-0000-0000000000",
                "stock": "DELL",
                "time": "2024-08-12T07:02:29.177048-04:00",
                "price": 126.8585,
                "share": 113.51,
                "remain_portion": -1
            }
        ],
        "SHOP": [],
        "CEG": [
            {
                "uuid": "00000000-0000-0000-0000-0000000000",
                "stock": "CEG",
                "time": "2024-08-12T07:02:29.177153-04:00",
                "price": 191.8425,
                "share": 59.09,
                "remain_portion": -1
            }
        ],
        "MU": [
            {
                "uuid": "00000000-0000-0000-0000-0000000000",
                "stock": "MU",
                "time": "2024-08-12T07:02:29.177104-04:00",
                "price": 122.8553,
                "share": 96.73,
                "remain_portion": -1
            }
        ],
        "HIMS": [
            {
                "uuid": "00000000-0000-0000-0000-0000000000",
                "stock": "HIMS",
                "time": "2024-08-12T07:02:29.176969-04:00",
                "price": 17.68,
                "share": 55.0,
                "remain_portion": -1
            }
        ]
    },
    "active_pnl": {
        "TSLA": -195.4,
        "NVDA": -6.69,
        "META": 0,
        "MSFT": -725.25,
        "IBM": 0.0,
        "PLTR": 0,
        "BA": -107.63,
        "SNOW": -64.54,
        "GOOGL": -466.51,
        "COIN": 0,
        "SMCI": -1028.81,
        "HOOD": -1845.46,
        "CRWD": -1006.09,
        "LULU": -741.21,
        "PANW": 0,
        "AMD": -703.75,
        "ARM": 0,
        "BABA": 21.46,
        "CELH": -4150.42,
        "QCOM": -291.95,
        "AAPL": 0,
        "DELL": -3865.98,
        "SHOP": 0,
        "CEG": -43.29,
        "MU": -2778.6,
        "HIMS": -85.25
    },
    "active_pnl_percentage": {
        "TSLA": -5.08,
        "NVDA": -10.02,
        "META": 0,
        "MSFT": -8.42,
        "IBM": 0,
        "PLTR": 0,
        "BA": -2.79,
        "SNOW": -3.55,
        "GOOGL": -4.57,
        "COIN": 0,
        "SMCI": -25.05,
        "HOOD": -18.57,
        "CRWD": -21.13,
        "LULU": -14.83,
        "PANW": 0,
        "AMD": -7.92,
        "ARM": 0,
        "BABA": 1.12,
        "CELH": -26.4,
        "QCOM": -6.65,
        "AAPL": 0,
        "DELL": -26.85,
        "SHOP": 0,
        "CEG": -0.38,
        "MU": -23.38,
        "HIMS": -8.77
    }
}