{
    "time": "2024-07-11T09:31:16.328124-04:00",
    "daily_start_net_value": 84957.4778,
    "current_net_value": 85211.1284,
    "daily_pnl": 253.65060000000813,
    "daily_pnl_percentage": 0.3,
    "remain_portion": 49,
    "positions": {
        "TSLA": 0,
        "NVDA": 0,
        "META": 0.0,
        "MSFT": 0,
        "IBM": 0,
        "PLTR": 0,
        "BA": 11.44,
        "SNOW": 4.56,
        "GOOGL": 0,
        "COIN": 0,
        "SMCI": 0,
        "HOOD": 0.19,
        "CRWD": 2.6,
        "LULU": 27.69,
        "PANW": 0.0,
        "AMD": 0,
        "ARM": 0,
        "BABA": 0,
        "CELH": 0,
        "QCOM": 0,
        "AAPL": 0,
        "DELL": 0,
        "SHOP": 16.9,
        "CEG": 0,
        "MU": 0.33,
        "HIMS": 129.89
    },
    "cash_position": 49882.06,
    "active_orders": {
        "TSLA": [],
        "NVDA": [],
        "META": [
            {
                "uuid": "02acfbaa-728d-4939-b78d-d3279efb3373",
                "stock": "META",
                "time": "2024-07-11T09:21:13.233765-04:00",
                "price": 533.05,
                "share": 0.0,
                "remain_portion": 49
            }
        ],
        "MSFT": [],
        "IBM": [],
        "PLTR": [],
        "BA": [
            {
                "uuid": "baf33a67-c05b-4f35-a91d-a98df8f3e68d",
                "stock": "BA",
                "time": "2024-07-11T08:45:48.462025-04:00",
                "price": 183.8242,
                "share": 11.44,
                "remain_portion": -1
            }
        ],
        "SNOW": [
            {
                "uuid": "3d76cb9c-23ed-40b1-b53e-eae09a06f55c",
                "stock": "SNOW",
                "time": "2024-07-11T08:41:20.992998-04:00",
                "price": 137.5924,
                "share": 4.56,
                "remain_portion": -1
            }
        ],
        "GOOGL": [],
        "COIN": [],
        "SMCI": [],
        "HOOD": [
            {
                "uuid": "2378a192-e6ec-4bcb-a3f9-bc39a88079b6",
                "stock": "HOOD",
                "time": "2024-07-11T08:41:25.537857-04:00",
                "price": 22.3001,
                "share": 0.19,
                "remain_portion": -1
            }
        ],
        "CRWD": [
            {
                "uuid": "00000000-0000-0000-0000-0000000000",
                "stock": "CRWD",
                "time": "2024-07-11T07:01:23.967363-04:00",
                "price": 384.4385,
                "share": 2.6,
                "remain_portion": -1
            }
        ],
        "LULU": [
            {
                "uuid": "00000000-0000-0000-0000-0000000000",
                "stock": "LULU",
                "time": "2024-07-11T07:01:23.967292-04:00",
                "price": 293.6294,
                "share": 27.69,
                "remain_portion": -1
            }
        ],
        "PANW": [
            {
                "uuid": "8b2e069f-e5a3-420b-809c-4a9cf80b353c",
                "stock": "PANW",
                "time": "2024-07-11T08:26:38.271191-04:00",
                "price": 335.1,
                "share": 0.0,
                "remain_portion": 51
            }
        ],
        "AMD": [],
        "ARM": [],
        "BABA": [],
        "CELH": [],
        "QCOM": [],
        "AAPL": [],
        "DELL": [],
        "SHOP": [
            {
                "uuid": "10d3b764-35d0-48d4-9341-800f2c0ad5fa",
                "stock": "SHOP",
                "time": "2024-07-11T08:41:59.645094-04:00",
                "price": 65.3947,
                "share": 16.9,
                "remain_portion": -1
            }
        ],
        "CEG": [],
        "MU": [
            {
                "uuid": "4d43d9f3-762e-4488-95ed-991d1a753f7c",
                "stock": "MU",
                "time": "2024-07-11T08:42:04.080372-04:00",
                "price": 135.663,
                "share": 0.33,
                "remain_portion": -1
            }
        ],
        "HIMS": [
            {
                "uuid": "a37fe431-62cc-45bb-a1bd-a4eebee8caab",
                "stock": "HIMS",
                "time": "2024-07-11T08:42:43.414322-04:00",
                "price": 20.2633,
                "share": 129.89,
                "remain_portion": -1
            }
        ]
    },
    "active_pnl": {
        "TSLA": 0,
        "NVDA": 0,
        "META": 0.0,
        "MSFT": 0,
        "IBM": 0,
        "PLTR": 0,
        "BA": 7.36,
        "SNOW": 6.24,
        "GOOGL": 0,
        "COIN": 0,
        "SMCI": 0,
        "HOOD": 0.07,
        "CRWD": -27.71,
        "LULU": -135.11,
        "PANW": 0.0,
        "AMD": 0,
        "ARM": 0,
        "BABA": 0,
        "CELH": 0,
        "QCOM": 0,
        "AAPL": 0,
        "DELL": 0,
        "SHOP": 0.43,
        "CEG": 0,
        "MU": -0.06,
        "HIMS": 68.41
    },
    "active_pnl_percentage": {
        "TSLA": 0,
        "NVDA": 0,
        "META": 0,
        "MSFT": 0,
        "IBM": 0,
        "PLTR": 0,
        "BA": 0.29,
        "SNOW": 0.57,
        "GOOGL": 0,
        "COIN": 0,
        "SMCI": 0,
        "HOOD": 1.3,
        "CRWD": -2.8,
        "LULU": -1.66,
        "PANW": 0,
        "AMD": 0,
        "ARM": 0,
        "BABA": 0,
        "CELH": 0,
        "QCOM": 0,
        "AAPL": 0,
        "DELL": 0,
        "SHOP": 0.02,
        "CEG": 0,
        "MU": -0.19,
        "HIMS": 2.6
    }
}