{
    "time": "2024-07-19T08:31:03.871400-04:00",
    "daily_start_net_value": 91876.228,
    "current_net_value": 91876.228,
    "daily_pnl": 0.0,
    "daily_pnl_percentage": 0.0,
    "remain_portion": 5,
    "positions": {
        "TSLA": 0,
        "NVDA": 22.13,
        "META": 5.96,
        "MSFT": 15.29,
        "IBM": 0,
        "PLTR": 0,
        "BA": 11.04,
        "SNOW": 7.6,
        "GOOGL": 40.5,
        "COIN": 0.25,
        "SMCI": 2.0,
        "HOOD": 83.28,
        "CRWD": 8.0,
        "LULU": 0,
        "PANW": 10.0,
        "AMD": 17.75,
        "ARM": 0,
        "BABA": 46.99,
        "CELH": 215.98,
        "QCOM": 4.82,
        "AAPL": 12.39,
        "DELL": 77.91,
        "SHOP": 59.45,
        "CEG": 36.0,
        "MU": 77.76,
        "HIMS": 44.0
    },
    "cash_position": 5722.68,
    "active_orders": {
        "TSLA": [],
        "NVDA": [
            {
                "uuid": "00000000-0000-0000-0000-0000000000",
                "stock": "NVDA",
                "time": "2024-07-19T07:01:39.832691-04:00",
                "price": 125.1503,
                "share": 22.13,
                "remain_portion": -1
            }
        ],
        "META": [
            {
                "uuid": "00000000-0000-0000-0000-0000000000",
                "stock": "META",
                "time": "2024-07-19T07:01:39.832482-04:00",
                "price": 509.2937,
                "share": 5.96,
                "remain_portion": -1
            }
        ],
        "MSFT": [
            {
                "uuid": "00000000-0000-0000-0000-0000000000",
                "stock": "MSFT",
                "time": "2024-07-19T07:01:39.832637-04:00",
                "price": 451.8031,
                "share": 15.29,
                "remain_portion": -1
            }
        ],
        "IBM": [],
        "PLTR": [],
        "BA": [
            {
                "uuid": "00000000-0000-0000-0000-0000000000",
                "stock": "BA",
                "time": "2024-07-19T07:01:39.832742-04:00",
                "price": 181.2283,
                "share": 11.04,
                "remain_portion": -1
            }
        ],
        "SNOW": [
            {
                "uuid": "00000000-0000-0000-0000-0000000000",
                "stock": "SNOW",
                "time": "2024-07-19T07:01:39.832856-04:00",
                "price": 131.6053,
                "share": 7.6,
                "remain_portion": -1
            },
            {
                "uuid": "181e403c-d8c1-48a2-b24b-586a93766fcb",
                "stock": "SNOW",
                "time": "2024-07-19T07:30:31.164551-04:00",
                "price": 128.9,
                "share": 0.0,
                "remain_portion": 6
            }
        ],
        "GOOGL": [
            {
                "uuid": "00000000-0000-0000-0000-0000000000",
                "stock": "GOOGL",
                "time": "2024-07-19T07:01:39.832717-04:00",
                "price": 184.4393,
                "share": 40.5,
                "remain_portion": -1
            }
        ],
        "COIN": [
            {
                "uuid": "cb20a383-b197-4902-b8ea-1c1803a107ff",
                "stock": "COIN",
                "time": "2024-07-19T07:35:49.838250-04:00",
                "price": 235.3812,
                "share": 0.25,
                "remain_portion": -1
            }
        ],
        "SMCI": [
            {
                "uuid": "00000000-0000-0000-0000-0000000000",
                "stock": "SMCI",
                "time": "2024-07-19T07:01:39.832829-04:00",
                "price": 869.365,
                "share": 2.0,
                "remain_portion": -1
            }
        ],
        "HOOD": [
            {
                "uuid": "00000000-0000-0000-0000-0000000000",
                "stock": "HOOD",
                "time": "2024-07-19T07:01:39.832768-04:00",
                "price": 23.8369,
                "share": 83.28,
                "remain_portion": -1
            }
        ],
        "CRWD": [
            {
                "uuid": "00000000-0000-0000-0000-0000000000",
                "stock": "CRWD",
                "time": "2024-07-19T07:01:39.832939-04:00",
                "price": 361.5375,
                "share": 8.0,
                "remain_portion": -1
            }
        ],
        "LULU": [],
        "PANW": [
            {
                "uuid": "00000000-0000-0000-0000-0000000000",
                "stock": "PANW",
                "time": "2024-07-19T07:01:39.832887-04:00",
                "price": 333.017,
                "share": 10.0,
                "remain_portion": -1
            }
        ],
        "AMD": [
            {
                "uuid": "00000000-0000-0000-0000-0000000000",
                "stock": "AMD",
                "time": "2024-07-19T07:01:39.832607-04:00",
                "price": 165.9466,
                "share": 17.75,
                "remain_portion": -1
            }
        ],
        "ARM": [],
        "BABA": [
            {
                "uuid": "00000000-0000-0000-0000-0000000000",
                "stock": "BABA",
                "time": "2024-07-19T07:01:39.832802-04:00",
                "price": 77.4946,
                "share": 46.99,
                "remain_portion": -1
            }
        ],
        "CELH": [
            {
                "uuid": "00000000-0000-0000-0000-0000000000",
                "stock": "CELH",
                "time": "2024-07-19T07:01:39.832913-04:00",
                "price": 54.3346,
                "share": 215.98,
                "remain_portion": -1
            }
        ],
        "QCOM": [
            {
                "uuid": "00000000-0000-0000-0000-0000000000",
                "stock": "QCOM",
                "time": "2024-07-19T07:01:39.833042-04:00",
                "price": 201.3545,
                "share": 4.82,
                "remain_portion": -1
            }
        ],
        "AAPL": [
            {
                "uuid": "00000000-0000-0000-0000-0000000000",
                "stock": "AAPL",
                "time": "2024-07-19T07:01:39.832664-04:00",
                "price": 229.0549,
                "share": 12.39,
                "remain_portion": -1
            }
        ],
        "DELL": [
            {
                "uuid": "00000000-0000-0000-0000-0000000000",
                "stock": "DELL",
                "time": "2024-07-19T07:01:39.833071-04:00",
                "price": 133.4984,
                "share": 77.91,
                "remain_portion": -1
            }
        ],
        "SHOP": [
            {
                "uuid": "00000000-0000-0000-0000-0000000000",
                "stock": "SHOP",
                "time": "2024-07-19T07:01:39.833016-04:00",
                "price": 66.6823,
                "share": 59.45,
                "remain_portion": -1
            },
            {
                "uuid": "cef04ed6-2516-4918-8cab-97cfd1b7471d",
                "stock": "SHOP",
                "time": "2024-07-19T07:30:43.849319-04:00",
                "price": 62.4,
                "share": 0.0,
                "remain_portion": 5
            }
        ],
        "CEG": [
            {
                "uuid": "00000000-0000-0000-0000-0000000000",
                "stock": "CEG",
                "time": "2024-07-19T07:01:39.833124-04:00",
                "price": 203.8425,
                "share": 36.0,
                "remain_portion": -1
            }
        ],
        "MU": [
            {
                "uuid": "00000000-0000-0000-0000-0000000000",
                "stock": "MU",
                "time": "2024-07-19T07:01:39.833097-04:00",
                "price": 127.7454,
                "share": 77.76,
                "remain_portion": -1
            }
        ],
        "HIMS": [
            {
                "uuid": "00000000-0000-0000-0000-0000000000",
                "stock": "HIMS",
                "time": "2024-07-19T07:01:39.832991-04:00",
                "price": 22.67,
                "share": 44.0,
                "remain_portion": -1
            }
        ]
    },
    "active_pnl": {
        "TSLA": 0,
        "NVDA": -98.93,
        "META": -185.01,
        "MSFT": -274.2,
        "IBM": 0,
        "PLTR": 0,
        "BA": -6.84,
        "SNOW": -12.2,
        "GOOGL": -231.63,
        "COIN": 0.35,
        "SMCI": -141.9,
        "HOOD": -73.86,
        "CRWD": -499.82,
        "LULU": 0,
        "PANW": -4.37,
        "AMD": -187.2,
        "ARM": 0,
        "BABA": -74.46,
        "CELH": -733.17,
        "QCOM": -45.09,
        "AAPL": -41.44,
        "DELL": -675.91,
        "SHOP": -233.76,
        "CEG": -584.73,
        "MU": -874.44,
        "HIMS": -95.48
    },
    "active_pnl_percentage": {
        "TSLA": 0,
        "NVDA": -3.6,
        "META": -6.1,
        "MSFT": -3.97,
        "IBM": 0,
        "PLTR": 0,
        "BA": -0.34,
        "SNOW": -1.22,
        "GOOGL": -3.1,
        "COIN": 0.6,
        "SMCI": -8.16,
        "HOOD": -3.72,
        "CRWD": -17.28,
        "LULU": 0,
        "PANW": -0.13,
        "AMD": -6.36,
        "ARM": 0,
        "BABA": -2.04,
        "CELH": -6.25,
        "QCOM": -4.65,
        "AAPL": -1.46,
        "DELL": -6.5,
        "SHOP": -5.9,
        "CEG": -7.97,
        "MU": -8.8,
        "HIMS": -9.57
    }
}