{
    "time": "2024-07-24T10:32:39.127205-04:00",
    "daily_start_net_value": 95855.8653,
    "current_net_value": 94053.0747,
    "daily_pnl": -1802.7906000000075,
    "daily_pnl_percentage": -1.88,
    "remain_portion": 0,
    "positions": {
        "TSLA": 0,
        "NVDA": 30.13,
        "META": 8.0,
        "MSFT": 15.29,
        "IBM": 0,
        "PLTR": 0,
        "BA": 0,
        "SNOW": 0,
        "GOOGL": 25.5,
        "COIN": 0,
        "SMCI": 3.0,
        "HOOD": 298.28,
        "CRWD": 11.0,
        "LULU": 14.13,
        "PANW": 0,
        "AMD": 17.75,
        "ARM": 0,
        "BABA": 23.55,
        "CELH": 236.98,
        "QCOM": 4.82,
        "AAPL": 12.39,
        "DELL": 77.91,
        "SHOP": 75.45,
        "CEG": 36.0,
        "MU": 77.76,
        "HIMS": 44.0
    },
    "cash_position": 593.82,
    "active_orders": {
        "TSLA": [],
        "NVDA": [
            {
                "uuid": "00000000-0000-0000-0000-0000000000",
                "stock": "NVDA",
                "time": "2024-07-24T07:01:12.019913-04:00",
                "price": 125.1503,
                "share": 22.13,
                "remain_portion": -1
            },
            {
                "uuid": "ab4ef672-c5bb-4a35-bfbd-e45544f4526e",
                "stock": "NVDA",
                "time": "2024-07-24T08:35:51.261764-04:00",
                "price": 119.8,
                "share": 8.0,
                "remain_portion": 0
            }
        ],
        "META": [
            {
                "uuid": "00000000-0000-0000-0000-0000000000",
                "stock": "META",
                "time": "2024-07-24T07:01:12.019679-04:00",
                "price": 504.1126,
                "share": 8.0,
                "remain_portion": -1
            },
            {
                "uuid": "9208b405-27e0-4ca7-94b2-b3affa254c07",
                "stock": "META",
                "time": "2024-07-24T08:00:54.889494-04:00",
                "price": 473.879,
                "share": 0.0,
                "remain_portion": 6
            }
        ],
        "MSFT": [
            {
                "uuid": "00000000-0000-0000-0000-0000000000",
                "stock": "MSFT",
                "time": "2024-07-24T07:01:12.019840-04:00",
                "price": 451.8031,
                "share": 15.29,
                "remain_portion": -1
            },
            {
                "uuid": "acf5030b-4e9e-4459-8530-5eb5fe209109",
                "stock": "MSFT",
                "time": "2024-07-24T08:30:33.908330-04:00",
                "price": 439.82,
                "share": 0.0,
                "remain_portion": 2
            }
        ],
        "IBM": [],
        "PLTR": [],
        "BA": [],
        "SNOW": [],
        "GOOGL": [
            {
                "uuid": "00000000-0000-0000-0000-0000000000",
                "stock": "GOOGL",
                "time": "2024-07-24T07:01:12.019948-04:00",
                "price": 184.4393,
                "share": 20.5,
                "remain_portion": -1
            },
            {
                "uuid": "809ae838-da8e-4ed9-89f3-4bf3a31ff466",
                "stock": "GOOGL",
                "time": "2024-07-24T08:26:04.573884-04:00",
                "price": 174.20000000000002,
                "share": 5.0,
                "remain_portion": 5
            }
        ],
        "COIN": [],
        "SMCI": [
            {
                "uuid": "00000000-0000-0000-0000-0000000000",
                "stock": "SMCI",
                "time": "2024-07-24T07:01:12.020053-04:00",
                "price": 869.365,
                "share": 2.0,
                "remain_portion": -1
            },
            {
                "uuid": "232cb350-f9ec-452b-93cf-6d711d2da016",
                "stock": "SMCI",
                "time": "2024-07-24T08:30:37.075744-04:00",
                "price": 767.6099999999999,
                "share": 1.0,
                "remain_portion": 1
            }
        ],
        "HOOD": [
            {
                "uuid": "00000000-0000-0000-0000-0000000000",
                "stock": "HOOD",
                "time": "2024-07-24T07:01:12.019983-04:00",
                "price": 23.2682,
                "share": 298.28,
                "remain_portion": -1
            }
        ],
        "CRWD": [
            {
                "uuid": "00000000-0000-0000-0000-0000000000",
                "stock": "CRWD",
                "time": "2024-07-24T07:01:12.020153-04:00",
                "price": 342.1445,
                "share": 11.0,
                "remain_portion": -1
            }
        ],
        "LULU": [
            {
                "uuid": "00000000-0000-0000-0000-0000000000",
                "stock": "LULU",
                "time": "2024-07-24T07:01:12.020087-04:00",
                "price": 282.9228,
                "share": 14.13,
                "remain_portion": -1
            }
        ],
        "PANW": [],
        "AMD": [
            {
                "uuid": "00000000-0000-0000-0000-0000000000",
                "stock": "AMD",
                "time": "2024-07-24T07:01:12.019800-04:00",
                "price": 165.9466,
                "share": 17.75,
                "remain_portion": -1
            }
        ],
        "ARM": [],
        "BABA": [
            {
                "uuid": "579ed1eb-52dc-4550-93c7-1f72340f21cc",
                "stock": "BABA",
                "time": "2024-07-24T09:51:03.747710-04:00",
                "price": 76.5219,
                "share": 23.55,
                "remain_portion": -1
            }
        ],
        "CELH": [
            {
                "uuid": "00000000-0000-0000-0000-0000000000",
                "stock": "CELH",
                "time": "2024-07-24T07:01:12.020122-04:00",
                "price": 53.7231,
                "share": 236.98,
                "remain_portion": -1
            }
        ],
        "QCOM": [
            {
                "uuid": "00000000-0000-0000-0000-0000000000",
                "stock": "QCOM",
                "time": "2024-07-24T07:01:12.020206-04:00",
                "price": 201.3545,
                "share": 4.82,
                "remain_portion": -1
            },
            {
                "uuid": "52771128-939f-404c-ad39-0e44967c7ad5",
                "stock": "QCOM",
                "time": "2024-07-24T08:26:17.197327-04:00",
                "price": 190.2812,
                "share": 0.0,
                "remain_portion": 4
            }
        ],
        "AAPL": [
            {
                "uuid": "00000000-0000-0000-0000-0000000000",
                "stock": "AAPL",
                "time": "2024-07-24T07:01:12.019878-04:00",
                "price": 229.0549,
                "share": 12.39,
                "remain_portion": -1
            }
        ],
        "DELL": [
            {
                "uuid": "00000000-0000-0000-0000-0000000000",
                "stock": "DELL",
                "time": "2024-07-24T07:01:12.020231-04:00",
                "price": 133.4984,
                "share": 77.91,
                "remain_portion": -1
            }
        ],
        "SHOP": [
            {
                "uuid": "00000000-0000-0000-0000-0000000000",
                "stock": "SHOP",
                "time": "2024-07-24T07:01:12.020179-04:00",
                "price": 65.7742,
                "share": 75.45,
                "remain_portion": -1
            }
        ],
        "CEG": [
            {
                "uuid": "00000000-0000-0000-0000-0000000000",
                "stock": "CEG",
                "time": "2024-07-24T07:01:12.020282-04:00",
                "price": 203.8425,
                "share": 36.0,
                "remain_portion": -1
            }
        ],
        "MU": [
            {
                "uuid": "00000000-0000-0000-0000-0000000000",
                "stock": "MU",
                "time": "2024-07-24T07:01:12.020257-04:00",
                "price": 127.7454,
                "share": 77.76,
                "remain_portion": -1
            }
        ],
        "HIMS": [
            {
                "uuid": "1cad303a-1de3-443c-8c10-624bc80ab6ea",
                "stock": "HIMS",
                "time": "2024-07-24T07:30:34.814852-04:00",
                "price": 22.5225,
                "share": 0.0,
                "remain_portion": 6
            },
            {
                "uuid": "cdf835f9-875f-4e76-a38f-9b1431fd11d9",
                "stock": "HIMS",
                "time": "2024-07-24T08:26:19.426938-04:00",
                "price": 22.4224,
                "share": 44.0,
                "remain_portion": 3
            }
        ]
    },
    "active_pnl": {
        "TSLA": 0,
        "NVDA": -151.85,
        "META": -255.66,
        "MSFT": -231.69,
        "IBM": 0,
        "PLTR": 0,
        "BA": 0,
        "SNOW": 0,
        "GOOGL": -183.64,
        "COIN": 0,
        "SMCI": -235.28,
        "HOOD": -282.83,
        "CRWD": -856.62,
        "LULU": -91.36,
        "PANW": 0,
        "AMD": -283.5,
        "ARM": 0,
        "BABA": 4.9,
        "CELH": -1524.52,
        "QCOM": -75.98,
        "AAPL": -101.96,
        "DELL": -981.15,
        "SHOP": -310.79,
        "CEG": -838.53,
        "MU": -1078.17,
        "HIMS": -11.99
    },
    "active_pnl_percentage": {
        "TSLA": 0,
        "NVDA": -4.02,
        "META": -6.3,
        "MSFT": -3.35,
        "IBM": 0,
        "PLTR": 0,
        "BA": 0,
        "SNOW": 0,
        "GOOGL": -3.95,
        "COIN": 0,
        "SMCI": -9.34,
        "HOOD": -4.08,
        "CRWD": -22.8,
        "LULU": -2.29,
        "PANW": 0,
        "AMD": -9.65,
        "ARM": 0,
        "BABA": 0.29,
        "CELH": -11.97,
        "QCOM": -7.83,
        "AAPL": -3.6,
        "DELL": -9.43,
        "SHOP": -6.31,
        "CEG": -11.47,
        "MU": -10.87,
        "HIMS": -1.17
    }
}