{
    "time": "2024-08-02T08:30:23.358625-04:00",
    "daily_start_net_value": 113913.923,
    "current_net_value": 113913.923,
    "daily_pnl": 0.0,
    "daily_pnl_percentage": 0.0,
    "remain_portion": 0,
    "positions": {
        "TSLA": 13.25,
        "NVDA": 0.57,
        "META": 5.0,
        "MSFT": 19.29,
        "IBM": 5.31,
        "PLTR": 77.57,
        "BA": 11.28,
        "SNOW": 14.0,
        "GOOGL": 36.41,
        "COIN": 0,
        "SMCI": 4.0,
        "HOOD": 443.47,
        "CRWD": 15.49,
        "LULU": 17.83,
        "PANW": 0,
        "AMD": 53.44,
        "ARM": 0,
        "BABA": 24.84,
        "CELH": 301.82,
        "QCOM": 19.25,
        "AAPL": 0.52,
        "DELL": 113.51,
        "SHOP": 126.55,
        "CEG": 59.09,
        "MU": 96.73,
        "HIMS": 0
    },
    "cash_position": 493.02,
    "active_orders": {
        "TSLA": [
            {
                "uuid": "00000000-0000-0000-0000-0000000000",
                "stock": "TSLA",
                "time": "2024-08-02T07:01:12.519093-04:00",
                "price": 215.8739,
                "share": 13.25,
                "remain_portion": -1
            }
        ],
        "NVDA": [
            {
                "uuid": "00000000-0000-0000-0000-0000000000",
                "stock": "NVDA",
                "time": "2024-08-02T07:01:12.519136-04:00",
                "price": 117.7549,
                "share": 0.57,
                "remain_portion": -1
            }
        ],
        "META": [
            {
                "uuid": "00000000-0000-0000-0000-0000000000",
                "stock": "META",
                "time": "2024-08-02T07:01:12.518784-04:00",
                "price": 498.0661,
                "share": 5.0,
                "remain_portion": -1
            }
        ],
        "MSFT": [
            {
                "uuid": "00000000-0000-0000-0000-0000000000",
                "stock": "MSFT",
                "time": "2024-08-02T07:01:12.519004-04:00",
                "price": 446.5873,
                "share": 19.29,
                "remain_portion": -1
            }
        ],
        "IBM": [
            {
                "uuid": "00000000-0000-0000-0000-0000000000",
                "stock": "IBM",
                "time": "2024-08-02T07:01:12.519271-04:00",
                "price": 188.4557,
                "share": 5.31,
                "remain_portion": -1
            }
        ],
        "PLTR": [
            {
                "uuid": "00000000-0000-0000-0000-0000000000",
                "stock": "PLTR",
                "time": "2024-08-02T07:01:12.519515-04:00",
                "price": 25.9251,
                "share": 38.57,
                "remain_portion": -1
            },
            {
                "uuid": "7dc70022-aab8-44cc-931d-4a6d3fbf097b",
                "stock": "PLTR",
                "time": "2024-08-02T07:50:55.033146-04:00",
                "price": 25.06504,
                "share": 38.99999999999999,
                "remain_portion": 0
            }
        ],
        "BA": [
            {
                "uuid": "00000000-0000-0000-0000-0000000000",
                "stock": "BA",
                "time": "2024-08-02T07:01:12.519229-04:00",
                "price": 177.125,
                "share": 11.28,
                "remain_portion": -1
            },
            {
                "uuid": "16857f6c-9300-46a5-b8cc-b5579b90c657",
                "stock": "BA",
                "time": "2024-08-02T07:35:32.364588-04:00",
                "price": 176.55,
                "share": 0.0,
                "remain_portion": 2
            }
        ],
        "SNOW": [
            {
                "uuid": "00000000-0000-0000-0000-0000000000",
                "stock": "SNOW",
                "time": "2024-08-02T07:01:12.519565-04:00",
                "price": 129.91,
                "share": 14.0,
                "remain_portion": -1
            }
        ],
        "GOOGL": [
            {
                "uuid": "00000000-0000-0000-0000-0000000000",
                "stock": "GOOGL",
                "time": "2024-08-02T07:01:12.519188-04:00",
                "price": 178.1352,
                "share": 36.41,
                "remain_portion": -1
            },
            {
                "uuid": "19bad4a8-47d7-4c6c-98ec-8d4b4ca0f956",
                "stock": "GOOGL",
                "time": "2024-08-02T07:35:44.442451-04:00",
                "price": 167.71,
                "share": 0.0,
                "remain_portion": 2
            }
        ],
        "COIN": [],
        "SMCI": [
            {
                "uuid": "00000000-0000-0000-0000-0000000000",
                "stock": "SMCI",
                "time": "2024-08-02T07:01:12.519408-04:00",
                "price": 835.2433,
                "share": 3.0,
                "remain_portion": -1
            },
            {
                "uuid": "aec9bc64-396f-4ef8-a367-d9ce750ce833",
                "stock": "SMCI",
                "time": "2024-08-02T07:45:50.388211-04:00",
                "price": 641.05,
                "share": 1.0,
                "remain_portion": 1
            }
        ],
        "HOOD": [
            {
                "uuid": "00000000-0000-0000-0000-0000000000",
                "stock": "HOOD",
                "time": "2024-08-02T07:01:12.519326-04:00",
                "price": 22.4114,
                "share": 443.47,
                "remain_portion": -1
            }
        ],
        "CRWD": [
            {
                "uuid": "00000000-0000-0000-0000-0000000000",
                "stock": "CRWD",
                "time": "2024-08-02T07:01:12.519666-04:00",
                "price": 307.4512,
                "share": 15.49,
                "remain_portion": -1
            }
        ],
        "LULU": [
            {
                "uuid": "00000000-0000-0000-0000-0000000000",
                "stock": "LULU",
                "time": "2024-08-02T07:01:12.519476-04:00",
                "price": 280.291,
                "share": 17.83,
                "remain_portion": -1
            }
        ],
        "PANW": [],
        "AMD": [
            {
                "uuid": "00000000-0000-0000-0000-0000000000",
                "stock": "AMD",
                "time": "2024-08-02T07:01:12.518961-04:00",
                "price": 148.6707,
                "share": 53.44,
                "remain_portion": -1
            }
        ],
        "ARM": [],
        "BABA": [
            {
                "uuid": "00000000-0000-0000-0000-0000000000",
                "stock": "BABA",
                "time": "2024-08-02T07:01:12.519362-04:00",
                "price": 77.8321,
                "share": 24.84,
                "remain_portion": -1
            }
        ],
        "CELH": [
            {
                "uuid": "00000000-0000-0000-0000-0000000000",
                "stock": "CELH",
                "time": "2024-08-02T07:01:12.519627-04:00",
                "price": 52.0913,
                "share": 301.82,
                "remain_portion": -1
            }
        ],
        "QCOM": [
            {
                "uuid": "00000000-0000-0000-0000-0000000000",
                "stock": "QCOM",
                "time": "2024-08-02T07:01:12.519780-04:00",
                "price": 177.3508,
                "share": 19.25,
                "remain_portion": -1
            }
        ],
        "AAPL": [
            {
                "uuid": "00000000-0000-0000-0000-0000000000",
                "stock": "AAPL",
                "time": "2024-08-02T07:01:12.519050-04:00",
                "price": 223.6602,
                "share": 0.52,
                "remain_portion": -1
            }
        ],
        "DELL": [
            {
                "uuid": "00000000-0000-0000-0000-0000000000",
                "stock": "DELL",
                "time": "2024-08-02T07:01:12.519830-04:00",
                "price": 126.8585,
                "share": 113.51,
                "remain_portion": -1
            }
        ],
        "SHOP": [
            {
                "uuid": "00000000-0000-0000-0000-0000000000",
                "stock": "SHOP",
                "time": "2024-08-02T07:01:12.519734-04:00",
                "price": 62.6069,
                "share": 126.55,
                "remain_portion": -1
            }
        ],
        "CEG": [
            {
                "uuid": "00000000-0000-0000-0000-0000000000",
                "stock": "CEG",
                "time": "2024-08-02T07:01:12.519955-04:00",
                "price": 191.8425,
                "share": 59.09,
                "remain_portion": -1
            }
        ],
        "MU": [
            {
                "uuid": "00000000-0000-0000-0000-0000000000",
                "stock": "MU",
                "time": "2024-08-02T07:01:12.519905-04:00",
                "price": 122.8553,
                "share": 96.73,
                "remain_portion": -1
            }
        ],
        "HIMS": []
    },
    "active_pnl": {
        "TSLA": -23.5,
        "NVDA": -7.58,
        "META": -27.38,
        "MSFT": -744.34,
        "IBM": 3.42,
        "PLTR": -34.34,
        "BA": -9.87,
        "SNOW": -104.44,
        "GOOGL": -378.49,
        "COIN": 0,
        "SMCI": -564.78,
        "HOOD": -1100.43,
        "CRWD": -1377.85,
        "LULU": -688.08,
        "PANW": 0,
        "AMD": -819.81,
        "ARM": 0,
        "BABA": -25.64,
        "CELH": -2562.84,
        "QCOM": -281.07,
        "AAPL": -3.41,
        "DELL": -2595.8,
        "SHOP": -874.07,
        "CEG": -982.81,
        "MU": -2481.64,
        "HIMS": 0
    },
    "active_pnl_percentage": {
        "TSLA": -0.98,
        "NVDA": -11.62,
        "META": -1.1,
        "MSFT": -8.65,
        "IBM": 0.34,
        "PLTR": -1.89,
        "BA": -0.49,
        "SNOW": -5.74,
        "GOOGL": -6.0,
        "COIN": 0,
        "SMCI": -17.95,
        "HOOD": -11.07,
        "CRWD": -28.93,
        "LULU": -13.77,
        "PANW": 0,
        "AMD": -10.41,
        "ARM": 0,
        "BABA": -1.33,
        "CELH": -16.3,
        "QCOM": -8.23,
        "AAPL": -3.2,
        "DELL": -18.03,
        "SHOP": -11.03,
        "CEG": -8.67,
        "MU": -20.88,
        "HIMS": 0
    }
}