{
    "time": "2024-07-23T08:30:34.798518-04:00",
    "daily_start_net_value": 91327.3055,
    "current_net_value": 91327.3055,
    "daily_pnl": 0.0,
    "daily_pnl_percentage": 0.0,
    "remain_portion": 7,
    "positions": {
        "TSLA": 0,
        "NVDA": 22.13,
        "META": 5.96,
        "MSFT": 15.29,
        "IBM": 0,
        "PLTR": 0,
        "BA": 0,
        "SNOW": 0,
        "GOOGL": 40.5,
        "COIN": 0,
        "SMCI": 2.0,
        "HOOD": 169.28,
        "CRWD": 11.0,
        "LULU": 0,
        "PANW": 0,
        "AMD": 17.75,
        "ARM": 0,
        "BABA": 73.25,
        "CELH": 236.98,
        "QCOM": 4.82,
        "AAPL": 12.39,
        "DELL": 77.91,
        "SHOP": 75.45,
        "CEG": 36.0,
        "MU": 77.76,
        "HIMS": 93.0
    },
    "cash_position": 7158.21,
    "active_orders": {
        "TSLA": [],
        "NVDA": [
            {
                "uuid": "00000000-0000-0000-0000-0000000000",
                "stock": "NVDA",
                "time": "2024-07-23T07:01:33.534303-04:00",
                "price": 125.1503,
                "share": 22.13,
                "remain_portion": -1
            }
        ],
        "META": [
            {
                "uuid": "00000000-0000-0000-0000-0000000000",
                "stock": "META",
                "time": "2024-07-23T07:01:33.534049-04:00",
                "price": 509.2937,
                "share": 5.96,
                "remain_portion": -1
            }
        ],
        "MSFT": [
            {
                "uuid": "00000000-0000-0000-0000-0000000000",
                "stock": "MSFT",
                "time": "2024-07-23T07:01:33.534238-04:00",
                "price": 451.8031,
                "share": 15.29,
                "remain_portion": -1
            }
        ],
        "IBM": [],
        "PLTR": [],
        "BA": [],
        "SNOW": [],
        "GOOGL": [
            {
                "uuid": "00000000-0000-0000-0000-0000000000",
                "stock": "GOOGL",
                "time": "2024-07-23T07:01:33.534331-04:00",
                "price": 184.4393,
                "share": 40.5,
                "remain_portion": -1
            }
        ],
        "COIN": [],
        "SMCI": [
            {
                "uuid": "00000000-0000-0000-0000-0000000000",
                "stock": "SMCI",
                "time": "2024-07-23T07:01:33.534456-04:00",
                "price": 869.365,
                "share": 2.0,
                "remain_portion": -1
            }
        ],
        "HOOD": [
            {
                "uuid": "00000000-0000-0000-0000-0000000000",
                "stock": "HOOD",
                "time": "2024-07-23T07:01:33.534357-04:00",
                "price": 23.3838,
                "share": 169.28,
                "remain_portion": -1
            }
        ],
        "CRWD": [
            {
                "uuid": "00000000-0000-0000-0000-0000000000",
                "stock": "CRWD",
                "time": "2024-07-23T07:01:33.534523-04:00",
                "price": 342.1445,
                "share": 11.0,
                "remain_portion": -1
            }
        ],
        "LULU": [],
        "PANW": [],
        "AMD": [
            {
                "uuid": "00000000-0000-0000-0000-0000000000",
                "stock": "AMD",
                "time": "2024-07-23T07:01:33.534200-04:00",
                "price": 165.9466,
                "share": 17.75,
                "remain_portion": -1
            }
        ],
        "ARM": [],
        "BABA": [
            {
                "uuid": "00000000-0000-0000-0000-0000000000",
                "stock": "BABA",
                "time": "2024-07-23T07:01:33.534415-04:00",
                "price": 77.0304,
                "share": 60.25,
                "remain_portion": -1
            },
            {
                "uuid": "791c9433-4ffc-49ac-88e0-870565bc4433",
                "stock": "BABA",
                "time": "2024-07-23T08:26:32.884102-04:00",
                "price": 75.83,
                "share": 13.0,
                "remain_portion": 7
            }
        ],
        "CELH": [
            {
                "uuid": "00000000-0000-0000-0000-0000000000",
                "stock": "CELH",
                "time": "2024-07-23T07:01:33.534489-04:00",
                "price": 53.7231,
                "share": 236.98,
                "remain_portion": -1
            }
        ],
        "QCOM": [
            {
                "uuid": "00000000-0000-0000-0000-0000000000",
                "stock": "QCOM",
                "time": "2024-07-23T07:01:33.534624-04:00",
                "price": 201.3545,
                "share": 4.82,
                "remain_portion": -1
            }
        ],
        "AAPL": [
            {
                "uuid": "00000000-0000-0000-0000-0000000000",
                "stock": "AAPL",
                "time": "2024-07-23T07:01:33.534268-04:00",
                "price": 229.0549,
                "share": 12.39,
                "remain_portion": -1
            }
        ],
        "DELL": [
            {
                "uuid": "00000000-0000-0000-0000-0000000000",
                "stock": "DELL",
                "time": "2024-07-23T07:01:33.534653-04:00",
                "price": 133.4984,
                "share": 77.91,
                "remain_portion": -1
            }
        ],
        "SHOP": [
            {
                "uuid": "00000000-0000-0000-0000-0000000000",
                "stock": "SHOP",
                "time": "2024-07-23T07:01:33.534590-04:00",
                "price": 65.7742,
                "share": 75.45,
                "remain_portion": -1
            }
        ],
        "CEG": [
            {
                "uuid": "00000000-0000-0000-0000-0000000000",
                "stock": "CEG",
                "time": "2024-07-23T07:01:33.534732-04:00",
                "price": 203.8425,
                "share": 36.0,
                "remain_portion": -1
            }
        ],
        "MU": [
            {
                "uuid": "00000000-0000-0000-0000-0000000000",
                "stock": "MU",
                "time": "2024-07-23T07:01:33.534699-04:00",
                "price": 127.7454,
                "share": 77.76,
                "remain_portion": -1
            }
        ],
        "HIMS": [
            {
                "uuid": "00000000-0000-0000-0000-0000000000",
                "stock": "HIMS",
                "time": "2024-07-23T07:01:33.534563-04:00",
                "price": 21.4371,
                "share": 93.0,
                "remain_portion": -1
            }
        ]
    },
    "active_pnl": {
        "TSLA": 0,
        "NVDA": -47.59,
        "META": -129.77,
        "MSFT": -128.48,
        "IBM": 0,
        "PLTR": 0,
        "BA": 0,
        "SNOW": 0,
        "GOOGL": -104.36,
        "COIN": 0,
        "SMCI": -174.73,
        "HOOD": -31.11,
        "CRWD": -809.54,
        "LULU": 0,
        "PANW": 0,
        "AMD": -208.5,
        "ARM": 0,
        "BABA": -74.52,
        "CELH": -1188.0,
        "QCOM": -23.88,
        "AAPL": -61.39,
        "DELL": -412.02,
        "SHOP": -210.75,
        "CEG": -428.49,
        "MU": -1010.52,
        "HIMS": -88.08
    },
    "active_pnl_percentage": {
        "TSLA": 0,
        "NVDA": -1.72,
        "META": -4.28,
        "MSFT": -1.86,
        "IBM": 0,
        "PLTR": 0,
        "BA": 0,
        "SNOW": 0,
        "GOOGL": -1.4,
        "COIN": 0,
        "SMCI": -10.05,
        "HOOD": -0.79,
        "CRWD": -21.51,
        "LULU": 0,
        "PANW": 0,
        "AMD": -7.08,
        "ARM": 0,
        "BABA": -1.32,
        "CELH": -9.33,
        "QCOM": -2.46,
        "AAPL": -2.16,
        "DELL": -3.96,
        "SHOP": -4.25,
        "CEG": -5.84,
        "MU": -10.17,
        "HIMS": -4.42
    }
}