{
    "time": "2024-08-16T07:30:08.721414-04:00",
    "daily_start_net_value": 117522.907,
    "current_net_value": 117522.907,
    "daily_pnl": 0.0,
    "daily_pnl_percentage": 0.0,
    "remain_portion": 26,
    "positions": {
        "TSLA": 0.28,
        "NVDA": 0,
        "META": 0,
        "MSFT": 19.29,
        "IBM": 0,
        "PLTR": 0,
        "BA": 0,
        "SNOW": 21.9,
        "GOOGL": 65.67,
        "COIN": 0.08,
        "SMCI": 6.0,
        "HOOD": 548.82,
        "CRWD": 15.49,
        "LULU": 17.83,
        "PANW": 0,
        "AMD": 17.82,
        "ARM": 0,
        "BABA": 0,
        "CELH": 301.82,
        "QCOM": 7.14,
        "AAPL": 0,
        "DELL": 113.51,
        "SHOP": 0,
        "CEG": 22.44,
        "MU": 96.73,
        "HIMS": 184.24
    },
    "cash_position": 26383.7,
    "active_orders": {
        "TSLA": [
            {
                "uuid": "00000000-0000-0000-0000-0000000000",
                "stock": "TSLA",
                "time": "2024-08-16T07:01:04.830163-04:00",
                "price": 209.4844,
                "share": 0.28,
                "remain_portion": -1
            }
        ],
        "NVDA": [],
        "META": [],
        "MSFT": [
            {
                "uuid": "00000000-0000-0000-0000-0000000000",
                "stock": "MSFT",
                "time": "2024-08-16T07:01:04.830111-04:00",
                "price": 446.5873,
                "share": 19.29,
                "remain_portion": -1
            }
        ],
        "IBM": [],
        "PLTR": [],
        "BA": [],
        "SNOW": [
            {
                "uuid": "00000000-0000-0000-0000-0000000000",
                "stock": "SNOW",
                "time": "2024-08-16T07:01:04.830342-04:00",
                "price": 128.6836,
                "share": 21.9,
                "remain_portion": -1
            }
        ],
        "GOOGL": [
            {
                "uuid": "00000000-0000-0000-0000-0000000000",
                "stock": "GOOGL",
                "time": "2024-08-16T07:01:04.830201-04:00",
                "price": 170.6342,
                "share": 65.67,
                "remain_portion": -1
            }
        ],
        "COIN": [
            {
                "uuid": "00000000-0000-0000-0000-0000000000",
                "stock": "COIN",
                "time": "2024-08-16T07:01:04.830449-04:00",
                "price": 197.0,
                "share": 0.08,
                "remain_portion": -1
            }
        ],
        "SMCI": [
            {
                "uuid": "00000000-0000-0000-0000-0000000000",
                "stock": "SMCI",
                "time": "2024-08-16T07:01:04.830280-04:00",
                "price": 684.4683,
                "share": 6.0,
                "remain_portion": -1
            }
        ],
        "HOOD": [
            {
                "uuid": "00000000-0000-0000-0000-0000000000",
                "stock": "HOOD",
                "time": "2024-08-16T07:01:04.830243-04:00",
                "price": 21.7524,
                "share": 548.82,
                "remain_portion": -1
            }
        ],
        "CRWD": [
            {
                "uuid": "00000000-0000-0000-0000-0000000000",
                "stock": "CRWD",
                "time": "2024-08-16T07:01:04.830415-04:00",
                "price": 307.4512,
                "share": 15.49,
                "remain_portion": -1
            }
        ],
        "LULU": [
            {
                "uuid": "00000000-0000-0000-0000-0000000000",
                "stock": "LULU",
                "time": "2024-08-16T07:01:04.830314-04:00",
                "price": 280.291,
                "share": 17.83,
                "remain_portion": -1
            }
        ],
        "PANW": [],
        "AMD": [
            {
                "uuid": "00000000-0000-0000-0000-0000000000",
                "stock": "AMD",
                "time": "2024-08-16T07:01:04.829942-04:00",
                "price": 146.1976,
                "share": 17.82,
                "remain_portion": -1
            }
        ],
        "ARM": [],
        "BABA": [],
        "CELH": [
            {
                "uuid": "00000000-0000-0000-0000-0000000000",
                "stock": "CELH",
                "time": "2024-08-16T07:01:04.830381-04:00",
                "price": 52.0913,
                "share": 301.82,
                "remain_portion": -1
            }
        ],
        "QCOM": [
            {
                "uuid": "00000000-0000-0000-0000-0000000000",
                "stock": "QCOM",
                "time": "2024-08-16T07:01:04.830548-04:00",
                "price": 170.8102,
                "share": 7.14,
                "remain_portion": -1
            }
        ],
        "AAPL": [],
        "DELL": [
            {
                "uuid": "00000000-0000-0000-0000-0000000000",
                "stock": "DELL",
                "time": "2024-08-16T07:01:04.830600-04:00",
                "price": 126.8585,
                "share": 113.51,
                "remain_portion": -1
            }
        ],
        "SHOP": [],
        "CEG": [
            {
                "uuid": "00000000-0000-0000-0000-0000000000",
                "stock": "CEG",
                "time": "2024-08-16T07:01:04.830691-04:00",
                "price": 191.0212,
                "share": 22.44,
                "remain_portion": -1
            }
        ],
        "MU": [
            {
                "uuid": "00000000-0000-0000-0000-0000000000",
                "stock": "MU",
                "time": "2024-08-16T07:01:04.830656-04:00",
                "price": 122.8553,
                "share": 96.73,
                "remain_portion": -1
            }
        ],
        "HIMS": [
            {
                "uuid": "00000000-0000-0000-0000-0000000000",
                "stock": "HIMS",
                "time": "2024-08-16T07:01:04.830484-04:00",
                "price": 16.133,
                "share": 184.24,
                "remain_portion": -1
            }
        ]
    },
    "active_pnl": {
        "TSLA": 1.17,
        "NVDA": 0,
        "META": 0,
        "MSFT": -488.76,
        "IBM": 0,
        "PLTR": 0,
        "BA": 0,
        "SNOW": -28.33,
        "GOOGL": -605.1,
        "COIN": 0.22,
        "SMCI": -299.33,
        "HOOD": -1082.49,
        "CRWD": -714.73,
        "LULU": -379.62,
        "PANW": 0,
        "AMD": 20.18,
        "ARM": 0,
        "BABA": 0,
        "CELH": -3121.21,
        "QCOM": 17.85,
        "AAPL": 0,
        "DELL": -1789.88,
        "SHOP": 0,
        "CEG": 17.48,
        "MU": -1405.03,
        "HIMS": -42.93
    },
    "active_pnl_percentage": {
        "TSLA": 1.93,
        "NVDA": 0,
        "META": 0,
        "MSFT": -5.67,
        "IBM": 0,
        "PLTR": 0,
        "BA": 0,
        "SNOW": -1.01,
        "GOOGL": -5.4,
        "COIN": 1.42,
        "SMCI": -7.29,
        "HOOD": -9.07,
        "CRWD": -15.01,
        "LULU": -7.6,
        "PANW": 0,
        "AMD": 0.77,
        "ARM": 0,
        "BABA": 0,
        "CELH": -19.85,
        "QCOM": 1.46,
        "AAPL": 0,
        "DELL": -12.43,
        "SHOP": 0,
        "CEG": 0.41,
        "MU": -11.82,
        "HIMS": -1.44
    }
}