{
    "time": "2024-07-16T08:30:34.934430-04:00",
    "daily_start_net_value": 85211.502,
    "current_net_value": 85211.502,
    "daily_pnl": 0.0,
    "daily_pnl_percentage": 0.0,
    "remain_portion": 37,
    "positions": {
        "TSLA": 0,
        "NVDA": 14.13,
        "META": 5.96,
        "MSFT": 8.55,
        "IBM": 0.47,
        "PLTR": 0,
        "BA": 26.21,
        "SNOW": 21.59,
        "GOOGL": 18.53,
        "COIN": 0,
        "SMCI": 0,
        "HOOD": 0,
        "CRWD": 0,
        "LULU": 20.44,
        "PANW": 0,
        "AMD": 0.52,
        "ARM": 0.37,
        "BABA": 60.0,
        "CELH": 103.98,
        "QCOM": 0,
        "AAPL": 0,
        "DELL": 21.91,
        "SHOP": 0.46,
        "CEG": 8.0,
        "MU": 45.45,
        "HIMS": 0
    },
    "cash_position": 37726.53,
    "active_orders": {
        "TSLA": [],
        "NVDA": [
            {
                "uuid": "00000000-0000-0000-0000-0000000000",
                "stock": "NVDA",
                "time": "2024-07-16T07:01:22.379093-04:00",
                "price": 127.3415,
                "share": 14.13,
                "remain_portion": -1
            }
        ],
        "META": [
            {
                "uuid": "00000000-0000-0000-0000-0000000000",
                "stock": "META",
                "time": "2024-07-16T07:01:22.378872-04:00",
                "price": 509.2937,
                "share": 5.96,
                "remain_portion": -1
            }
        ],
        "MSFT": [
            {
                "uuid": "00000000-0000-0000-0000-0000000000",
                "stock": "MSFT",
                "time": "2024-07-16T07:01:22.379056-04:00",
                "price": 457.0047,
                "share": 8.55,
                "remain_portion": -1
            }
        ],
        "IBM": [
            {
                "uuid": "32df343d-2a23-4244-9c44-16ecddd54c4b",
                "stock": "IBM",
                "time": "2024-07-16T08:11:30.188232-04:00",
                "price": 182.8702,
                "share": 0.47,
                "remain_portion": -1
            }
        ],
        "PLTR": [],
        "BA": [
            {
                "uuid": "00000000-0000-0000-0000-0000000000",
                "stock": "BA",
                "time": "2024-07-16T07:01:22.379171-04:00",
                "price": 181.0693,
                "share": 26.21,
                "remain_portion": -1
            }
        ],
        "SNOW": [
            {
                "uuid": "00000000-0000-0000-0000-0000000000",
                "stock": "SNOW",
                "time": "2024-07-16T07:01:22.379366-04:00",
                "price": 136.6169,
                "share": 21.59,
                "remain_portion": -1
            }
        ],
        "GOOGL": [
            {
                "uuid": "00000000-0000-0000-0000-0000000000",
                "stock": "GOOGL",
                "time": "2024-07-16T07:01:22.379131-04:00",
                "price": 186.7985,
                "share": 18.53,
                "remain_portion": -1
            }
        ],
        "COIN": [],
        "SMCI": [],
        "HOOD": [],
        "CRWD": [],
        "LULU": [
            {
                "uuid": "00000000-0000-0000-0000-0000000000",
                "stock": "LULU",
                "time": "2024-07-16T07:01:22.379301-04:00",
                "price": 289.0452,
                "share": 20.44,
                "remain_portion": -1
            }
        ],
        "PANW": [],
        "AMD": [
            {
                "uuid": "00000000-0000-0000-0000-0000000000",
                "stock": "AMD",
                "time": "2024-07-16T07:01:22.379011-04:00",
                "price": 180.9656,
                "share": 0.52,
                "remain_portion": -1
            }
        ],
        "ARM": [
            {
                "uuid": "00000000-0000-0000-0000-0000000000",
                "stock": "ARM",
                "time": "2024-07-16T07:01:22.379415-04:00",
                "price": 177.4959,
                "share": 0.37,
                "remain_portion": -1
            }
        ],
        "BABA": [
            {
                "uuid": "00000000-0000-0000-0000-0000000000",
                "stock": "BABA",
                "time": "2024-07-16T07:01:22.379265-04:00",
                "price": 78.3528,
                "share": 60.0,
                "remain_portion": -1
            }
        ],
        "CELH": [
            {
                "uuid": "00000000-0000-0000-0000-0000000000",
                "stock": "CELH",
                "time": "2024-07-16T07:01:22.379454-04:00",
                "price": 56.7923,
                "share": 103.98,
                "remain_portion": -1
            }
        ],
        "QCOM": [],
        "AAPL": [],
        "DELL": [
            {
                "uuid": "00000000-0000-0000-0000-0000000000",
                "stock": "DELL",
                "time": "2024-07-16T07:01:22.379545-04:00",
                "price": 138.3428,
                "share": 21.91,
                "remain_portion": -1
            }
        ],
        "SHOP": [
            {
                "uuid": "00000000-0000-0000-0000-0000000000",
                "stock": "SHOP",
                "time": "2024-07-16T07:01:22.379492-04:00",
                "price": 64.6695,
                "share": 0.46,
                "remain_portion": -1
            }
        ],
        "CEG": [
            {
                "uuid": "00000000-0000-0000-0000-0000000000",
                "stock": "CEG",
                "time": "2024-07-16T07:01:22.379630-04:00",
                "price": 215.03,
                "share": 8.0,
                "remain_portion": -1
            }
        ],
        "MU": [
            {
                "uuid": "00000000-0000-0000-0000-0000000000",
                "stock": "MU",
                "time": "2024-07-16T07:01:22.379593-04:00",
                "price": 131.9974,
                "share": 45.45,
                "remain_portion": -1
            }
        ],
        "HIMS": []
    },
    "active_pnl": {
        "TSLA": 0,
        "NVDA": 18.91,
        "META": -70.17,
        "MSFT": -25.69,
        "IBM": 0.9,
        "PLTR": 0,
        "BA": -33.79,
        "SNOW": -51.1,
        "GOOGL": 1.88,
        "COIN": 0,
        "SMCI": 0,
        "HOOD": 0,
        "CRWD": 0,
        "LULU": -85.34,
        "PANW": 0,
        "AMD": -0.55,
        "ARM": 0.19,
        "BABA": -66.17,
        "CELH": -429.68,
        "QCOM": 0,
        "AAPL": 0,
        "DELL": -20.0,
        "SHOP": 1.2,
        "CEG": -12.24,
        "MU": -73.06,
        "HIMS": 0
    },
    "active_pnl_percentage": {
        "TSLA": 0,
        "NVDA": 1.1,
        "META": -2.31,
        "MSFT": -0.66,
        "IBM": 1.04,
        "PLTR": 0,
        "BA": -0.71,
        "SNOW": -1.73,
        "GOOGL": 0.05,
        "COIN": 0,
        "SMCI": 0,
        "HOOD": 0,
        "CRWD": 0,
        "LULU": -1.44,
        "PANW": 0,
        "AMD": -0.59,
        "ARM": 0.28,
        "BABA": -1.41,
        "CELH": -7.28,
        "QCOM": 0,
        "AAPL": 0,
        "DELL": -0.66,
        "SHOP": 4.02,
        "CEG": -0.71,
        "MU": -1.22,
        "HIMS": 0
    }
}