{
    "time": "2024-08-01T19:14:34.364758-04:00",
    "daily_start_net_value": 117504.0467,
    "current_net_value": 113913.923,
    "daily_pnl": -3590.123700000011,
    "daily_pnl_percentage": -3.06,
    "remain_portion": 0,
    "positions": {
        "TSLA": 13.25,
        "NVDA": 0.57,
        "META": 5.0,
        "MSFT": 19.29,
        "IBM": 5.31,
        "PLTR": 38.57,
        "BA": 11.28,
        "SNOW": 14.0,
        "GOOGL": 36.41,
        "COIN": 0,
        "SMCI": 3.0,
        "HOOD": 443.47,
        "CRWD": 15.49,
        "LULU": 17.83,
        "PANW": 0,
        "AMD": 53.44,
        "ARM": 0,
        "BABA": 24.84,
        "CELH": 301.82,
        "QCOM": 19.25,
        "AAPL": 0.52,
        "DELL": 113.51,
        "SHOP": 109.55,
        "CEG": 59.09,
        "MU": 96.73,
        "HIMS": 0
    },
    "cash_position": 821.24,
    "active_orders": {
        "TSLA": [
            {
                "uuid": "cbeb9f75-ea18-4e6b-a03f-ece501a9c103",
                "stock": "TSLA",
                "time": "2024-08-01T14:41:15.998849-04:00",
                "price": 217.51,
                "share": 4.6,
                "remain_portion": 17
            },
            {
                "uuid": "4ec48dde-436f-4d49-beff-e8cf1402af6e",
                "stock": "TSLA",
                "time": "2024-08-01T14:56:08.779305-04:00",
                "price": 215.05,
                "share": 4.65,
                "remain_portion": 9
            },
            {
                "uuid": "8fe5143c-5fa3-48c2-b64a-78b2a1428565",
                "stock": "TSLA",
                "time": "2024-08-01T16:41:24.312630-04:00",
                "price": 215.02,
                "share": 4.0,
                "remain_portion": 1
            }
        ],
        "NVDA": [
            {
                "uuid": "00000000-0000-0000-0000-0000000000",
                "stock": "NVDA",
                "time": "2024-08-01T07:26:32.590676-04:00",
                "price": 117.7549,
                "share": 0.57,
                "remain_portion": -1
            }
        ],
        "META": [
            {
                "uuid": "a07a8c43-4001-444c-8f74-837bdcf1f128",
                "stock": "META",
                "time": "2024-08-01T07:40:26.664505-04:00",
                "price": 498.0661,
                "share": 5.0,
                "remain_portion": -1
            }
        ],
        "MSFT": [
            {
                "uuid": "00000000-0000-0000-0000-0000000000",
                "stock": "MSFT",
                "time": "2024-08-01T07:26:32.590590-04:00",
                "price": 450.417,
                "share": 17.29,
                "remain_portion": -1
            },
            {
                "uuid": "56e79326-cf71-468d-9e1a-ac207c3d70f6",
                "stock": "MSFT",
                "time": "2024-08-01T16:36:17.414008-04:00",
                "price": 413.5184,
                "share": 2.0,
                "remain_portion": 2
            }
        ],
        "IBM": [
            {
                "uuid": "6dd4fb0e-e5dc-41f8-a76f-2db3aceecb51",
                "stock": "IBM",
                "time": "2024-08-01T18:11:53.615477-04:00",
                "price": 188.4557,
                "share": 5.31,
                "remain_portion": -1
            }
        ],
        "PLTR": [
            {
                "uuid": "72afdcab-1ad4-427b-be5b-b8f6aa36669b",
                "stock": "PLTR",
                "time": "2024-08-01T14:51:24.864727-04:00",
                "price": 25.93,
                "share": 38.57,
                "remain_portion": 15
            }
        ],
        "BA": [
            {
                "uuid": "c0949c8e-ecae-4b13-9dfb-775d141d4d51",
                "stock": "BA",
                "time": "2024-08-01T14:51:27.453529-04:00",
                "price": 177.51,
                "share": 5.63,
                "remain_portion": 14
            },
            {
                "uuid": "dce707ac-3a57-4775-b7a7-2502382fa43a",
                "stock": "BA",
                "time": "2024-08-01T15:36:01.388626-04:00",
                "price": 176.86,
                "share": 5.6499999999999995,
                "remain_portion": 4
            }
        ],
        "SNOW": [
            {
                "uuid": "783116d7-e026-4fe6-af0b-a27c0d53a9a1",
                "stock": "SNOW",
                "time": "2024-08-01T07:55:39.122299-04:00",
                "price": 130.19,
                "share": 7.0,
                "remain_portion": 19
            }
        ],
        "GOOGL": [
            {
                "uuid": "00000000-0000-0000-0000-0000000000",
                "stock": "GOOGL",
                "time": "2024-08-01T07:26:32.590738-04:00",
                "price": 178.1352,
                "share": 36.41,
                "remain_portion": -1
            }
        ],
        "COIN": [],
        "SMCI": [
            {
                "uuid": "00000000-0000-0000-0000-0000000000",
                "stock": "SMCI",
                "time": "2024-08-01T07:26:32.590839-04:00",
                "price": 835.2433,
                "share": 3.0,
                "remain_portion": -1
            }
        ],
        "HOOD": [
            {
                "uuid": "00000000-0000-0000-0000-0000000000",
                "stock": "HOOD",
                "time": "2024-08-01T07:26:32.590776-04:00",
                "price": 22.73,
                "share": 393.27,
                "remain_portion": -1
            },
            {
                "uuid": "49bdf7b2-f6d0-420a-93e2-d2bb43b05fd0",
                "stock": "HOOD",
                "time": "2024-08-01T15:11:40.662485-04:00",
                "price": 19.92,
                "share": 50.200000000000045,
                "remain_portion": 5
            }
        ],
        "CRWD": [
            {
                "uuid": "00000000-0000-0000-0000-0000000000",
                "stock": "CRWD",
                "time": "2024-08-01T07:26:32.591016-04:00",
                "price": 342.1445,
                "share": 11.0,
                "remain_portion": -1
            },
            {
                "uuid": "43a6c2f8-3487-4094-be76-f45dd85d873e",
                "stock": "CRWD",
                "time": "2024-08-01T14:51:30.501777-04:00",
                "price": 222.48,
                "share": 4.49,
                "remain_portion": 13
            }
        ],
        "LULU": [
            {
                "uuid": "00000000-0000-0000-0000-0000000000",
                "stock": "LULU",
                "time": "2024-08-01T07:26:32.590906-04:00",
                "price": 280.291,
                "share": 17.83,
                "remain_portion": -1
            }
        ],
        "PANW": [],
        "AMD": [
            {
                "uuid": "00000000-0000-0000-0000-0000000000",
                "stock": "AMD",
                "time": "2024-08-01T07:26:32.590547-04:00",
                "price": 151.6618,
                "share": 45.79,
                "remain_portion": -1
            },
            {
                "uuid": "44a07f71-b20e-4707-9f23-b7c3ed5bfd67",
                "stock": "AMD",
                "time": "2024-08-01T14:57:25.124695-04:00",
                "price": 130.77,
                "share": 7.649999999999999,
                "remain_portion": 8
            }
        ],
        "ARM": [],
        "BABA": [
            {
                "uuid": "9ce3e70d-ba10-4569-b90e-73b773382e62",
                "stock": "BABA",
                "time": "2024-08-01T15:01:30.377144-04:00",
                "price": 77.91,
                "share": 12.84,
                "remain_portion": 7
            },
            {
                "uuid": "691a7bad-b45a-472d-acbc-5584b8f7495c",
                "stock": "BABA",
                "time": "2024-08-01T16:31:11.854429-04:00",
                "price": 77.84,
                "share": 12.0,
                "remain_portion": 3
            }
        ],
        "CELH": [
            {
                "uuid": "00000000-0000-0000-0000-0000000000",
                "stock": "CELH",
                "time": "2024-08-01T07:26:32.590959-04:00",
                "price": 52.0913,
                "share": 301.82,
                "remain_portion": -1
            }
        ],
        "QCOM": [
            {
                "uuid": "00000000-0000-0000-0000-0000000000",
                "stock": "QCOM",
                "time": "2024-08-01T07:26:32.591110-04:00",
                "price": 184.652,
                "share": 13.07,
                "remain_portion": -1
            },
            {
                "uuid": "251b14e5-026e-4fe0-bc5e-625a15cd5633",
                "stock": "QCOM",
                "time": "2024-08-01T14:51:33.341617-04:00",
                "price": 161.96,
                "share": 6.18,
                "remain_portion": 12
            }
        ],
        "AAPL": [
            {
                "uuid": "bf9ff652-1c1b-473a-aa78-3f52c61ad846",
                "stock": "AAPL",
                "time": "2024-08-01T07:50:34.510405-04:00",
                "price": 223.6602,
                "share": 0.52,
                "remain_portion": -1
            }
        ],
        "DELL": [
            {
                "uuid": "00000000-0000-0000-0000-0000000000",
                "stock": "DELL",
                "time": "2024-08-01T07:26:32.591178-04:00",
                "price": 126.8585,
                "share": 113.51,
                "remain_portion": -1
            }
        ],
        "SHOP": [
            {
                "uuid": "00000000-0000-0000-0000-0000000000",
                "stock": "SHOP",
                "time": "2024-08-01T07:26:32.591054-04:00",
                "price": 64.7146,
                "share": 92.14,
                "remain_portion": -1
            },
            {
                "uuid": "0a6a0d1e-af8d-466d-8ba8-7fcb679d01eb",
                "stock": "SHOP",
                "time": "2024-08-01T15:06:35.632858-04:00",
                "price": 57.43,
                "share": 17.409999999999997,
                "remain_portion": 6
            },
            {
                "uuid": "4fec53e9-a564-4c0c-b779-12e559119a49",
                "stock": "SHOP",
                "time": "2024-08-01T16:41:27.702053-04:00",
                "price": 56.55,
                "share": 34.0,
                "remain_portion": 0
            }
        ],
        "CEG": [
            {
                "uuid": "00000000-0000-0000-0000-0000000000",
                "stock": "CEG",
                "time": "2024-08-01T07:26:32.591274-04:00",
                "price": 193.3875,
                "share": 53.45,
                "remain_portion": -1
            },
            {
                "uuid": "a701da3e-c345-458f-b533-ea36c5a4582f",
                "stock": "CEG",
                "time": "2024-08-01T14:51:36.504294-04:00",
                "price": 177.27,
                "share": 5.640000000000001,
                "remain_portion": 11
            }
        ],
        "MU": [
            {
                "uuid": "00000000-0000-0000-0000-0000000000",
                "stock": "MU",
                "time": "2024-08-01T07:26:32.591234-04:00",
                "price": 125.4544,
                "share": 86.76,
                "remain_portion": -1
            },
            {
                "uuid": "6930ede8-f5cb-4bea-b6ae-9846e05bf814",
                "stock": "MU",
                "time": "2024-08-01T14:54:05.643987-04:00",
                "price": 100.26,
                "share": 9.969999999999999,
                "remain_portion": 10
            }
        ],
        "HIMS": []
    },
    "active_pnl": {
        "TSLA": 11.99,
        "NVDA": -5.96,
        "META": 7.47,
        "MSFT": -590.11,
        "IBM": 6.39,
        "PLTR": -3.47,
        "BA": -1.85,
        "SNOW": -50.26,
        "GOOGL": -292.93,
        "COIN": 0,
        "SMCI": -519.73,
        "HOOD": -1016.39,
        "CRWD": -1343.88,
        "LULU": -575.75,
        "PANW": 0,
        "AMD": -909.61,
        "ARM": 0,
        "BABA": -16.8,
        "CELH": -2399.53,
        "QCOM": -266.94,
        "AAPL": -1.97,
        "DELL": -2218.95,
        "SHOP": -806.37,
        "CEG": -555.39,
        "MU": -2196.51,
        "HIMS": 0
    },
    "active_pnl_percentage": {
        "TSLA": 0.42,
        "NVDA": -8.92,
        "META": 0.3,
        "MSFT": -6.85,
        "IBM": 0.64,
        "PLTR": -0.39,
        "BA": -0.09,
        "SNOW": -5.52,
        "GOOGL": -4.52,
        "COIN": 0,
        "SMCI": -20.74,
        "HOOD": -10.23,
        "CRWD": -28.22,
        "LULU": -11.52,
        "PANW": 0,
        "AMD": -11.45,
        "ARM": 0,
        "BABA": -0.87,
        "CELH": -15.26,
        "QCOM": -7.81,
        "AAPL": -1.73,
        "DELL": -15.41,
        "SHOP": -9.08,
        "CEG": -4.9,
        "MU": -18.48,
        "HIMS": 0
    }
}