{
    "time": "2024-08-15T20:00:32.288612-04:00",
    "daily_start_net_value": 112723.8996,
    "current_net_value": 117522.907,
    "daily_pnl": 4799.007400000002,
    "daily_pnl_percentage": 4.26,
    "remain_portion": 0,
    "positions": {
        "TSLA": 0.28,
        "NVDA": 0,
        "META": 0,
        "MSFT": 19.29,
        "IBM": 0,
        "PLTR": 0,
        "BA": 0,
        "SNOW": 21.9,
        "GOOGL": 65.67,
        "COIN": 0.08,
        "SMCI": 6.0,
        "HOOD": 548.82,
        "CRWD": 15.49,
        "LULU": 17.83,
        "PANW": 0,
        "AMD": 17.82,
        "ARM": 0,
        "BABA": 0,
        "CELH": 301.82,
        "QCOM": 7.14,
        "AAPL": 0,
        "DELL": 113.51,
        "SHOP": 0,
        "CEG": 17.44,
        "MU": 96.73,
        "HIMS": 184.24
    },
    "cash_position": 767.88,
    "active_orders": {
        "TSLA": [
            {
                "uuid": "f757e689-fced-4ed3-aabe-9dc45badb17a",
                "stock": "TSLA",
                "time": "2024-08-15T19:11:01.153441-04:00",
                "price": 209.4844,
                "share": 0.28,
                "remain_portion": -1
            }
        ],
        "NVDA": [],
        "META": [],
        "MSFT": [
            {
                "uuid": "00000000-0000-0000-0000-0000000000",
                "stock": "MSFT",
                "time": "2024-08-15T07:01:49.768093-04:00",
                "price": 446.5873,
                "share": 19.29,
                "remain_portion": -1
            }
        ],
        "IBM": [],
        "PLTR": [],
        "BA": [],
        "SNOW": [
            {
                "uuid": "00000000-0000-0000-0000-0000000000",
                "stock": "SNOW",
                "time": "2024-08-15T07:01:49.768271-04:00",
                "price": 129.91,
                "share": 14.0,
                "remain_portion": -1
            },
            {
                "uuid": "44354507-7738-4d1f-8484-2a54c22661dd",
                "stock": "SNOW",
                "time": "2024-08-15T15:47:03.248554-04:00",
                "price": 126.53,
                "share": 7.899999999999999,
                "remain_portion": 1
            }
        ],
        "GOOGL": [
            {
                "uuid": "00000000-0000-0000-0000-0000000000",
                "stock": "GOOGL",
                "time": "2024-08-15T07:01:49.768165-04:00",
                "price": 170.6342,
                "share": 65.67,
                "remain_portion": -1
            }
        ],
        "COIN": [
            {
                "uuid": "5ce5ce65-50c3-48b2-bfc6-6ce5ccb717a6",
                "stock": "COIN",
                "time": "2024-08-15T15:26:29.824253-04:00",
                "price": 197.01,
                "share": 0.08,
                "remain_portion": 2
            }
        ],
        "SMCI": [
            {
                "uuid": "00000000-0000-0000-0000-0000000000",
                "stock": "SMCI",
                "time": "2024-08-15T07:01:49.768230-04:00",
                "price": 684.4683,
                "share": 6.0,
                "remain_portion": -1
            }
        ],
        "HOOD": [
            {
                "uuid": "00000000-0000-0000-0000-0000000000",
                "stock": "HOOD",
                "time": "2024-08-15T07:01:49.768208-04:00",
                "price": 21.971,
                "share": 497.85,
                "remain_portion": -1
            },
            {
                "uuid": "80298e57-2c85-46e6-a47d-d4c49f1f5553",
                "stock": "HOOD",
                "time": "2024-08-15T15:21:25.033628-04:00",
                "price": 19.62,
                "share": 50.97000000000003,
                "remain_portion": 2
            }
        ],
        "CRWD": [
            {
                "uuid": "00000000-0000-0000-0000-0000000000",
                "stock": "CRWD",
                "time": "2024-08-15T07:01:49.768312-04:00",
                "price": 307.4512,
                "share": 15.49,
                "remain_portion": -1
            }
        ],
        "LULU": [
            {
                "uuid": "00000000-0000-0000-0000-0000000000",
                "stock": "LULU",
                "time": "2024-08-15T07:01:49.768250-04:00",
                "price": 280.291,
                "share": 17.83,
                "remain_portion": -1
            }
        ],
        "PANW": [],
        "AMD": [
            {
                "uuid": "ee174a24-fbc3-46e5-afc1-f4e5131979f4",
                "stock": "AMD",
                "time": "2024-08-15T19:46:27.685095-04:00",
                "price": 146.1976,
                "share": 17.82,
                "remain_portion": -1
            }
        ],
        "ARM": [],
        "BABA": [],
        "CELH": [
            {
                "uuid": "00000000-0000-0000-0000-0000000000",
                "stock": "CELH",
                "time": "2024-08-15T07:01:49.768292-04:00",
                "price": 52.0913,
                "share": 301.82,
                "remain_portion": -1
            }
        ],
        "QCOM": [
            {
                "uuid": "9e2a0499-70aa-466e-9c2c-db80674d39e6",
                "stock": "QCOM",
                "time": "2024-08-15T14:15:46.345662-04:00",
                "price": 170.8102,
                "share": 7.14,
                "remain_portion": -1
            }
        ],
        "AAPL": [],
        "DELL": [
            {
                "uuid": "00000000-0000-0000-0000-0000000000",
                "stock": "DELL",
                "time": "2024-08-15T07:01:49.768373-04:00",
                "price": 126.8585,
                "share": 113.51,
                "remain_portion": -1
            }
        ],
        "SHOP": [],
        "CEG": [
            {
                "uuid": "099bf822-50f4-45a2-a638-2d8f04521e7d",
                "stock": "CEG",
                "time": "2024-08-15T13:55:32.429391-04:00",
                "price": 191.1878,
                "share": 17.44,
                "remain_portion": -1
            },
            {
                "uuid": "a49c119d-7d74-4d27-8d40-ffa34086a6af",
                "stock": "CEG",
                "time": "2024-08-15T16:01:25.468655-04:00",
                "price": 190.44,
                "share": 0.0,
                "remain_portion": 0
            }
        ],
        "MU": [
            {
                "uuid": "00000000-0000-0000-0000-0000000000",
                "stock": "MU",
                "time": "2024-08-15T07:01:49.768392-04:00",
                "price": 122.8553,
                "share": 96.73,
                "remain_portion": -1
            }
        ],
        "HIMS": [
            {
                "uuid": "00000000-0000-0000-0000-0000000000",
                "stock": "HIMS",
                "time": "2024-08-15T07:01:49.768333-04:00",
                "price": 16.133,
                "share": 184.24,
                "remain_portion": -1
            }
        ]
    },
    "active_pnl": {
        "TSLA": 1.54,
        "NVDA": 0,
        "META": 0,
        "MSFT": -484.13,
        "IBM": 0,
        "PLTR": 0,
        "BA": 0,
        "SNOW": -30.04,
        "GOOGL": -605.1,
        "COIN": 0.07,
        "SMCI": -310.79,
        "HOOD": -1143.0,
        "CRWD": -718.13,
        "LULU": -379.62,
        "PANW": 0,
        "AMD": 16.97,
        "ARM": 0,
        "BABA": 0,
        "CELH": -3118.19,
        "QCOM": 20.35,
        "AAPL": 0,
        "DELL": -1815.99,
        "SHOP": 0,
        "CEG": 10.68,
        "MU": -1458.23,
        "HIMS": -61.35
    },
    "active_pnl_percentage": {
        "TSLA": 2.62,
        "NVDA": 0,
        "META": 0,
        "MSFT": -5.62,
        "IBM": 0,
        "PLTR": 0,
        "BA": 0,
        "SNOW": -1.07,
        "GOOGL": -5.4,
        "COIN": 0.46,
        "SMCI": -7.57,
        "HOOD": -9.57,
        "CRWD": -15.08,
        "LULU": -7.6,
        "PANW": 0,
        "AMD": 0.65,
        "ARM": 0,
        "BABA": 0,
        "CELH": -19.83,
        "QCOM": 1.67,
        "AAPL": 0,
        "DELL": -12.61,
        "SHOP": 0,
        "CEG": 0.32,
        "MU": -12.27,
        "HIMS": -2.06
    }
}