{
    "time": "2024-07-18T07:30:09.061142-04:00",
    "daily_start_net_value": 87579.4237,
    "current_net_value": 87579.4237,
    "daily_pnl": 0.0,
    "daily_pnl_percentage": 0.0,
    "remain_portion": 6,
    "positions": {
        "TSLA": 0,
        "NVDA": 22.13,
        "META": 5.96,
        "MSFT": 13.02,
        "IBM": 0,
        "PLTR": 0,
        "BA": 0,
        "SNOW": 13.38,
        "GOOGL": 40.5,
        "COIN": 0,
        "SMCI": 2.0,
        "HOOD": 83.28,
        "CRWD": 8.0,
        "LULU": 0,
        "PANW": 7.0,
        "AMD": 17.75,
        "ARM": 0,
        "BABA": 67.88,
        "CELH": 196.98,
        "QCOM": 4.82,
        "AAPL": 12.39,
        "DELL": 77.91,
        "SHOP": 59.45,
        "CEG": 36.0,
        "MU": 77.76,
        "HIMS": 44.0
    },
    "cash_position": 6088.48,
    "active_orders": {
        "TSLA": [],
        "NVDA": [
            {
                "uuid": "00000000-0000-0000-0000-0000000000",
                "stock": "NVDA",
                "time": "2024-07-18T07:01:39.867583-04:00",
                "price": 125.1503,
                "share": 22.13,
                "remain_portion": -1
            }
        ],
        "META": [
            {
                "uuid": "00000000-0000-0000-0000-0000000000",
                "stock": "META",
                "time": "2024-07-18T07:01:39.867375-04:00",
                "price": 509.2937,
                "share": 5.96,
                "remain_portion": -1
            }
        ],
        "MSFT": [
            {
                "uuid": "00000000-0000-0000-0000-0000000000",
                "stock": "MSFT",
                "time": "2024-07-18T07:01:39.867529-04:00",
                "price": 453.8241,
                "share": 13.02,
                "remain_portion": -1
            }
        ],
        "IBM": [],
        "PLTR": [],
        "BA": [],
        "SNOW": [
            {
                "uuid": "00000000-0000-0000-0000-0000000000",
                "stock": "SNOW",
                "time": "2024-07-18T07:01:39.867753-04:00",
                "price": 134.1754,
                "share": 13.38,
                "remain_portion": -1
            }
        ],
        "GOOGL": [
            {
                "uuid": "00000000-0000-0000-0000-0000000000",
                "stock": "GOOGL",
                "time": "2024-07-18T07:01:39.867616-04:00",
                "price": 184.4393,
                "share": 40.5,
                "remain_portion": -1
            }
        ],
        "COIN": [],
        "SMCI": [
            {
                "uuid": "00000000-0000-0000-0000-0000000000",
                "stock": "SMCI",
                "time": "2024-07-18T07:01:39.867716-04:00",
                "price": 869.365,
                "share": 2.0,
                "remain_portion": -1
            }
        ],
        "HOOD": [
            {
                "uuid": "00000000-0000-0000-0000-0000000000",
                "stock": "HOOD",
                "time": "2024-07-18T07:01:39.867644-04:00",
                "price": 23.8369,
                "share": 83.28,
                "remain_portion": -1
            }
        ],
        "CRWD": [
            {
                "uuid": "00000000-0000-0000-0000-0000000000",
                "stock": "CRWD",
                "time": "2024-07-18T07:01:39.867855-04:00",
                "price": 361.5375,
                "share": 8.0,
                "remain_portion": -1
            }
        ],
        "LULU": [],
        "PANW": [
            {
                "uuid": "00000000-0000-0000-0000-0000000000",
                "stock": "PANW",
                "time": "2024-07-18T07:01:39.867790-04:00",
                "price": 334.61,
                "share": 7.0,
                "remain_portion": -1
            }
        ],
        "AMD": [
            {
                "uuid": "00000000-0000-0000-0000-0000000000",
                "stock": "AMD",
                "time": "2024-07-18T07:01:39.867498-04:00",
                "price": 165.9466,
                "share": 17.75,
                "remain_portion": -1
            }
        ],
        "ARM": [],
        "BABA": [
            {
                "uuid": "00000000-0000-0000-0000-0000000000",
                "stock": "BABA",
                "time": "2024-07-18T07:01:39.867683-04:00",
                "price": 77.8315,
                "share": 67.88,
                "remain_portion": -1
            }
        ],
        "CELH": [
            {
                "uuid": "00000000-0000-0000-0000-0000000000",
                "stock": "CELH",
                "time": "2024-07-18T07:01:39.867827-04:00",
                "price": 54.6668,
                "share": 196.98,
                "remain_portion": -1
            }
        ],
        "QCOM": [
            {
                "uuid": "00000000-0000-0000-0000-0000000000",
                "stock": "QCOM",
                "time": "2024-07-18T07:01:39.867967-04:00",
                "price": 201.3545,
                "share": 4.82,
                "remain_portion": -1
            }
        ],
        "AAPL": [
            {
                "uuid": "00000000-0000-0000-0000-0000000000",
                "stock": "AAPL",
                "time": "2024-07-18T07:01:39.867557-04:00",
                "price": 229.0549,
                "share": 12.39,
                "remain_portion": -1
            }
        ],
        "DELL": [
            {
                "uuid": "00000000-0000-0000-0000-0000000000",
                "stock": "DELL",
                "time": "2024-07-18T07:01:39.868011-04:00",
                "price": 133.4984,
                "share": 77.91,
                "remain_portion": -1
            }
        ],
        "SHOP": [
            {
                "uuid": "00000000-0000-0000-0000-0000000000",
                "stock": "SHOP",
                "time": "2024-07-18T07:01:39.867909-04:00",
                "price": 66.6823,
                "share": 59.45,
                "remain_portion": -1
            }
        ],
        "CEG": [
            {
                "uuid": "00000000-0000-0000-0000-0000000000",
                "stock": "CEG",
                "time": "2024-07-18T07:01:39.868080-04:00",
                "price": 203.8425,
                "share": 36.0,
                "remain_portion": -1
            }
        ],
        "MU": [
            {
                "uuid": "00000000-0000-0000-0000-0000000000",
                "stock": "MU",
                "time": "2024-07-18T07:01:39.868051-04:00",
                "price": 127.7454,
                "share": 77.76,
                "remain_portion": -1
            }
        ],
        "HIMS": [
            {
                "uuid": "00000000-0000-0000-0000-0000000000",
                "stock": "HIMS",
                "time": "2024-07-18T07:01:39.867883-04:00",
                "price": 22.67,
                "share": 44.0,
                "remain_portion": -1
            }
        ]
    },
    "active_pnl": {
        "TSLA": 0,
        "NVDA": -102.91,
        "META": -259.16,
        "MSFT": -116.71,
        "IBM": 0,
        "PLTR": 0,
        "BA": 0,
        "SNOW": 14.51,
        "GOOGL": -109.73,
        "COIN": 0,
        "SMCI": -80.73,
        "HOOD": 39.4,
        "CRWD": -108.3,
        "LULU": 0,
        "PANW": -11.48,
        "AMD": -79.28,
        "ARM": 0,
        "BABA": -25.9,
        "CELH": -722.29,
        "QCOM": -42.73,
        "AAPL": 11.71,
        "DELL": -579.53,
        "SHOP": -82.18,
        "CEG": -624.33,
        "MU": -610.84,
        "HIMS": -26.4
    },
    "active_pnl_percentage": {
        "TSLA": 0,
        "NVDA": -3.72,
        "META": -8.54,
        "MSFT": -1.98,
        "IBM": 0,
        "PLTR": 0,
        "BA": 0,
        "SNOW": 0.81,
        "GOOGL": -1.47,
        "COIN": 0,
        "SMCI": -4.64,
        "HOOD": 1.98,
        "CRWD": -3.74,
        "LULU": 0,
        "PANW": -0.49,
        "AMD": -2.69,
        "ARM": 0,
        "BABA": -0.49,
        "CELH": -6.71,
        "QCOM": -4.4,
        "AAPL": 0.41,
        "DELL": -5.57,
        "SHOP": -2.07,
        "CEG": -8.51,
        "MU": -6.15,
        "HIMS": -2.65
    }
}