{
    "time": "2024-08-13T14:33:18.743372-04:00",
    "daily_start_net_value": 109741.4155,
    "current_net_value": 112384.1063,
    "daily_pnl": 2642.6907999999967,
    "daily_pnl_percentage": 2.41,
    "remain_portion": 5,
    "positions": {
        "TSLA": 18.25,
        "NVDA": 0.57,
        "META": 0,
        "MSFT": 19.29,
        "IBM": 15.27,
        "PLTR": 0,
        "BA": 27.28,
        "SNOW": 14.0,
        "GOOGL": 59.41,
        "COIN": 0,
        "SMCI": 6.0,
        "HOOD": 443.47,
        "CRWD": 15.49,
        "LULU": 17.83,
        "PANW": 0,
        "AMD": 60.44,
        "ARM": 0,
        "BABA": 0,
        "CELH": 301.82,
        "QCOM": 31.25,
        "AAPL": 0,
        "DELL": 113.51,
        "SHOP": 0,
        "CEG": 34.87,
        "MU": 96.73,
        "HIMS": 184.24
    },
    "cash_position": 5794.32,
    "active_orders": {
        "TSLA": [
            {
                "uuid": "00000000-0000-0000-0000-0000000000",
                "stock": "TSLA",
                "time": "2024-08-13T07:01:41.916715-04:00",
                "price": 211.0569,
                "share": 18.25,
                "remain_portion": -1
            }
        ],
        "NVDA": [
            {
                "uuid": "00000000-0000-0000-0000-0000000000",
                "stock": "NVDA",
                "time": "2024-08-13T07:01:41.916759-04:00",
                "price": 117.7549,
                "share": 0.57,
                "remain_portion": -1
            }
        ],
        "META": [],
        "MSFT": [
            {
                "uuid": "00000000-0000-0000-0000-0000000000",
                "stock": "MSFT",
                "time": "2024-08-13T07:01:41.916673-04:00",
                "price": 446.5873,
                "share": 19.29,
                "remain_portion": -1
            }
        ],
        "IBM": [
            {
                "uuid": "00000000-0000-0000-0000-0000000000",
                "stock": "IBM",
                "time": "2024-08-13T07:01:41.916892-04:00",
                "price": 190.7983,
                "share": 15.27,
                "remain_portion": -1
            }
        ],
        "PLTR": [],
        "BA": [
            {
                "uuid": "00000000-0000-0000-0000-0000000000",
                "stock": "BA",
                "time": "2024-08-13T07:01:41.916857-04:00",
                "price": 172.4164,
                "share": 27.28,
                "remain_portion": -1
            }
        ],
        "SNOW": [
            {
                "uuid": "00000000-0000-0000-0000-0000000000",
                "stock": "SNOW",
                "time": "2024-08-13T07:01:41.917128-04:00",
                "price": 129.91,
                "share": 14.0,
                "remain_portion": -1
            }
        ],
        "GOOGL": [
            {
                "uuid": "00000000-0000-0000-0000-0000000000",
                "stock": "GOOGL",
                "time": "2024-08-13T07:01:41.916811-04:00",
                "price": 171.7854,
                "share": 59.41,
                "remain_portion": -1
            }
        ],
        "COIN": [],
        "SMCI": [
            {
                "uuid": "00000000-0000-0000-0000-0000000000",
                "stock": "SMCI",
                "time": "2024-08-13T07:01:41.917023-04:00",
                "price": 684.4683,
                "share": 6.0,
                "remain_portion": -1
            }
        ],
        "HOOD": [
            {
                "uuid": "00000000-0000-0000-0000-0000000000",
                "stock": "HOOD",
                "time": "2024-08-13T07:01:41.916961-04:00",
                "price": 22.4114,
                "share": 443.47,
                "remain_portion": -1
            }
        ],
        "CRWD": [
            {
                "uuid": "00000000-0000-0000-0000-0000000000",
                "stock": "CRWD",
                "time": "2024-08-13T07:01:41.917265-04:00",
                "price": 307.4512,
                "share": 15.49,
                "remain_portion": -1
            }
        ],
        "LULU": [
            {
                "uuid": "00000000-0000-0000-0000-0000000000",
                "stock": "LULU",
                "time": "2024-08-13T07:01:41.917076-04:00",
                "price": 280.291,
                "share": 17.83,
                "remain_portion": -1
            }
        ],
        "PANW": [],
        "AMD": [
            {
                "uuid": "00000000-0000-0000-0000-0000000000",
                "stock": "AMD",
                "time": "2024-08-13T07:01:41.916526-04:00",
                "price": 147.0538,
                "share": 60.44,
                "remain_portion": -1
            }
        ],
        "ARM": [],
        "BABA": [],
        "CELH": [
            {
                "uuid": "00000000-0000-0000-0000-0000000000",
                "stock": "CELH",
                "time": "2024-08-13T07:01:41.917207-04:00",
                "price": 52.0913,
                "share": 301.82,
                "remain_portion": -1
            }
        ],
        "QCOM": [
            {
                "uuid": "00000000-0000-0000-0000-0000000000",
                "stock": "QCOM",
                "time": "2024-08-13T07:01:41.917414-04:00",
                "price": 171.5521,
                "share": 31.25,
                "remain_portion": -1
            }
        ],
        "AAPL": [],
        "DELL": [
            {
                "uuid": "00000000-0000-0000-0000-0000000000",
                "stock": "DELL",
                "time": "2024-08-13T07:01:41.917473-04:00",
                "price": 126.8585,
                "share": 113.51,
                "remain_portion": -1
            }
        ],
        "SHOP": [],
        "CEG": [
            {
                "uuid": "00000000-0000-0000-0000-0000000000",
                "stock": "CEG",
                "time": "2024-08-13T07:01:41.917571-04:00",
                "price": 191.8425,
                "share": 29.54,
                "remain_portion": -1
            },
            {
                "uuid": "c03eafcc-1107-4776-878c-77f7e36e36c7",
                "stock": "CEG",
                "time": "2024-08-13T11:56:19.091477-04:00",
                "price": 187.58,
                "share": 5.329999999999998,
                "remain_portion": 5
            }
        ],
        "MU": [
            {
                "uuid": "00000000-0000-0000-0000-0000000000",
                "stock": "MU",
                "time": "2024-08-13T07:01:41.917518-04:00",
                "price": 122.8553,
                "share": 96.73,
                "remain_portion": -1
            }
        ],
        "HIMS": [
            {
                "uuid": "00000000-0000-0000-0000-0000000000",
                "stock": "HIMS",
                "time": "2024-08-13T07:01:41.917339-04:00",
                "price": 17.68,
                "share": 55.0,
                "remain_portion": -1
            },
            {
                "uuid": "6c66ef7d-4bd6-4f69-bef2-35683524b40a",
                "stock": "HIMS",
                "time": "2024-08-13T11:26:53.651731-04:00",
                "price": 15.48,
                "share": 64.6,
                "remain_portion": 7
            },
            {
                "uuid": "ca65c094-0596-4c78-ab54-44a3c8145acc",
                "stock": "HIMS",
                "time": "2024-08-13T11:40:11.313523-04:00",
                "price": 15.47,
                "share": 64.64000000000001,
                "remain_portion": 6
            }
        ]
    },
    "active_pnl": {
        "TSLA": -75.13,
        "NVDA": -1.31,
        "META": 0,
        "MSFT": -621.28,
        "IBM": -3.64,
        "PLTR": 0,
        "BA": -146.53,
        "SNOW": -36.4,
        "GOOGL": -471.44,
        "COIN": 0,
        "SMCI": -703.43,
        "HOOD": -1719.07,
        "CRWD": -914.32,
        "LULU": -681.48,
        "PANW": 0,
        "AMD": -385.23,
        "ARM": 0,
        "BABA": 0,
        "CELH": -3789.74,
        "QCOM": -109.13,
        "AAPL": 0,
        "DELL": -3043.09,
        "SHOP": 0,
        "CEG": -45.02,
        "MU": -2444.88,
        "HIMS": -92.72
    },
    "active_pnl_percentage": {
        "TSLA": -1.99,
        "NVDA": -1.97,
        "META": 0,
        "MSFT": -7.22,
        "IBM": -0.12,
        "PLTR": 0,
        "BA": -3.12,
        "SNOW": -2.0,
        "GOOGL": -4.62,
        "COIN": 0,
        "SMCI": -17.1,
        "HOOD": -17.3,
        "CRWD": -19.22,
        "LULU": -13.64,
        "PANW": 0,
        "AMD": -4.34,
        "ARM": 0,
        "BABA": 0,
        "CELH": -24.1,
        "QCOM": -2.03,
        "AAPL": 0,
        "DELL": -21.15,
        "SHOP": 0,
        "CEG": -0.68,
        "MU": -20.58,
        "HIMS": -3.12
    }
}