{
    "time": "2024-07-01T07:30:08.775740-04:00",
    "daily_start_net_value": 83115.5106,
    "current_net_value": 83115.5106,
    "daily_pnl": 0.0,
    "daily_pnl_percentage": 0.0,
    "remain_portion": 85,
    "positions": {
        "TSLA": 0,
        "NVDA": 0.89,
        "META": 2.0,
        "MSFT": 1.0,
        "IBM": 29.43,
        "PLTR": 23.6,
        "BA": 0,
        "SNOW": 0,
        "GOOGL": 6.0,
        "COIN": 0,
        "SMCI": 0,
        "HOOD": 0,
        "CRWD": 0.55,
        "LULU": 5.0,
        "PANW": 0,
        "AMD": 0,
        "ARM": 0,
        "BABA": 56.92,
        "CELH": 10.0,
        "QCOM": 37.26,
        "AAPL": 0,
        "DELL": 8.32,
        "SHOP": 0,
        "CEG": 0,
        "MU": 21.72,
        "HIMS": 282.3
    },
    "cash_position": 51302.44,
    "active_orders": {
        "TSLA": [],
        "NVDA": [
            {
                "uuid": "00000000-0000-0000-0000-0000000000",
                "stock": "NVDA",
                "time": "2024-07-01T07:01:24.546401-04:00",
                "price": 123.6839,
                "share": 0.89,
                "remain_portion": -1
            }
        ],
        "META": [
            {
                "uuid": "00000000-0000-0000-0000-0000000000",
                "stock": "META",
                "time": "2024-07-01T07:01:24.546235-04:00",
                "price": 517.3,
                "share": 2.0,
                "remain_portion": -1
            }
        ],
        "MSFT": [
            {
                "uuid": "00000000-0000-0000-0000-0000000000",
                "stock": "MSFT",
                "time": "2024-07-01T07:01:24.546359-04:00",
                "price": 452.25,
                "share": 1.0,
                "remain_portion": -1
            }
        ],
        "IBM": [
            {
                "uuid": "00000000-0000-0000-0000-0000000000",
                "stock": "IBM",
                "time": "2024-07-01T07:01:24.546473-04:00",
                "price": 172.1005,
                "share": 29.43,
                "remain_portion": -1
            }
        ],
        "PLTR": [
            {
                "uuid": "00000000-0000-0000-0000-0000000000",
                "stock": "PLTR",
                "time": "2024-07-01T07:01:24.546578-04:00",
                "price": 25.4051,
                "share": 23.6,
                "remain_portion": -1
            }
        ],
        "BA": [],
        "SNOW": [],
        "GOOGL": [
            {
                "uuid": "00000000-0000-0000-0000-0000000000",
                "stock": "GOOGL",
                "time": "2024-07-01T07:01:24.546437-04:00",
                "price": 183.03,
                "share": 6.0,
                "remain_portion": -1
            }
        ],
        "COIN": [],
        "SMCI": [],
        "HOOD": [],
        "CRWD": [
            {
                "uuid": "00000000-0000-0000-0000-0000000000",
                "stock": "CRWD",
                "time": "2024-07-01T07:01:24.546647-04:00",
                "price": 386.8323,
                "share": 0.55,
                "remain_portion": -1
            }
        ],
        "LULU": [
            {
                "uuid": "00000000-0000-0000-0000-0000000000",
                "stock": "LULU",
                "time": "2024-07-01T07:01:24.546543-04:00",
                "price": 303.486,
                "share": 5.0,
                "remain_portion": -1
            }
        ],
        "PANW": [],
        "AMD": [],
        "ARM": [],
        "BABA": [
            {
                "uuid": "00000000-0000-0000-0000-0000000000",
                "stock": "BABA",
                "time": "2024-07-01T07:01:24.546509-04:00",
                "price": 72.7836,
                "share": 56.92,
                "remain_portion": -1
            }
        ],
        "CELH": [
            {
                "uuid": "00000000-0000-0000-0000-0000000000",
                "stock": "CELH",
                "time": "2024-07-01T07:01:24.546613-04:00",
                "price": 57.56,
                "share": 10.0,
                "remain_portion": -1
            }
        ],
        "QCOM": [
            {
                "uuid": "00000000-0000-0000-0000-0000000000",
                "stock": "QCOM",
                "time": "2024-07-01T07:01:24.546717-04:00",
                "price": 204.7194,
                "share": 37.26,
                "remain_portion": -1
            }
        ],
        "AAPL": [],
        "DELL": [
            {
                "uuid": "00000000-0000-0000-0000-0000000000",
                "stock": "DELL",
                "time": "2024-07-01T07:01:24.546752-04:00",
                "price": 139.4447,
                "share": 8.32,
                "remain_portion": -1
            }
        ],
        "SHOP": [],
        "CEG": [],
        "MU": [
            {
                "uuid": "00000000-0000-0000-0000-0000000000",
                "stock": "MU",
                "time": "2024-07-01T07:01:24.546787-04:00",
                "price": 140.8356,
                "share": 21.72,
                "remain_portion": -1
            }
        ],
        "HIMS": [
            {
                "uuid": "00000000-0000-0000-0000-0000000000",
                "stock": "HIMS",
                "time": "2024-07-01T07:01:24.546681-04:00",
                "price": 21.0686,
                "share": 282.3,
                "remain_portion": -1
            }
        ]
    },
    "active_pnl": {
        "TSLA": 0,
        "NVDA": -1.36,
        "META": -20.6,
        "MSFT": -3.7,
        "IBM": 25.0,
        "PLTR": 0.35,
        "BA": 0,
        "SNOW": 0,
        "GOOGL": 1.02,
        "COIN": 0,
        "SMCI": 0,
        "HOOD": 0,
        "CRWD": -2.0,
        "LULU": -23.93,
        "PANW": 0,
        "AMD": 0,
        "ARM": 0,
        "BABA": -23.54,
        "CELH": -10.6,
        "QCOM": -229.5,
        "AAPL": 0,
        "DELL": -8.86,
        "SHOP": 0,
        "CEG": 0,
        "MU": -228.4,
        "HIMS": -211.33
    },
    "active_pnl_percentage": {
        "TSLA": 0,
        "NVDA": -1.26,
        "META": -1.99,
        "MSFT": -0.82,
        "IBM": 0.49,
        "PLTR": 0.06,
        "BA": 0,
        "SNOW": 0,
        "GOOGL": 0.09,
        "COIN": 0,
        "SMCI": 0,
        "HOOD": 0,
        "CRWD": -0.94,
        "LULU": -1.58,
        "PANW": 0,
        "AMD": 0,
        "ARM": 0,
        "BABA": -0.57,
        "CELH": -1.84,
        "QCOM": -3.01,
        "AAPL": 0,
        "DELL": -0.76,
        "SHOP": 0,
        "CEG": 0,
        "MU": -7.47,
        "HIMS": -3.55
    }
}