{
    "time": "2024-07-09T12:33:11.961530-04:00",
    "daily_start_net_value": 84225.1358,
    "current_net_value": 84251.9536,
    "daily_pnl": 26.817799999989802,
    "daily_pnl_percentage": 0.03,
    "remain_portion": 29,
    "positions": {
        "TSLA": 0,
        "NVDA": 0,
        "META": 0,
        "MSFT": 2.17,
        "IBM": 10.68,
        "PLTR": 0,
        "BA": 27.19,
        "SNOW": 21.36,
        "GOOGL": 0,
        "COIN": 0,
        "SMCI": 0,
        "HOOD": 61.35,
        "CRWD": 0,
        "LULU": 18.18,
        "PANW": 0,
        "AMD": 0,
        "ARM": 0,
        "BABA": 25.91,
        "CELH": 123.66,
        "QCOM": 4.96,
        "AAPL": 0,
        "DELL": 0,
        "SHOP": 30.99,
        "CEG": 0,
        "MU": 37.06,
        "HIMS": 384.62
    },
    "cash_position": 29295.23,
    "active_orders": {
        "TSLA": [],
        "NVDA": [],
        "META": [],
        "MSFT": [
            {
                "uuid": "e28e6902-ff6e-487b-822d-3dcb63451042",
                "stock": "MSFT",
                "time": "2024-07-09T12:26:09.660350-04:00",
                "price": 461.16,
                "share": 2.17,
                "remain_portion": 29
            }
        ],
        "IBM": [
            {
                "uuid": "85b5f1ef-b0ad-42e8-835a-d1d165dbca44",
                "stock": "IBM",
                "time": "2024-07-09T08:55:44.164916-04:00",
                "price": 177.75330000000002,
                "share": 0.0,
                "remain_portion": 40
            },
            {
                "uuid": "b28815e5-7972-4714-a35d-017522a24395",
                "stock": "IBM",
                "time": "2024-07-09T10:25:56.781445-04:00",
                "price": 176.19,
                "share": 5.0,
                "remain_portion": 34
            },
            {
                "uuid": "f6e54de6-ac49-4ebc-8063-9f0112e6db12",
                "stock": "IBM",
                "time": "2024-07-09T11:25:40.244254-04:00",
                "price": 175.87,
                "share": 5.68,
                "remain_portion": 30
            }
        ],
        "PLTR": [],
        "BA": [
            {
                "uuid": "00000000-0000-0000-0000-0000000000",
                "stock": "BA",
                "time": "2024-07-09T07:03:23.966835-04:00",
                "price": 183.8738,
                "share": 27.19,
                "remain_portion": -1
            }
        ],
        "SNOW": [
            {
                "uuid": "68b67208-97dd-4cb9-aad7-93d9a9045261",
                "stock": "SNOW",
                "time": "2024-07-09T08:40:18.205175-04:00",
                "price": 141.35000000000002,
                "share": 7.0,
                "remain_portion": 43
            },
            {
                "uuid": "c14f1d0a-16c9-4fd4-b260-e998564da29f",
                "stock": "SNOW",
                "time": "2024-07-09T09:36:24.472415-04:00",
                "price": 140.65,
                "share": 7.109999999999999,
                "remain_portion": 37
            },
            {
                "uuid": "0367d703-de0a-4f5e-9762-1ccaaec8c6a3",
                "stock": "SNOW",
                "time": "2024-07-09T10:26:00.118557-04:00",
                "price": 137.88,
                "share": 7.25,
                "remain_portion": 33
            },
            {
                "uuid": "91ea28dc-b9a5-4d6e-b643-640039273f53",
                "stock": "SNOW",
                "time": "2024-07-09T11:15:31.893115-04:00",
                "price": 136.65,
                "share": 7.32,
                "remain_portion": 31
            }
        ],
        "GOOGL": [],
        "COIN": [],
        "SMCI": [],
        "HOOD": [
            {
                "uuid": "c009d10d-0c2a-4e5d-b22c-abac9373a71c",
                "stock": "HOOD",
                "time": "2024-07-09T12:21:05.694947-04:00",
                "price": 22.3169,
                "share": 61.35,
                "remain_portion": -1
            }
        ],
        "CRWD": [],
        "LULU": [
            {
                "uuid": "00000000-0000-0000-0000-0000000000",
                "stock": "LULU",
                "time": "2024-07-09T07:03:23.967022-04:00",
                "price": 297.5685,
                "share": 15.18,
                "remain_portion": -1
            },
            {
                "uuid": "9b2a277f-8428-4c42-ab9a-5a8d54a1fd0b",
                "stock": "LULU",
                "time": "2024-07-09T08:45:25.145807-04:00",
                "price": 294.55,
                "share": 3.0,
                "remain_portion": 41
            }
        ],
        "PANW": [],
        "AMD": [],
        "ARM": [],
        "BABA": [
            {
                "uuid": "e0bc5053-eb47-4faa-b877-1be7018e8d89",
                "stock": "BABA",
                "time": "2024-07-09T11:21:37.269216-04:00",
                "price": 72.9901,
                "share": 25.91,
                "remain_portion": -1
            }
        ],
        "CELH": [
            {
                "uuid": "00000000-0000-0000-0000-0000000000",
                "stock": "CELH",
                "time": "2024-07-09T07:03:23.967048-04:00",
                "price": 55.8796,
                "share": 52.0,
                "remain_portion": -1
            },
            {
                "uuid": "3110943d-bea6-4c34-a2d8-b3597e615131",
                "stock": "CELH",
                "time": "2024-07-09T08:00:50.318100-04:00",
                "price": 55.61,
                "share": 0.0,
                "remain_portion": 45
            },
            {
                "uuid": "8a2087fb-1605-4e3c-b9eb-f7d304cb5bb6",
                "stock": "CELH",
                "time": "2024-07-09T08:40:20.902315-04:00",
                "price": 55.75,
                "share": 34.0,
                "remain_portion": 42
            },
            {
                "uuid": "8dfc85b2-660e-4f08-925f-c4677d54e3c8",
                "stock": "CELH",
                "time": "2024-07-09T10:05:42.138218-04:00",
                "price": 53.55,
                "share": 18.680000000000007,
                "remain_portion": 36
            },
            {
                "uuid": "7be15c1b-386e-48e0-b43f-630c1bcbb6e4",
                "stock": "CELH",
                "time": "2024-07-09T10:26:03.612444-04:00",
                "price": 52.67,
                "share": 18.97999999999999,
                "remain_portion": 32
            }
        ],
        "QCOM": [
            {
                "uuid": "00000000-0000-0000-0000-0000000000",
                "stock": "QCOM",
                "time": "2024-07-09T07:03:23.967125-04:00",
                "price": 205.0916,
                "share": 0.96,
                "remain_portion": -1
            },
            {
                "uuid": "e5bea606-2925-48be-866c-86e25b16d443",
                "stock": "QCOM",
                "time": "2024-07-09T08:35:11.119568-04:00",
                "price": 206.70000000000002,
                "share": 4.0,
                "remain_portion": 44
            }
        ],
        "AAPL": [],
        "DELL": [],
        "SHOP": [
            {
                "uuid": "00000000-0000-0000-0000-0000000000",
                "stock": "SHOP",
                "time": "2024-07-09T07:03:23.967099-04:00",
                "price": 67.1672,
                "share": 0.78,
                "remain_portion": -1
            },
            {
                "uuid": "044aad96-18d6-497d-a125-e120944f318f",
                "stock": "SHOP",
                "time": "2024-07-09T10:20:53.280663-04:00",
                "price": 66.34,
                "share": 15.07,
                "remain_portion": 35
            },
            {
                "uuid": "2bfb5243-fc63-4916-9c66-fab5ad5a7e70",
                "stock": "SHOP",
                "time": "2024-07-09T10:36:21.141041-04:00",
                "price": 66.06,
                "share": 15.139999999999999,
                "remain_portion": 31
            }
        ],
        "CEG": [],
        "MU": [
            {
                "uuid": "00000000-0000-0000-0000-0000000000",
                "stock": "MU",
                "time": "2024-07-09T07:03:23.967151-04:00",
                "price": 136.5127,
                "share": 37.06,
                "remain_portion": -1
            }
        ],
        "HIMS": [
            {
                "uuid": "00000000-0000-0000-0000-0000000000",
                "stock": "HIMS",
                "time": "2024-07-09T07:03:23.967074-04:00",
                "price": 20.6147,
                "share": 144.62,
                "remain_portion": -1
            },
            {
                "uuid": "36765718-880e-4f93-ae76-51aa8364969e",
                "stock": "HIMS",
                "time": "2024-07-09T07:40:33.775013-04:00",
                "price": 20.530510000000003,
                "share": 0.0,
                "remain_portion": 46
            },
            {
                "uuid": "4caac4fc-d6a1-49f8-b0a1-2f59828feb3b",
                "stock": "HIMS",
                "time": "2024-07-09T08:50:29.281164-04:00",
                "price": 20.54052,
                "share": 240.0,
                "remain_portion": 41
            }
        ]
    },
    "active_pnl": {
        "TSLA": 0,
        "NVDA": 0,
        "META": 0,
        "MSFT": -0.76,
        "IBM": 1.66,
        "PLTR": 0,
        "BA": 39.19,
        "SNOW": -66.67,
        "GOOGL": 0,
        "COIN": 0,
        "SMCI": 0,
        "HOOD": 42.52,
        "CRWD": 0,
        "LULU": -148.81,
        "PANW": 0,
        "AMD": 0,
        "ARM": 0,
        "BABA": 66.72,
        "CELH": -176.15,
        "QCOM": 4.02,
        "AAPL": 0,
        "DELL": 0,
        "SHOP": 8.86,
        "CEG": 0,
        "MU": -163.53,
        "HIMS": -60.93
    },
    "active_pnl_percentage": {
        "TSLA": 0,
        "NVDA": 0,
        "META": 0,
        "MSFT": -0.08,
        "IBM": 0.09,
        "PLTR": 0,
        "BA": 0.77,
        "SNOW": -1.67,
        "GOOGL": 0,
        "COIN": 0,
        "SMCI": 0,
        "HOOD": 3.06,
        "CRWD": 0,
        "LULU": -2.8,
        "PANW": 0,
        "AMD": 0,
        "ARM": 0,
        "BABA": 3.53,
        "CELH": -2.59,
        "QCOM": 0.39,
        "AAPL": 0,
        "DELL": 0,
        "SHOP": 0.39,
        "CEG": 0,
        "MU": -3.23,
        "HIMS": -0.72
    }
}