{
    "time": "2024-07-11T07:30:07.775909-04:00",
    "daily_start_net_value": 84957.4778,
    "current_net_value": 84957.4778,
    "daily_pnl": 0.0,
    "daily_pnl_percentage": 0.0,
    "remain_portion": 53,
    "positions": {
        "TSLA": 6.0,
        "NVDA": 0,
        "META": 0,
        "MSFT": 0,
        "IBM": 0,
        "PLTR": 0,
        "BA": 17.44,
        "SNOW": 36.56,
        "GOOGL": 0,
        "COIN": 0,
        "SMCI": 0,
        "HOOD": 45.19,
        "CRWD": 2.6,
        "LULU": 27.69,
        "PANW": 0,
        "AMD": 0,
        "ARM": 0,
        "BABA": 0,
        "CELH": 0,
        "QCOM": 0,
        "AAPL": 0,
        "DELL": 0,
        "SHOP": 46.9,
        "CEG": 0,
        "MU": 22.33,
        "HIMS": 257.89
    },
    "cash_position": 53861.36,
    "active_orders": {
        "TSLA": [
            {
                "uuid": "00000000-0000-0000-0000-0000000000",
                "stock": "TSLA",
                "time": "2024-07-11T07:01:23.967060-04:00",
                "price": 262.17,
                "share": 6.0,
                "remain_portion": -1
            }
        ],
        "NVDA": [],
        "META": [],
        "MSFT": [],
        "IBM": [],
        "PLTR": [],
        "BA": [
            {
                "uuid": "00000000-0000-0000-0000-0000000000",
                "stock": "BA",
                "time": "2024-07-11T07:01:23.967206-04:00",
                "price": 183.8827,
                "share": 17.44,
                "remain_portion": -1
            }
        ],
        "SNOW": [
            {
                "uuid": "00000000-0000-0000-0000-0000000000",
                "stock": "SNOW",
                "time": "2024-07-11T07:01:23.967327-04:00",
                "price": 137.5924,
                "share": 36.56,
                "remain_portion": -1
            }
        ],
        "GOOGL": [],
        "COIN": [],
        "SMCI": [],
        "HOOD": [
            {
                "uuid": "00000000-0000-0000-0000-0000000000",
                "stock": "HOOD",
                "time": "2024-07-11T07:01:23.967252-04:00",
                "price": 22.3001,
                "share": 45.19,
                "remain_portion": -1
            }
        ],
        "CRWD": [
            {
                "uuid": "00000000-0000-0000-0000-0000000000",
                "stock": "CRWD",
                "time": "2024-07-11T07:01:23.967363-04:00",
                "price": 384.4385,
                "share": 2.6,
                "remain_portion": -1
            }
        ],
        "LULU": [
            {
                "uuid": "00000000-0000-0000-0000-0000000000",
                "stock": "LULU",
                "time": "2024-07-11T07:01:23.967292-04:00",
                "price": 293.6294,
                "share": 27.69,
                "remain_portion": -1
            }
        ],
        "PANW": [],
        "AMD": [],
        "ARM": [],
        "BABA": [],
        "CELH": [],
        "QCOM": [],
        "AAPL": [],
        "DELL": [],
        "SHOP": [
            {
                "uuid": "00000000-0000-0000-0000-0000000000",
                "stock": "SHOP",
                "time": "2024-07-11T07:01:23.967439-04:00",
                "price": 65.3947,
                "share": 46.9,
                "remain_portion": -1
            }
        ],
        "CEG": [],
        "MU": [
            {
                "uuid": "00000000-0000-0000-0000-0000000000",
                "stock": "MU",
                "time": "2024-07-11T07:01:23.967475-04:00",
                "price": 135.663,
                "share": 22.33,
                "remain_portion": -1
            }
        ],
        "HIMS": [
            {
                "uuid": "00000000-0000-0000-0000-0000000000",
                "stock": "HIMS",
                "time": "2024-07-11T07:01:23.967398-04:00",
                "price": 20.2633,
                "share": 257.89,
                "remain_portion": -1
            }
        ]
    },
    "active_pnl": {
        "TSLA": 4.98,
        "NVDA": 0,
        "META": 0,
        "MSFT": 0,
        "IBM": 0,
        "PLTR": 0,
        "BA": -4.06,
        "SNOW": -10.69,
        "GOOGL": 0,
        "COIN": 0,
        "SMCI": 0,
        "HOOD": 1.8,
        "CRWD": -24.88,
        "LULU": -146.45,
        "PANW": 0,
        "AMD": 0,
        "ARM": 0,
        "BABA": 0,
        "CELH": 0,
        "QCOM": 0,
        "AAPL": 0,
        "DELL": 0,
        "SHOP": -13.35,
        "CEG": 0,
        "MU": 8.42,
        "HIMS": -8.59
    },
    "active_pnl_percentage": {
        "TSLA": 0.32,
        "NVDA": 0,
        "META": 0,
        "MSFT": 0,
        "IBM": 0,
        "PLTR": 0,
        "BA": -0.13,
        "SNOW": -0.21,
        "GOOGL": 0,
        "COIN": 0,
        "SMCI": 0,
        "HOOD": 0.18,
        "CRWD": -2.49,
        "LULU": -1.8,
        "PANW": 0,
        "AMD": 0,
        "ARM": 0,
        "BABA": 0,
        "CELH": 0,
        "QCOM": 0,
        "AAPL": 0,
        "DELL": 0,
        "SHOP": -0.44,
        "CEG": 0,
        "MU": 0.28,
        "HIMS": -0.16
    }
}