{
    "time": "2024-08-12T17:55:27.977634-04:00",
    "daily_start_net_value": 109049.9272,
    "current_net_value": 109741.4155,
    "daily_pnl": 691.4882999999973,
    "daily_pnl_percentage": 0.63,
    "remain_portion": 0,
    "positions": {
        "TSLA": 18.25,
        "NVDA": 0.57,
        "META": 0,
        "MSFT": 19.29,
        "IBM": 15.27,
        "PLTR": 0,
        "BA": 27.28,
        "SNOW": 14.0,
        "GOOGL": 59.41,
        "COIN": 0,
        "SMCI": 6.0,
        "HOOD": 443.47,
        "CRWD": 15.49,
        "LULU": 17.83,
        "PANW": 0,
        "AMD": 60.44,
        "ARM": 0,
        "BABA": 0,
        "CELH": 301.82,
        "QCOM": 31.25,
        "AAPL": 0,
        "DELL": 113.51,
        "SHOP": 0,
        "CEG": 29.54,
        "MU": 96.73,
        "HIMS": 55.0
    },
    "cash_position": 313.18,
    "active_orders": {
        "TSLA": [
            {
                "uuid": "00000000-0000-0000-0000-0000000000",
                "stock": "TSLA",
                "time": "2024-08-12T07:02:29.176520-04:00",
                "price": 211.0569,
                "share": 18.25,
                "remain_portion": -1
            }
        ],
        "NVDA": [
            {
                "uuid": "00000000-0000-0000-0000-0000000000",
                "stock": "NVDA",
                "time": "2024-08-12T07:02:29.176568-04:00",
                "price": 117.7549,
                "share": 0.57,
                "remain_portion": -1
            }
        ],
        "META": [],
        "MSFT": [
            {
                "uuid": "00000000-0000-0000-0000-0000000000",
                "stock": "MSFT",
                "time": "2024-08-12T07:02:29.176479-04:00",
                "price": 446.5873,
                "share": 19.29,
                "remain_portion": -1
            }
        ],
        "IBM": [
            {
                "uuid": "90a42456-5606-431a-9b39-ab27ac408862",
                "stock": "IBM",
                "time": "2024-08-12T08:26:44.601377-04:00",
                "price": 191.45000000000002,
                "share": 0.0,
                "remain_portion": 4
            },
            {
                "uuid": "ce25665a-44fc-4869-965e-0aaf7a057fd6",
                "stock": "IBM",
                "time": "2024-08-12T08:41:02.740550-04:00",
                "price": 191.4,
                "share": 5.0,
                "remain_portion": 3
            },
            {
                "uuid": "b2b2e68b-56db-49b9-999d-b232fa6bf3f0",
                "stock": "IBM",
                "time": "2024-08-12T09:50:47.290144-04:00",
                "price": 189.61,
                "share": 10.27,
                "remain_portion": 0
            }
        ],
        "PLTR": [],
        "BA": [
            {
                "uuid": "00000000-0000-0000-0000-0000000000",
                "stock": "BA",
                "time": "2024-08-12T07:02:29.176653-04:00",
                "price": 173.421,
                "share": 22.28,
                "remain_portion": -1
            },
            {
                "uuid": "d588796f-4f62-4360-9f8c-c0638f120bde",
                "stock": "BA",
                "time": "2024-08-12T09:11:13.865816-04:00",
                "price": 167.99,
                "share": 5.0,
                "remain_portion": 2
            }
        ],
        "SNOW": [
            {
                "uuid": "00000000-0000-0000-0000-0000000000",
                "stock": "SNOW",
                "time": "2024-08-12T07:02:29.176849-04:00",
                "price": 129.91,
                "share": 14.0,
                "remain_portion": -1
            }
        ],
        "GOOGL": [
            {
                "uuid": "00000000-0000-0000-0000-0000000000",
                "stock": "GOOGL",
                "time": "2024-08-12T07:02:29.176605-04:00",
                "price": 171.7854,
                "share": 59.41,
                "remain_portion": -1
            }
        ],
        "COIN": [],
        "SMCI": [
            {
                "uuid": "00000000-0000-0000-0000-0000000000",
                "stock": "SMCI",
                "time": "2024-08-12T07:02:29.176765-04:00",
                "price": 684.4683,
                "share": 6.0,
                "remain_portion": -1
            }
        ],
        "HOOD": [
            {
                "uuid": "00000000-0000-0000-0000-0000000000",
                "stock": "HOOD",
                "time": "2024-08-12T07:02:29.176692-04:00",
                "price": 22.4114,
                "share": 443.47,
                "remain_portion": -1
            }
        ],
        "CRWD": [
            {
                "uuid": "00000000-0000-0000-0000-0000000000",
                "stock": "CRWD",
                "time": "2024-08-12T07:02:29.176933-04:00",
                "price": 307.4512,
                "share": 15.49,
                "remain_portion": -1
            }
        ],
        "LULU": [
            {
                "uuid": "00000000-0000-0000-0000-0000000000",
                "stock": "LULU",
                "time": "2024-08-12T07:02:29.176813-04:00",
                "price": 280.291,
                "share": 17.83,
                "remain_portion": -1
            }
        ],
        "PANW": [],
        "AMD": [
            {
                "uuid": "00000000-0000-0000-0000-0000000000",
                "stock": "AMD",
                "time": "2024-08-12T07:02:29.176343-04:00",
                "price": 147.0538,
                "share": 60.44,
                "remain_portion": -1
            }
        ],
        "ARM": [],
        "BABA": [],
        "CELH": [
            {
                "uuid": "00000000-0000-0000-0000-0000000000",
                "stock": "CELH",
                "time": "2024-08-12T07:02:29.176886-04:00",
                "price": 52.0913,
                "share": 301.82,
                "remain_portion": -1
            }
        ],
        "QCOM": [
            {
                "uuid": "00000000-0000-0000-0000-0000000000",
                "stock": "QCOM",
                "time": "2024-08-12T07:02:29.177012-04:00",
                "price": 177.3508,
                "share": 19.25,
                "remain_portion": -1
            },
            {
                "uuid": "3588c09c-7644-4b98-a083-f08704827390",
                "stock": "QCOM",
                "time": "2024-08-12T07:40:35.135907-04:00",
                "price": 162.25,
                "share": 0.0,
                "remain_portion": 6
            },
            {
                "uuid": "4560f3fe-16a1-4674-8582-8fb4ad44c62d",
                "stock": "QCOM",
                "time": "2024-08-12T07:55:41.855967-04:00",
                "price": 162.25,
                "share": 6.0,
                "remain_portion": 5
            }
        ],
        "AAPL": [],
        "DELL": [
            {
                "uuid": "00000000-0000-0000-0000-0000000000",
                "stock": "DELL",
                "time": "2024-08-12T07:02:29.177048-04:00",
                "price": 126.8585,
                "share": 113.51,
                "remain_portion": -1
            }
        ],
        "SHOP": [],
        "CEG": [
            {
                "uuid": "9e36e1b9-1008-42cf-babf-7f073fbe0151",
                "stock": "CEG",
                "time": "2024-08-12T09:35:37.866209-04:00",
                "price": 191.8425,
                "share": 29.54,
                "remain_portion": -1
            }
        ],
        "MU": [
            {
                "uuid": "00000000-0000-0000-0000-0000000000",
                "stock": "MU",
                "time": "2024-08-12T07:02:29.177104-04:00",
                "price": 122.8553,
                "share": 96.73,
                "remain_portion": -1
            }
        ],
        "HIMS": [
            {
                "uuid": "00000000-0000-0000-0000-0000000000",
                "stock": "HIMS",
                "time": "2024-08-12T07:02:29.176969-04:00",
                "price": 17.68,
                "share": 55.0,
                "remain_portion": -1
            }
        ]
    },
    "active_pnl": {
        "TSLA": -243.95,
        "NVDA": -5.12,
        "META": 0,
        "MSFT": -778.49,
        "IBM": -10.94,
        "PLTR": 0,
        "BA": -218.94,
        "SNOW": -95.34,
        "GOOGL": -554.62,
        "COIN": 0,
        "SMCI": -857.81,
        "HOOD": -1716.85,
        "CRWD": -1068.05,
        "LULU": -709.65,
        "PANW": 0,
        "AMD": -649.36,
        "ARM": 0,
        "BABA": 0,
        "CELH": -4274.16,
        "QCOM": -297.0,
        "AAPL": 0,
        "DELL": -3610.41,
        "SHOP": 0,
        "CEG": -133.3,
        "MU": -2732.17,
        "HIMS": -86.9
    },
    "active_pnl_percentage": {
        "TSLA": -6.33,
        "NVDA": -7.62,
        "META": 0,
        "MSFT": -9.04,
        "IBM": -0.38,
        "PLTR": 0,
        "BA": -4.65,
        "SNOW": -5.24,
        "GOOGL": -5.43,
        "COIN": 0,
        "SMCI": -20.89,
        "HOOD": -17.27,
        "CRWD": -22.43,
        "LULU": -14.2,
        "PANW": 0,
        "AMD": -7.31,
        "ARM": 0,
        "BABA": 0,
        "CELH": -27.19,
        "QCOM": -6.77,
        "AAPL": 0,
        "DELL": -25.07,
        "SHOP": 0,
        "CEG": -2.35,
        "MU": -22.99,
        "HIMS": -8.94
    }
}