{
    "time": "2024-07-31T09:31:01.808391-04:00",
    "daily_start_net_value": 112799.275,
    "current_net_value": 117757.6921,
    "daily_pnl": 4958.417100000006,
    "daily_pnl_percentage": 4.4,
    "remain_portion": 3,
    "positions": {
        "TSLA": 0,
        "NVDA": 57.14,
        "META": 10.0,
        "MSFT": 17.29,
        "IBM": 0,
        "PLTR": 0,
        "BA": 0,
        "SNOW": 0,
        "GOOGL": 36.41,
        "COIN": 0,
        "SMCI": 3.0,
        "HOOD": 393.27,
        "CRWD": 11.0,
        "LULU": 17.83,
        "PANW": 0,
        "AMD": 38.86,
        "ARM": 13.35,
        "BABA": 0,
        "CELH": 301.82,
        "QCOM": 26.07,
        "AAPL": 21.04,
        "DELL": 113.51,
        "SHOP": 92.14,
        "CEG": 53.45,
        "MU": 86.76,
        "HIMS": 0
    },
    "cash_position": 3939.88,
    "active_orders": {
        "TSLA": [],
        "NVDA": [
            {
                "uuid": "00000000-0000-0000-0000-0000000000",
                "stock": "NVDA",
                "time": "2024-07-31T07:01:37.577444-04:00",
                "price": 117.7549,
                "share": 57.14,
                "remain_portion": -1
            }
        ],
        "META": [
            {
                "uuid": "00000000-0000-0000-0000-0000000000",
                "stock": "META",
                "time": "2024-07-31T07:01:37.577200-04:00",
                "price": 498.0661,
                "share": 10.0,
                "remain_portion": -1
            }
        ],
        "MSFT": [
            {
                "uuid": "00000000-0000-0000-0000-0000000000",
                "stock": "MSFT",
                "time": "2024-07-31T07:01:37.577393-04:00",
                "price": 450.417,
                "share": 17.29,
                "remain_portion": -1
            }
        ],
        "IBM": [],
        "PLTR": [],
        "BA": [],
        "SNOW": [],
        "GOOGL": [
            {
                "uuid": "00000000-0000-0000-0000-0000000000",
                "stock": "GOOGL",
                "time": "2024-07-31T07:01:37.577474-04:00",
                "price": 178.1352,
                "share": 36.41,
                "remain_portion": -1
            }
        ],
        "COIN": [],
        "SMCI": [
            {
                "uuid": "00000000-0000-0000-0000-0000000000",
                "stock": "SMCI",
                "time": "2024-07-31T07:01:37.577544-04:00",
                "price": 835.2433,
                "share": 3.0,
                "remain_portion": -1
            }
        ],
        "HOOD": [
            {
                "uuid": "00000000-0000-0000-0000-0000000000",
                "stock": "HOOD",
                "time": "2024-07-31T07:01:37.577503-04:00",
                "price": 22.73,
                "share": 393.27,
                "remain_portion": -1
            }
        ],
        "CRWD": [
            {
                "uuid": "00000000-0000-0000-0000-0000000000",
                "stock": "CRWD",
                "time": "2024-07-31T07:01:37.577689-04:00",
                "price": 342.1445,
                "share": 11.0,
                "remain_portion": -1
            }
        ],
        "LULU": [
            {
                "uuid": "00000000-0000-0000-0000-0000000000",
                "stock": "LULU",
                "time": "2024-07-31T07:01:37.577575-04:00",
                "price": 280.291,
                "share": 17.83,
                "remain_portion": -1
            }
        ],
        "PANW": [],
        "AMD": [
            {
                "uuid": "00000000-0000-0000-0000-0000000000",
                "stock": "AMD",
                "time": "2024-07-31T07:01:37.577352-04:00",
                "price": 152.9862,
                "share": 38.86,
                "remain_portion": -1
            }
        ],
        "ARM": [
            {
                "uuid": "f387fdba-5eee-4ec9-9c8b-ba27ce545e5c",
                "stock": "ARM",
                "time": "2024-07-31T08:31:47.670340-04:00",
                "price": 140.8479,
                "share": 13.35,
                "remain_portion": -1
            }
        ],
        "BABA": [],
        "CELH": [
            {
                "uuid": "00000000-0000-0000-0000-0000000000",
                "stock": "CELH",
                "time": "2024-07-31T07:01:37.577650-04:00",
                "price": 52.0913,
                "share": 301.82,
                "remain_portion": -1
            }
        ],
        "QCOM": [
            {
                "uuid": "00000000-0000-0000-0000-0000000000",
                "stock": "QCOM",
                "time": "2024-07-31T07:01:37.577756-04:00",
                "price": 184.652,
                "share": 26.07,
                "remain_portion": -1
            }
        ],
        "AAPL": [
            {
                "uuid": "00000000-0000-0000-0000-0000000000",
                "stock": "AAPL",
                "time": "2024-07-31T07:01:37.577423-04:00",
                "price": 223.6602,
                "share": 21.04,
                "remain_portion": -1
            }
        ],
        "DELL": [
            {
                "uuid": "00000000-0000-0000-0000-0000000000",
                "stock": "DELL",
                "time": "2024-07-31T07:01:37.577786-04:00",
                "price": 126.8585,
                "share": 113.51,
                "remain_portion": -1
            }
        ],
        "SHOP": [
            {
                "uuid": "00000000-0000-0000-0000-0000000000",
                "stock": "SHOP",
                "time": "2024-07-31T07:01:37.577722-04:00",
                "price": 64.7146,
                "share": 92.14,
                "remain_portion": -1
            }
        ],
        "CEG": [
            {
                "uuid": "00000000-0000-0000-0000-0000000000",
                "stock": "CEG",
                "time": "2024-07-31T07:01:37.577833-04:00",
                "price": 193.3875,
                "share": 53.45,
                "remain_portion": -1
            }
        ],
        "MU": [
            {
                "uuid": "00000000-0000-0000-0000-0000000000",
                "stock": "MU",
                "time": "2024-07-31T07:01:37.577814-04:00",
                "price": 125.4544,
                "share": 86.76,
                "remain_portion": -1
            }
        ],
        "HIMS": []
    },
    "active_pnl": {
        "TSLA": 0,
        "NVDA": -315.12,
        "META": -276.51,
        "MSFT": -533.0,
        "IBM": 0,
        "PLTR": 0,
        "BA": 0,
        "SNOW": 0,
        "GOOGL": -165.49,
        "COIN": 0,
        "SMCI": -369.34,
        "HOOD": -729.52,
        "CRWD": -1197.45,
        "LULU": -402.89,
        "PANW": 0,
        "AMD": -84.57,
        "ARM": 27.93,
        "BABA": 0,
        "CELH": -1521.57,
        "QCOM": -241.72,
        "AAPL": -35.35,
        "DELL": -1327.9,
        "SHOP": -411.37,
        "CEG": 30.6,
        "MU": -1378.56,
        "HIMS": 0
    },
    "active_pnl_percentage": {
        "TSLA": 0,
        "NVDA": -4.87,
        "META": -5.64,
        "MSFT": -6.89,
        "IBM": 0,
        "PLTR": 0,
        "BA": 0,
        "SNOW": 0,
        "GOOGL": -2.6,
        "COIN": 0,
        "SMCI": -14.93,
        "HOOD": -8.16,
        "CRWD": -31.92,
        "LULU": -8.06,
        "PANW": 0,
        "AMD": -2.15,
        "ARM": 2.02,
        "BABA": 0,
        "CELH": -9.68,
        "QCOM": -5.29,
        "AAPL": -0.73,
        "DELL": -9.22,
        "SHOP": -7.05,
        "CEG": 0.06,
        "MU": -12.65,
        "HIMS": 0
    }
}