{
    "time": "2024-07-12T20:00:52.858082-04:00",
    "daily_start_net_value": 85094.821,
    "current_net_value": 85757.6002,
    "daily_pnl": 662.7792000000045,
    "daily_pnl_percentage": 0.78,
    "remain_portion": 18,
    "positions": {
        "TSLA": 0,
        "NVDA": 14.13,
        "META": 3.96,
        "MSFT": 6.55,
        "IBM": 0,
        "PLTR": 0,
        "BA": 15.0,
        "SNOW": 14.59,
        "GOOGL": 32.07,
        "COIN": 0,
        "SMCI": 0,
        "HOOD": 0.0,
        "CRWD": 5.29,
        "LULU": 7.39,
        "PANW": 0,
        "AMD": 5.52,
        "ARM": 4.75,
        "BABA": 12.0,
        "CELH": 16.94,
        "QCOM": 0,
        "AAPL": 0,
        "DELL": 14.33,
        "SHOP": 0.46,
        "CEG": 0.0,
        "MU": 0,
        "HIMS": 0
    },
    "cash_position": 18668.51,
    "active_orders": {
        "TSLA": [],
        "NVDA": [
            {
                "uuid": "ff562ed5-e564-4746-85c7-8d1adf99b354",
                "stock": "NVDA",
                "time": "2024-07-12T10:16:18.648089-04:00",
                "price": 127.3415,
                "share": 14.13,
                "remain_portion": -1
            }
        ],
        "META": [
            {
                "uuid": "00000000-0000-0000-0000-0000000000",
                "stock": "META",
                "time": "2024-07-12T07:01:34.408919-04:00",
                "price": 518.5169,
                "share": 2.96,
                "remain_portion": -1
            },
            {
                "uuid": "495ed8ae-f3ba-4dc0-87d7-c0975c3b4d7d",
                "stock": "META",
                "time": "2024-07-12T08:45:51.654779-04:00",
                "price": 502.05,
                "share": 0.0,
                "remain_portion": 31
            },
            {
                "uuid": "b6729fab-c52e-42fa-aa26-74574e7bd3b7",
                "stock": "META",
                "time": "2024-07-12T09:26:14.970928-04:00",
                "price": 499.29,
                "share": 1.0,
                "remain_portion": 29
            }
        ],
        "MSFT": [
            {
                "uuid": "00000000-0000-0000-0000-0000000000",
                "stock": "MSFT",
                "time": "2024-07-12T07:01:34.409041-04:00",
                "price": 458.3649,
                "share": 6.55,
                "remain_portion": -1
            }
        ],
        "IBM": [],
        "PLTR": [],
        "BA": [
            {
                "uuid": "bb932c61-0e00-485b-8425-5a9fd0ab193f",
                "stock": "BA",
                "time": "2024-07-12T08:35:52.933182-04:00",
                "price": 183.97,
                "share": 5.0,
                "remain_portion": -1
            },
            {
                "uuid": "fefb712a-dd17-4137-a65b-74c3c666149a",
                "stock": "BA",
                "time": "2024-07-12T18:56:07.487785-04:00",
                "price": 182.25,
                "share": 0.0,
                "remain_portion": 20
            },
            {
                "uuid": "38f12b1b-79cc-4dca-937c-c5a1154d9080",
                "stock": "BA",
                "time": "2024-07-12T19:11:14.505646-04:00",
                "price": 182.1911,
                "share": 5.0,
                "remain_portion": 19
            },
            {
                "uuid": "6a8b333f-61bc-4395-9a1d-839f83feebe3",
                "stock": "BA",
                "time": "2024-07-12T19:26:22.098348-04:00",
                "price": 182.26000000000002,
                "share": 5.0,
                "remain_portion": 18
            }
        ],
        "SNOW": [
            {
                "uuid": "00000000-0000-0000-0000-0000000000",
                "stock": "SNOW",
                "time": "2024-07-12T07:01:34.409347-04:00",
                "price": 137.0089,
                "share": 14.59,
                "remain_portion": -1
            }
        ],
        "GOOGL": [
            {
                "uuid": "00000000-0000-0000-0000-0000000000",
                "stock": "GOOGL",
                "time": "2024-07-12T07:01:34.409155-04:00",
                "price": 187.1272,
                "share": 32.07,
                "remain_portion": -1
            }
        ],
        "COIN": [],
        "SMCI": [],
        "HOOD": [
            {
                "uuid": "617da924-5cf8-4369-8e4c-a5cc3d014721",
                "stock": "HOOD",
                "time": "2024-07-12T17:31:41.142381-04:00",
                "price": 22.232210000000002,
                "share": 0.0,
                "remain_portion": 23
            }
        ],
        "CRWD": [
            {
                "uuid": "00000000-0000-0000-0000-0000000000",
                "stock": "CRWD",
                "time": "2024-07-12T07:01:34.409428-04:00",
                "price": 377.7316,
                "share": 5.29,
                "remain_portion": -1
            }
        ],
        "LULU": [
            {
                "uuid": "7a534ac9-ac80-4f03-9239-ddc68eac1c38",
                "stock": "LULU",
                "time": "2024-07-12T09:40:37.618914-04:00",
                "price": 293.6294,
                "share": 6.92,
                "remain_portion": -1
            },
            {
                "uuid": "27d37fd1-6222-4347-93e7-f6f159140592",
                "stock": "LULU",
                "time": "2024-07-12T10:06:08.853249-04:00",
                "price": 288.0,
                "share": 0.46999999999999975,
                "remain_portion": 28
            }
        ],
        "PANW": [],
        "AMD": [
            {
                "uuid": "f5cafce0-00f2-41bb-864f-3f8ac27d24b1",
                "stock": "AMD",
                "time": "2024-07-12T15:50:25.257607-04:00",
                "price": 181.05,
                "share": 5.52,
                "remain_portion": 26
            }
        ],
        "ARM": [
            {
                "uuid": "cc7e292e-17e4-44cf-b422-8d557602ff09",
                "stock": "ARM",
                "time": "2024-07-12T13:16:00.059131-04:00",
                "price": 173.7049,
                "share": 4.75,
                "remain_portion": -1
            }
        ],
        "BABA": [
            {
                "uuid": "e1de746d-c64a-41c2-bdd6-4e3de4810594",
                "stock": "BABA",
                "time": "2024-07-12T16:10:54.980599-04:00",
                "price": 79.6899,
                "share": 12.0,
                "remain_portion": 23
            }
        ],
        "CELH": [
            {
                "uuid": "3ac15990-8034-4c4c-80f7-2beaaf695d16",
                "stock": "CELH",
                "time": "2024-07-12T15:56:44.950156-04:00",
                "price": 59.02,
                "share": 16.94,
                "remain_portion": 24
            }
        ],
        "QCOM": [],
        "AAPL": [],
        "DELL": [
            {
                "uuid": "00000000-0000-0000-0000-0000000000",
                "stock": "DELL",
                "time": "2024-07-12T07:01:34.409577-04:00",
                "price": 140.9909,
                "share": 14.33,
                "remain_portion": -1
            },
            {
                "uuid": "a195b4a4-fdce-4faa-b49d-2473d47f981b",
                "stock": "DELL",
                "time": "2024-07-12T08:05:54.774181-04:00",
                "price": 139.85000000000002,
                "share": 0.0,
                "remain_portion": 32
            }
        ],
        "SHOP": [
            {
                "uuid": "ff898327-e537-41f4-ae2b-91ef9b5cbeab",
                "stock": "SHOP",
                "time": "2024-07-12T19:26:27.123931-04:00",
                "price": 64.6695,
                "share": 0.46,
                "remain_portion": -1
            }
        ],
        "CEG": [
            {
                "uuid": "01e98b1c-d568-4d94-960e-aba1f4f75c1a",
                "stock": "CEG",
                "time": "2024-07-12T18:11:17.729715-04:00",
                "price": 216.2852,
                "share": 0.0,
                "remain_portion": 22
            },
            {
                "uuid": "268c95d3-df29-458a-b3d2-c56c1ba77d8e",
                "stock": "CEG",
                "time": "2024-07-12T18:26:35.486722-04:00",
                "price": 216.2852,
                "share": 0.0,
                "remain_portion": 21
            }
        ],
        "MU": [],
        "HIMS": []
    },
    "active_pnl": {
        "TSLA": 0,
        "NVDA": 36.15,
        "META": -55.96,
        "MSFT": -35.6,
        "IBM": 0,
        "PLTR": 0,
        "BA": -7.61,
        "SNOW": -18.37,
        "GOOGL": -77.84,
        "COIN": 0,
        "SMCI": 0,
        "HOOD": 0.0,
        "CRWD": -35.32,
        "LULU": -16.34,
        "PANW": 0,
        "AMD": 6.68,
        "ARM": 37.03,
        "BABA": 0.58,
        "CELH": 0.34,
        "QCOM": 0,
        "AAPL": 0,
        "DELL": -19.64,
        "SHOP": 0.1,
        "CEG": 0.0,
        "MU": 0,
        "HIMS": 0
    },
    "active_pnl_percentage": {
        "TSLA": 0,
        "NVDA": 2.01,
        "META": -2.75,
        "MSFT": -1.19,
        "IBM": 0,
        "PLTR": 0,
        "BA": -0.28,
        "SNOW": -0.92,
        "GOOGL": -1.3,
        "COIN": 0,
        "SMCI": 0,
        "HOOD": 0,
        "CRWD": -1.77,
        "LULU": -0.75,
        "PANW": 0,
        "AMD": 0.67,
        "ARM": 4.49,
        "BABA": 0.06,
        "CELH": 0.03,
        "QCOM": 0,
        "AAPL": 0,
        "DELL": -0.97,
        "SHOP": 0.34,
        "CEG": 0,
        "MU": 0,
        "HIMS": 0
    }
}