{
    "time": "2024-07-10T09:31:27.504611-04:00",
    "daily_start_net_value": 84592.2994,
    "current_net_value": 84899.6116,
    "daily_pnl": 307.3122000000003,
    "daily_pnl_percentage": 0.36,
    "remain_portion": 36,
    "positions": {
        "TSLA": 0,
        "NVDA": 0,
        "META": 0,
        "MSFT": 6.52,
        "IBM": 16.37,
        "PLTR": 0,
        "BA": 34.89,
        "SNOW": 21.68,
        "GOOGL": 0.87,
        "COIN": 0,
        "SMCI": 0,
        "HOOD": 0.35,
        "CRWD": 2.6,
        "LULU": 24.18,
        "PANW": 0,
        "AMD": 0,
        "ARM": 0.54,
        "BABA": 0,
        "CELH": 53.83,
        "QCOM": 0.96,
        "AAPL": 0,
        "DELL": 0,
        "SHOP": 16.14,
        "CEG": 9.26,
        "MU": 44.66,
        "HIMS": 217.65
    },
    "cash_position": 36628.05,
    "active_orders": {
        "TSLA": [],
        "NVDA": [],
        "META": [],
        "MSFT": [
            {
                "uuid": "00000000-0000-0000-0000-0000000000",
                "stock": "MSFT",
                "time": "2024-07-10T07:02:15.927640-04:00",
                "price": 460.1335,
                "share": 6.52,
                "remain_portion": -1
            }
        ],
        "IBM": [
            {
                "uuid": "00000000-0000-0000-0000-0000000000",
                "stock": "IBM",
                "time": "2024-07-10T07:02:15.927856-04:00",
                "price": 176.5412,
                "share": 16.37,
                "remain_portion": -1
            }
        ],
        "PLTR": [],
        "BA": [
            {
                "uuid": "00000000-0000-0000-0000-0000000000",
                "stock": "BA",
                "time": "2024-07-10T07:02:15.927818-04:00",
                "price": 183.8827,
                "share": 34.89,
                "remain_portion": -1
            }
        ],
        "SNOW": [
            {
                "uuid": "00000000-0000-0000-0000-0000000000",
                "stock": "SNOW",
                "time": "2024-07-10T07:02:15.927972-04:00",
                "price": 139.8141,
                "share": 21.68,
                "remain_portion": -1
            }
        ],
        "GOOGL": [
            {
                "uuid": "00000000-0000-0000-0000-0000000000",
                "stock": "GOOGL",
                "time": "2024-07-10T07:02:15.927777-04:00",
                "price": 188.9874,
                "share": 0.87,
                "remain_portion": -1
            }
        ],
        "COIN": [],
        "SMCI": [],
        "HOOD": [
            {
                "uuid": "00000000-0000-0000-0000-0000000000",
                "stock": "HOOD",
                "time": "2024-07-10T07:02:15.927905-04:00",
                "price": 22.3169,
                "share": 0.35,
                "remain_portion": -1
            }
        ],
        "CRWD": [
            {
                "uuid": "3c841f7f-c216-4520-963f-229045c10a5c",
                "stock": "CRWD",
                "time": "2024-07-10T08:12:14.489797-04:00",
                "price": 384.4385,
                "share": 2.6,
                "remain_portion": -1
            }
        ],
        "LULU": [
            {
                "uuid": "00000000-0000-0000-0000-0000000000",
                "stock": "LULU",
                "time": "2024-07-10T07:02:15.927940-04:00",
                "price": 297.0588,
                "share": 18.18,
                "remain_portion": -1
            },
            {
                "uuid": "0068ac93-275b-424e-9cc1-6e32860200a9",
                "stock": "LULU",
                "time": "2024-07-10T08:21:03.894969-04:00",
                "price": 288.97,
                "share": 3.0,
                "remain_portion": 37
            },
            {
                "uuid": "e3f1dca0-897b-49b6-92cb-bb49c266e3ff",
                "stock": "LULU",
                "time": "2024-07-10T09:16:23.290208-04:00",
                "price": 287.93,
                "share": 3.0,
                "remain_portion": 36
            }
        ],
        "PANW": [],
        "AMD": [],
        "ARM": [
            {
                "uuid": "ac6f9692-2f59-4dd2-9cbd-7e86d1998330",
                "stock": "ARM",
                "time": "2024-07-10T08:41:06.686383-04:00",
                "price": 180.3953,
                "share": 0.54,
                "remain_portion": -1
            }
        ],
        "BABA": [],
        "CELH": [
            {
                "uuid": "371cbf7a-51f2-4caf-9076-3e048c41232b",
                "stock": "CELH",
                "time": "2024-07-10T08:30:48.239551-04:00",
                "price": 54.9536,
                "share": 53.83,
                "remain_portion": -1
            }
        ],
        "QCOM": [
            {
                "uuid": "00000000-0000-0000-0000-0000000000",
                "stock": "QCOM",
                "time": "2024-07-10T07:02:15.928145-04:00",
                "price": 206.3645,
                "share": 0.96,
                "remain_portion": -1
            }
        ],
        "AAPL": [],
        "DELL": [],
        "SHOP": [
            {
                "uuid": "347831fe-bf10-448c-909d-2d4a317374d9",
                "stock": "SHOP",
                "time": "2024-07-10T08:12:18.855306-04:00",
                "price": 66.1375,
                "share": 16.14,
                "remain_portion": -1
            }
        ],
        "CEG": [
            {
                "uuid": "00000000-0000-0000-0000-0000000000",
                "stock": "CEG",
                "time": "2024-07-10T07:02:15.928198-04:00",
                "price": 215.959,
                "share": 9.26,
                "remain_portion": -1
            }
        ],
        "MU": [
            {
                "uuid": "00000000-0000-0000-0000-0000000000",
                "stock": "MU",
                "time": "2024-07-10T07:02:15.928172-04:00",
                "price": 135.663,
                "share": 44.66,
                "remain_portion": -1
            }
        ],
        "HIMS": [
            {
                "uuid": "ec7539e2-cc86-49b9-8971-11a512efd1ab",
                "stock": "HIMS",
                "time": "2024-07-10T08:51:14.657909-04:00",
                "price": 20.4689,
                "share": 217.65,
                "remain_portion": -1
            }
        ]
    },
    "active_pnl": {
        "TSLA": 0,
        "NVDA": 0,
        "META": 0,
        "MSFT": 2.49,
        "IBM": 7.51,
        "PLTR": 0,
        "BA": 17.01,
        "SNOW": -55.98,
        "GOOGL": 0.87,
        "COIN": 0,
        "SMCI": 0,
        "HOOD": 0.14,
        "CRWD": -10.89,
        "LULU": -147.32,
        "PANW": 0,
        "AMD": 0,
        "ARM": -0.03,
        "BABA": 0,
        "CELH": 53.83,
        "QCOM": 1.6,
        "AAPL": 0,
        "DELL": 0,
        "SHOP": -4.16,
        "CEG": 12.33,
        "MU": -116.25,
        "HIMS": 161.3
    },
    "active_pnl_percentage": {
        "TSLA": 0,
        "NVDA": 0,
        "META": 0,
        "MSFT": 0.12,
        "IBM": 0.26,
        "PLTR": 0,
        "BA": 0.37,
        "SNOW": -1.85,
        "GOOGL": 0.53,
        "COIN": 0,
        "SMCI": 0,
        "HOOD": 1.76,
        "CRWD": -1.24,
        "LULU": -2.07,
        "PANW": 0,
        "AMD": 0,
        "ARM": 0.03,
        "BABA": 0,
        "CELH": 1.82,
        "QCOM": 0.83,
        "AAPL": 0,
        "DELL": 0,
        "SHOP": -0.46,
        "CEG": 0.62,
        "MU": -1.93,
        "HIMS": 3.79
    }
}