{
    "time": "2024-08-08T16:35:31.660596-04:00",
    "daily_start_net_value": 105405.6478,
    "current_net_value": 108923.7749,
    "daily_pnl": 3518.127099999998,
    "daily_pnl_percentage": 3.34,
    "remain_portion": 4,
    "positions": {
        "TSLA": 13.25,
        "NVDA": 0.57,
        "META": 0,
        "MSFT": 19.29,
        "IBM": 0,
        "PLTR": 0,
        "BA": 22.28,
        "SNOW": 14.0,
        "GOOGL": 41.41,
        "COIN": 0,
        "SMCI": 4.0,
        "HOOD": 443.47,
        "CRWD": 15.49,
        "LULU": 17.83,
        "PANW": 0.0,
        "AMD": 53.44,
        "ARM": 0,
        "BABA": 0,
        "CELH": 301.82,
        "QCOM": 19.25,
        "AAPL": 0,
        "DELL": 113.51,
        "SHOP": 0,
        "CEG": 59.09,
        "MU": 96.73,
        "HIMS": 55.0
    },
    "cash_position": 4621.18,
    "active_orders": {
        "TSLA": [
            {
                "uuid": "00000000-0000-0000-0000-0000000000",
                "stock": "TSLA",
                "time": "2024-08-08T07:01:14.478263-04:00",
                "price": 215.8739,
                "share": 13.25,
                "remain_portion": -1
            }
        ],
        "NVDA": [
            {
                "uuid": "00000000-0000-0000-0000-0000000000",
                "stock": "NVDA",
                "time": "2024-08-08T07:01:14.478309-04:00",
                "price": 117.7549,
                "share": 0.57,
                "remain_portion": -1
            }
        ],
        "META": [],
        "MSFT": [
            {
                "uuid": "00000000-0000-0000-0000-0000000000",
                "stock": "MSFT",
                "time": "2024-08-08T07:01:14.478213-04:00",
                "price": 446.5873,
                "share": 19.29,
                "remain_portion": -1
            }
        ],
        "IBM": [],
        "PLTR": [],
        "BA": [
            {
                "uuid": "00000000-0000-0000-0000-0000000000",
                "stock": "BA",
                "time": "2024-08-08T07:01:14.478387-04:00",
                "price": 173.421,
                "share": 22.28,
                "remain_portion": -1
            }
        ],
        "SNOW": [
            {
                "uuid": "00000000-0000-0000-0000-0000000000",
                "stock": "SNOW",
                "time": "2024-08-08T07:01:14.478684-04:00",
                "price": 129.91,
                "share": 14.0,
                "remain_portion": -1
            }
        ],
        "GOOGL": [
            {
                "uuid": "00000000-0000-0000-0000-0000000000",
                "stock": "GOOGL",
                "time": "2024-08-08T07:01:14.478347-04:00",
                "price": 176.8764,
                "share": 41.41,
                "remain_portion": -1
            }
        ],
        "COIN": [],
        "SMCI": [
            {
                "uuid": "00000000-0000-0000-0000-0000000000",
                "stock": "SMCI",
                "time": "2024-08-08T07:01:14.478581-04:00",
                "price": 786.4275,
                "share": 4.0,
                "remain_portion": -1
            },
            {
                "uuid": "4e51301c-648a-44a0-8075-367d9cbb69bc",
                "stock": "SMCI",
                "time": "2024-08-08T07:35:35.645425-04:00",
                "price": 480.55,
                "share": 0.0,
                "remain_portion": 6
            }
        ],
        "HOOD": [
            {
                "uuid": "00000000-0000-0000-0000-0000000000",
                "stock": "HOOD",
                "time": "2024-08-08T07:01:14.478442-04:00",
                "price": 22.4114,
                "share": 443.47,
                "remain_portion": -1
            }
        ],
        "CRWD": [
            {
                "uuid": "00000000-0000-0000-0000-0000000000",
                "stock": "CRWD",
                "time": "2024-08-08T07:01:14.478887-04:00",
                "price": 307.4512,
                "share": 15.49,
                "remain_portion": -1
            }
        ],
        "LULU": [
            {
                "uuid": "00000000-0000-0000-0000-0000000000",
                "stock": "LULU",
                "time": "2024-08-08T07:01:14.478628-04:00",
                "price": 280.291,
                "share": 17.83,
                "remain_portion": -1
            }
        ],
        "PANW": [
            {
                "uuid": "f779287a-b96b-4aba-af73-e909aee22517",
                "stock": "PANW",
                "time": "2024-08-08T08:35:22.340017-04:00",
                "price": 304.26,
                "share": 0.0,
                "remain_portion": 4
            }
        ],
        "AMD": [
            {
                "uuid": "00000000-0000-0000-0000-0000000000",
                "stock": "AMD",
                "time": "2024-08-08T07:01:14.478069-04:00",
                "price": 148.6707,
                "share": 53.44,
                "remain_portion": -1
            }
        ],
        "ARM": [],
        "BABA": [],
        "CELH": [
            {
                "uuid": "00000000-0000-0000-0000-0000000000",
                "stock": "CELH",
                "time": "2024-08-08T07:01:14.478808-04:00",
                "price": 52.0913,
                "share": 301.82,
                "remain_portion": -1
            }
        ],
        "QCOM": [
            {
                "uuid": "00000000-0000-0000-0000-0000000000",
                "stock": "QCOM",
                "time": "2024-08-08T07:01:14.479094-04:00",
                "price": 177.3508,
                "share": 19.25,
                "remain_portion": -1
            }
        ],
        "AAPL": [],
        "DELL": [
            {
                "uuid": "00000000-0000-0000-0000-0000000000",
                "stock": "DELL",
                "time": "2024-08-08T07:01:14.479161-04:00",
                "price": 126.8585,
                "share": 113.51,
                "remain_portion": -1
            }
        ],
        "SHOP": [],
        "CEG": [
            {
                "uuid": "00000000-0000-0000-0000-0000000000",
                "stock": "CEG",
                "time": "2024-08-08T07:01:14.479303-04:00",
                "price": 191.8425,
                "share": 59.09,
                "remain_portion": -1
            }
        ],
        "MU": [
            {
                "uuid": "00000000-0000-0000-0000-0000000000",
                "stock": "MU",
                "time": "2024-08-08T07:01:14.479219-04:00",
                "price": 122.8553,
                "share": 96.73,
                "remain_portion": -1
            }
        ],
        "HIMS": [
            {
                "uuid": "00000000-0000-0000-0000-0000000000",
                "stock": "HIMS",
                "time": "2024-08-08T07:01:14.478982-04:00",
                "price": 17.68,
                "share": 55.0,
                "remain_portion": -1
            }
        ]
    },
    "active_pnl": {
        "TSLA": -212.98,
        "NVDA": -6.93,
        "META": 0,
        "MSFT": -825.75,
        "IBM": 0,
        "PLTR": 0,
        "BA": -100.73,
        "SNOW": -110.74,
        "GOOGL": -593.26,
        "COIN": 0,
        "SMCI": -1098.91,
        "HOOD": -2062.76,
        "CRWD": -1019.26,
        "LULU": -687.19,
        "PANW": 0.0,
        "AMD": -653.07,
        "ARM": 0,
        "BABA": 0,
        "CELH": -3739.94,
        "QCOM": -226.2,
        "AAPL": 0,
        "DELL": -3997.65,
        "SHOP": 0,
        "CEG": -284.37,
        "MU": -2944.97,
        "HIMS": -97.99
    },
    "active_pnl_percentage": {
        "TSLA": -7.45,
        "NVDA": -10.32,
        "META": 0,
        "MSFT": -9.59,
        "IBM": 0,
        "PLTR": 0,
        "BA": -2.61,
        "SNOW": -6.09,
        "GOOGL": -8.16,
        "COIN": 0,
        "SMCI": -34.93,
        "HOOD": -20.75,
        "CRWD": -21.4,
        "LULU": -13.75,
        "PANW": 0,
        "AMD": -8.28,
        "ARM": 0,
        "BABA": 0,
        "CELH": -23.79,
        "QCOM": -6.63,
        "AAPL": 0,
        "DELL": -27.76,
        "SHOP": 0,
        "CEG": -2.51,
        "MU": -24.78,
        "HIMS": -10.08
    }
}