{
    "time": "2024-07-30T09:31:39.331214-04:00",
    "daily_start_net_value": 115706.8836,
    "current_net_value": 116022.0455,
    "daily_pnl": 315.1618999999919,
    "daily_pnl_percentage": 0.27,
    "remain_portion": 3,
    "positions": {
        "TSLA": 0,
        "NVDA": 47.92,
        "META": 10.0,
        "MSFT": 17.29,
        "IBM": 0,
        "PLTR": 37.09,
        "BA": 0,
        "SNOW": 0,
        "GOOGL": 36.41,
        "COIN": 0.0,
        "SMCI": 3.0,
        "HOOD": 393.27,
        "CRWD": 11.0,
        "LULU": 17.83,
        "PANW": 0,
        "AMD": 38.86,
        "ARM": 12.95,
        "BABA": 0,
        "CELH": 301.82,
        "QCOM": 15.42,
        "AAPL": 21.04,
        "DELL": 113.51,
        "SHOP": 92.14,
        "CEG": 53.45,
        "MU": 86.76,
        "HIMS": 90.77
    },
    "cash_position": 3008.71,
    "active_orders": {
        "TSLA": [],
        "NVDA": [
            {
                "uuid": "00000000-0000-0000-0000-0000000000",
                "stock": "NVDA",
                "time": "2024-07-30T07:01:19.452480-04:00",
                "price": 119.5394,
                "share": 47.92,
                "remain_portion": -1
            }
        ],
        "META": [
            {
                "uuid": "00000000-0000-0000-0000-0000000000",
                "stock": "META",
                "time": "2024-07-30T07:01:19.452234-04:00",
                "price": 498.0661,
                "share": 10.0,
                "remain_portion": -1
            }
        ],
        "MSFT": [
            {
                "uuid": "00000000-0000-0000-0000-0000000000",
                "stock": "MSFT",
                "time": "2024-07-30T07:01:19.452424-04:00",
                "price": 450.417,
                "share": 17.29,
                "remain_portion": -1
            }
        ],
        "IBM": [],
        "PLTR": [
            {
                "uuid": "00000000-0000-0000-0000-0000000000",
                "stock": "PLTR",
                "time": "2024-07-30T07:01:19.452598-04:00",
                "price": 26.9501,
                "share": 37.09,
                "remain_portion": -1
            }
        ],
        "BA": [],
        "SNOW": [],
        "GOOGL": [
            {
                "uuid": "00000000-0000-0000-0000-0000000000",
                "stock": "GOOGL",
                "time": "2024-07-30T07:01:19.452501-04:00",
                "price": 178.1352,
                "share": 36.41,
                "remain_portion": -1
            }
        ],
        "COIN": [
            {
                "uuid": "e173b81f-4208-41ba-97c8-76ba0fdd2f5e",
                "stock": "COIN",
                "time": "2024-07-30T08:40:59.811602-04:00",
                "price": 233.35000000000002,
                "share": 0.0,
                "remain_portion": 4
            }
        ],
        "SMCI": [
            {
                "uuid": "00000000-0000-0000-0000-0000000000",
                "stock": "SMCI",
                "time": "2024-07-30T07:01:19.452550-04:00",
                "price": 835.2433,
                "share": 3.0,
                "remain_portion": -1
            }
        ],
        "HOOD": [
            {
                "uuid": "00000000-0000-0000-0000-0000000000",
                "stock": "HOOD",
                "time": "2024-07-30T07:01:19.452529-04:00",
                "price": 22.73,
                "share": 393.27,
                "remain_portion": -1
            }
        ],
        "CRWD": [
            {
                "uuid": "00000000-0000-0000-0000-0000000000",
                "stock": "CRWD",
                "time": "2024-07-30T07:01:19.452670-04:00",
                "price": 342.1445,
                "share": 11.0,
                "remain_portion": -1
            }
        ],
        "LULU": [
            {
                "uuid": "00000000-0000-0000-0000-0000000000",
                "stock": "LULU",
                "time": "2024-07-30T07:01:19.452575-04:00",
                "price": 280.291,
                "share": 17.83,
                "remain_portion": -1
            }
        ],
        "PANW": [],
        "AMD": [
            {
                "uuid": "00000000-0000-0000-0000-0000000000",
                "stock": "AMD",
                "time": "2024-07-30T07:01:19.452383-04:00",
                "price": 152.9862,
                "share": 38.86,
                "remain_portion": -1
            }
        ],
        "ARM": [
            {
                "uuid": "00000000-0000-0000-0000-0000000000",
                "stock": "ARM",
                "time": "2024-07-30T07:01:19.452619-04:00",
                "price": 144.8625,
                "share": 12.95,
                "remain_portion": -1
            },
            {
                "uuid": "d8901d56-6da3-45f7-8853-e805fa8a87d3",
                "stock": "ARM",
                "time": "2024-07-30T08:41:13.329719-04:00",
                "price": 139.5583,
                "share": 0.0,
                "remain_portion": 3
            }
        ],
        "BABA": [],
        "CELH": [
            {
                "uuid": "00000000-0000-0000-0000-0000000000",
                "stock": "CELH",
                "time": "2024-07-30T07:01:19.452649-04:00",
                "price": 52.0913,
                "share": 301.82,
                "remain_portion": -1
            }
        ],
        "QCOM": [
            {
                "uuid": "00000000-0000-0000-0000-0000000000",
                "stock": "QCOM",
                "time": "2024-07-30T07:01:19.452757-04:00",
                "price": 189.4474,
                "share": 15.42,
                "remain_portion": -1
            },
            {
                "uuid": "0ddfcdd6-7b99-4995-9378-2957e0e50303",
                "stock": "QCOM",
                "time": "2024-07-30T09:01:31.904825-04:00",
                "price": 178.5609,
                "share": 0.0,
                "remain_portion": 3
            }
        ],
        "AAPL": [
            {
                "uuid": "00000000-0000-0000-0000-0000000000",
                "stock": "AAPL",
                "time": "2024-07-30T07:01:19.452459-04:00",
                "price": 223.6602,
                "share": 21.04,
                "remain_portion": -1
            }
        ],
        "DELL": [
            {
                "uuid": "00000000-0000-0000-0000-0000000000",
                "stock": "DELL",
                "time": "2024-07-30T07:01:19.452789-04:00",
                "price": 126.8585,
                "share": 113.51,
                "remain_portion": -1
            }
        ],
        "SHOP": [
            {
                "uuid": "00000000-0000-0000-0000-0000000000",
                "stock": "SHOP",
                "time": "2024-07-30T07:01:19.452714-04:00",
                "price": 64.7146,
                "share": 92.14,
                "remain_portion": -1
            }
        ],
        "CEG": [
            {
                "uuid": "00000000-0000-0000-0000-0000000000",
                "stock": "CEG",
                "time": "2024-07-30T07:01:19.452837-04:00",
                "price": 193.3875,
                "share": 53.45,
                "remain_portion": -1
            }
        ],
        "MU": [
            {
                "uuid": "00000000-0000-0000-0000-0000000000",
                "stock": "MU",
                "time": "2024-07-30T07:01:19.452813-04:00",
                "price": 125.4544,
                "share": 86.76,
                "remain_portion": -1
            }
        ],
        "HIMS": [
            {
                "uuid": "00000000-0000-0000-0000-0000000000",
                "stock": "HIMS",
                "time": "2024-07-30T07:01:19.452691-04:00",
                "price": 22.0077,
                "share": 90.77,
                "remain_portion": -1
            }
        ]
    },
    "active_pnl": {
        "TSLA": 0,
        "NVDA": -381.9,
        "META": -298.61,
        "MSFT": -403.84,
        "IBM": 0,
        "PLTR": 8.16,
        "BA": 0,
        "SNOW": 0,
        "GOOGL": -271.26,
        "COIN": 0.0,
        "SMCI": -402.76,
        "HOOD": -597.77,
        "CRWD": -1075.3,
        "LULU": -397.27,
        "PANW": 0,
        "AMD": -509.7,
        "ARM": -54.68,
        "BABA": 0,
        "CELH": -1589.47,
        "QCOM": -166.96,
        "AAPL": -86.69,
        "DELL": -1565.95,
        "SHOP": -454.67,
        "CEG": -1070.2,
        "MU": -1417.17,
        "HIMS": -24.3
    },
    "active_pnl_percentage": {
        "TSLA": 0,
        "NVDA": -6.71,
        "META": -5.92,
        "MSFT": -5.22,
        "IBM": 0,
        "PLTR": 0.78,
        "BA": 0,
        "SNOW": 0,
        "GOOGL": -4.22,
        "COIN": 0,
        "SMCI": -16.07,
        "HOOD": -6.69,
        "CRWD": -28.57,
        "LULU": -7.99,
        "PANW": 0,
        "AMD": -8.63,
        "ARM": -3.24,
        "BABA": 0,
        "CELH": -10.45,
        "QCOM": -5.76,
        "AAPL": -1.87,
        "DELL": -10.92,
        "SHOP": -7.63,
        "CEG": -10.35,
        "MU": -13.08,
        "HIMS": -1.22
    }
}