{
    "time": "2024-07-31T18:36:23.692754-04:00",
    "daily_start_net_value": 112799.275,
    "current_net_value": 117504.0467,
    "daily_pnl": 4704.771700000012,
    "daily_pnl_percentage": 4.17,
    "remain_portion": 0,
    "positions": {
        "TSLA": 0,
        "NVDA": 0.57,
        "META": 10.0,
        "MSFT": 17.29,
        "IBM": 0,
        "PLTR": 0,
        "BA": 0,
        "SNOW": 0,
        "GOOGL": 36.41,
        "COIN": 0,
        "SMCI": 3.0,
        "HOOD": 393.27,
        "CRWD": 11.0,
        "LULU": 17.83,
        "PANW": 0,
        "AMD": 45.79,
        "ARM": 0,
        "BABA": 0,
        "CELH": 301.82,
        "QCOM": 13.07,
        "AAPL": 10.52,
        "DELL": 113.51,
        "SHOP": 92.14,
        "CEG": 53.45,
        "MU": 86.76,
        "HIMS": 0
    },
    "cash_position": 973.42,
    "active_orders": {
        "TSLA": [],
        "NVDA": [
            {
                "uuid": "3dce647c-0939-4721-8b5b-719146a7d66d",
                "stock": "NVDA",
                "time": "2024-07-31T18:31:21.789230-04:00",
                "price": 117.7549,
                "share": 0.57,
                "remain_portion": -1
            }
        ],
        "META": [
            {
                "uuid": "00000000-0000-0000-0000-0000000000",
                "stock": "META",
                "time": "2024-07-31T07:01:37.577200-04:00",
                "price": 498.0661,
                "share": 10.0,
                "remain_portion": -1
            }
        ],
        "MSFT": [
            {
                "uuid": "00000000-0000-0000-0000-0000000000",
                "stock": "MSFT",
                "time": "2024-07-31T07:01:37.577393-04:00",
                "price": 450.417,
                "share": 17.29,
                "remain_portion": -1
            }
        ],
        "IBM": [],
        "PLTR": [],
        "BA": [],
        "SNOW": [],
        "GOOGL": [
            {
                "uuid": "00000000-0000-0000-0000-0000000000",
                "stock": "GOOGL",
                "time": "2024-07-31T07:01:37.577474-04:00",
                "price": 178.1352,
                "share": 36.41,
                "remain_portion": -1
            }
        ],
        "COIN": [],
        "SMCI": [
            {
                "uuid": "00000000-0000-0000-0000-0000000000",
                "stock": "SMCI",
                "time": "2024-07-31T07:01:37.577544-04:00",
                "price": 835.2433,
                "share": 3.0,
                "remain_portion": -1
            }
        ],
        "HOOD": [
            {
                "uuid": "00000000-0000-0000-0000-0000000000",
                "stock": "HOOD",
                "time": "2024-07-31T07:01:37.577503-04:00",
                "price": 22.73,
                "share": 393.27,
                "remain_portion": -1
            }
        ],
        "CRWD": [
            {
                "uuid": "00000000-0000-0000-0000-0000000000",
                "stock": "CRWD",
                "time": "2024-07-31T07:01:37.577689-04:00",
                "price": 342.1445,
                "share": 11.0,
                "remain_portion": -1
            }
        ],
        "LULU": [
            {
                "uuid": "00000000-0000-0000-0000-0000000000",
                "stock": "LULU",
                "time": "2024-07-31T07:01:37.577575-04:00",
                "price": 280.291,
                "share": 17.83,
                "remain_portion": -1
            }
        ],
        "PANW": [],
        "AMD": [
            {
                "uuid": "00000000-0000-0000-0000-0000000000",
                "stock": "AMD",
                "time": "2024-07-31T07:01:37.577352-04:00",
                "price": 152.9862,
                "share": 38.86,
                "remain_portion": -1
            },
            {
                "uuid": "b90c2138-b117-4c7e-8d7d-e85cb7fbfcdd",
                "stock": "AMD",
                "time": "2024-07-31T12:10:33.096259-04:00",
                "price": 144.26,
                "share": 6.93,
                "remain_portion": 0
            }
        ],
        "ARM": [],
        "BABA": [],
        "CELH": [
            {
                "uuid": "00000000-0000-0000-0000-0000000000",
                "stock": "CELH",
                "time": "2024-07-31T07:01:37.577650-04:00",
                "price": 52.0913,
                "share": 301.82,
                "remain_portion": -1
            }
        ],
        "QCOM": [
            {
                "uuid": "75d07885-7ea1-4933-90aa-7946866f2228",
                "stock": "QCOM",
                "time": "2024-07-31T16:11:11.190791-04:00",
                "price": 184.652,
                "share": 13.07,
                "remain_portion": -1
            }
        ],
        "AAPL": [
            {
                "uuid": "19f00755-25dc-49b0-9d69-2a4b684571d1",
                "stock": "AAPL",
                "time": "2024-07-31T10:45:58.340640-04:00",
                "price": 223.6602,
                "share": 10.52,
                "remain_portion": -1
            }
        ],
        "DELL": [
            {
                "uuid": "00000000-0000-0000-0000-0000000000",
                "stock": "DELL",
                "time": "2024-07-31T07:01:37.577786-04:00",
                "price": 126.8585,
                "share": 113.51,
                "remain_portion": -1
            }
        ],
        "SHOP": [
            {
                "uuid": "00000000-0000-0000-0000-0000000000",
                "stock": "SHOP",
                "time": "2024-07-31T07:01:37.577722-04:00",
                "price": 64.7146,
                "share": 92.14,
                "remain_portion": -1
            }
        ],
        "CEG": [
            {
                "uuid": "00000000-0000-0000-0000-0000000000",
                "stock": "CEG",
                "time": "2024-07-31T07:01:37.577833-04:00",
                "price": 193.3875,
                "share": 53.45,
                "remain_portion": -1
            }
        ],
        "MU": [
            {
                "uuid": "00000000-0000-0000-0000-0000000000",
                "stock": "MU",
                "time": "2024-07-31T07:01:37.577814-04:00",
                "price": 125.4544,
                "share": 86.76,
                "remain_portion": -1
            }
        ],
        "HIMS": []
    },
    "active_pnl": {
        "TSLA": 0,
        "NVDA": 1.87,
        "META": 85.94,
        "MSFT": -550.63,
        "IBM": 0,
        "PLTR": 0,
        "BA": 0,
        "SNOW": 0,
        "GOOGL": -252.95,
        "COIN": 0,
        "SMCI": -330.73,
        "HOOD": -806.95,
        "CRWD": -1202.24,
        "LULU": -385.68,
        "PANW": 0,
        "AMD": -285.98,
        "ARM": 0,
        "BABA": 0,
        "CELH": -1533.03,
        "QCOM": -102.63,
        "AAPL": -8.0,
        "DELL": -1301.64,
        "SHOP": -266.71,
        "CEG": -191.75,
        "MU": -1262.74,
        "HIMS": 0
    },
    "active_pnl_percentage": {
        "TSLA": 0,
        "NVDA": 2.77,
        "META": 1.73,
        "MSFT": -7.07,
        "IBM": 0,
        "PLTR": 0,
        "BA": 0,
        "SNOW": 0,
        "GOOGL": -3.9,
        "COIN": 0,
        "SMCI": -13.2,
        "HOOD": -9.03,
        "CRWD": -31.94,
        "LULU": -7.72,
        "PANW": 0,
        "AMD": -4.12,
        "ARM": 0,
        "BABA": 0,
        "CELH": -9.75,
        "QCOM": -4.25,
        "AAPL": -0.34,
        "DELL": -9.04,
        "SHOP": -4.47,
        "CEG": -1.86,
        "MU": -11.6,
        "HIMS": 0
    }
}