{
    "time": "2024-07-11T12:33:03.712426-04:00",
    "daily_start_net_value": 84957.4778,
    "current_net_value": 85272.7186,
    "daily_pnl": 315.2407999999996,
    "daily_pnl_percentage": 0.37,
    "remain_portion": 18,
    "positions": {
        "TSLA": 0,
        "NVDA": 7.79,
        "META": 0.0,
        "MSFT": 6.55,
        "IBM": 0,
        "PLTR": 37.66,
        "BA": 0,
        "SNOW": 7.27,
        "GOOGL": 26.68,
        "COIN": 9.2,
        "SMCI": 0,
        "HOOD": 45.05,
        "CRWD": 5.29,
        "LULU": 13.84,
        "PANW": 2.0,
        "AMD": 5.6,
        "ARM": 5.69,
        "BABA": 0,
        "CELH": 0,
        "QCOM": 14.8,
        "AAPL": 8.79,
        "DELL": 14.18,
        "SHOP": 16.9,
        "CEG": 0,
        "MU": 23.15,
        "HIMS": 33.59
    },
    "cash_position": 18886.21,
    "active_orders": {
        "TSLA": [],
        "NVDA": [
            {
                "uuid": "98eb2f1b-faa6-4e46-aa46-6a159a2fcfe8",
                "stock": "NVDA",
                "time": "2024-07-11T11:46:13.145834-04:00",
                "price": 128.44,
                "share": 7.79,
                "remain_portion": 30
            }
        ],
        "META": [
            {
                "uuid": "02acfbaa-728d-4939-b78d-d3279efb3373",
                "stock": "META",
                "time": "2024-07-11T09:21:13.233765-04:00",
                "price": 533.05,
                "share": 0.0,
                "remain_portion": 49
            }
        ],
        "MSFT": [
            {
                "uuid": "db7a4d54-a756-47ba-a891-a4ffc4ed3b9c",
                "stock": "MSFT",
                "time": "2024-07-11T10:05:56.898772-04:00",
                "price": 460.83,
                "share": 2.17,
                "remain_portion": 48
            },
            {
                "uuid": "bce31f76-6faf-4b64-9ae5-984f7793eb78",
                "stock": "MSFT",
                "time": "2024-07-11T10:22:30.021094-04:00",
                "price": 457.01,
                "share": 4.38,
                "remain_portion": 43
            }
        ],
        "IBM": [],
        "PLTR": [
            {
                "uuid": "342d930c-058d-45cc-90c1-a4dd339515c3",
                "stock": "PLTR",
                "time": "2024-07-11T11:36:44.245232-04:00",
                "price": 27.28,
                "share": 36.66,
                "remain_portion": 35
            },
            {
                "uuid": "16c3ed78-1dda-473f-8083-755f262277da",
                "stock": "PLTR",
                "time": "2024-07-11T11:50:31.262860-04:00",
                "price": 26.98,
                "share": 1.0,
                "remain_portion": 25
            }
        ],
        "BA": [],
        "SNOW": [
            {
                "uuid": "49472288-27ff-443f-b065-190cb2e5be07",
                "stock": "SNOW",
                "time": "2024-07-11T12:00:46.226338-04:00",
                "price": 137.49,
                "share": 7.27,
                "remain_portion": 21
            }
        ],
        "GOOGL": [
            {
                "uuid": "27b87dc3-f861-40e5-b59c-744372d9d8c1",
                "stock": "GOOGL",
                "time": "2024-07-11T10:16:02.495660-04:00",
                "price": 188.27,
                "share": 5.31,
                "remain_portion": 47
            },
            {
                "uuid": "0928386b-440b-42a0-bf88-ac0cf06509e9",
                "stock": "GOOGL",
                "time": "2024-07-11T10:31:36.566519-04:00",
                "price": 188.23,
                "share": 5.31,
                "remain_portion": 42
            },
            {
                "uuid": "ea516f2f-e717-44fb-b094-78b889f049ea",
                "stock": "GOOGL",
                "time": "2024-07-11T10:46:01.142973-04:00",
                "price": 187.74,
                "share": 5.33,
                "remain_portion": 40
            },
            {
                "uuid": "0fa3d603-bfd1-4bf4-a9e1-b51c0d0dc38e",
                "stock": "GOOGL",
                "time": "2024-07-11T11:01:18.008461-04:00",
                "price": 186.95,
                "share": 5.350000000000001,
                "remain_portion": 37
            },
            {
                "uuid": "3cb6e724-24ac-45b8-9962-51c9ad37b586",
                "stock": "GOOGL",
                "time": "2024-07-11T11:38:03.762699-04:00",
                "price": 186.01,
                "share": 5.379999999999999,
                "remain_portion": 32
            }
        ],
        "COIN": [
            {
                "uuid": "7178f2f2-52ac-451c-bfd8-a5effe4b246d",
                "stock": "COIN",
                "time": "2024-07-11T11:50:34.632942-04:00",
                "price": 218.88,
                "share": 4.57,
                "remain_portion": 24
            },
            {
                "uuid": "78ddde0b-c365-4aea-92fd-221c09d4f850",
                "stock": "COIN",
                "time": "2024-07-11T12:05:54.623827-04:00",
                "price": 215.84,
                "share": 4.629999999999999,
                "remain_portion": 19
            }
        ],
        "SMCI": [],
        "HOOD": [
            {
                "uuid": "8de477fd-e586-4f40-846b-54bf6b34679d",
                "stock": "HOOD",
                "time": "2024-07-11T11:55:41.373979-04:00",
                "price": 22.2,
                "share": 45.05,
                "remain_portion": 22
            }
        ],
        "CRWD": [
            {
                "uuid": "00000000-0000-0000-0000-0000000000",
                "stock": "CRWD",
                "time": "2024-07-11T07:01:23.967363-04:00",
                "price": 384.4385,
                "share": 2.6,
                "remain_portion": -1
            },
            {
                "uuid": "d29e1e14-b72f-4f14-adfb-9b6233899f82",
                "stock": "CRWD",
                "time": "2024-07-11T11:41:07.984194-04:00",
                "price": 371.25,
                "share": 2.69,
                "remain_portion": 31
            }
        ],
        "LULU": [
            {
                "uuid": "5d430b4f-ea67-4deb-8d34-895ef212d2bf",
                "stock": "LULU",
                "time": "2024-07-11T10:21:21.294600-04:00",
                "price": 293.6294,
                "share": 13.84,
                "remain_portion": -1
            }
        ],
        "PANW": [
            {
                "uuid": "8b2e069f-e5a3-420b-809c-4a9cf80b353c",
                "stock": "PANW",
                "time": "2024-07-11T08:26:38.271191-04:00",
                "price": 335.1,
                "share": 0.0,
                "remain_portion": 51
            },
            {
                "uuid": "882fedda-86e5-4dd7-8ef6-dc464f3fe163",
                "stock": "PANW",
                "time": "2024-07-11T10:36:50.471744-04:00",
                "price": 332.95,
                "share": 5.0,
                "remain_portion": 41
            }
        ],
        "AMD": [
            {
                "uuid": "3351e8c3-e29f-4bc3-bd6c-4eee2d36aab1",
                "stock": "AMD",
                "time": "2024-07-11T11:46:16.176837-04:00",
                "price": 178.57,
                "share": 5.6,
                "remain_portion": 29
            }
        ],
        "ARM": [
            {
                "uuid": "4b05679d-606b-47d3-a3fe-e3f6c360c85d",
                "stock": "ARM",
                "time": "2024-07-11T11:46:18.731600-04:00",
                "price": 175.83,
                "share": 5.69,
                "remain_portion": 28
            }
        ],
        "BABA": [],
        "CELH": [],
        "QCOM": [
            {
                "uuid": "61b6d4c2-4ed6-4032-9d9f-3747855d67cf",
                "stock": "QCOM",
                "time": "2024-07-11T10:51:08.473912-04:00",
                "price": 204.45,
                "share": 4.89,
                "remain_portion": 38
            },
            {
                "uuid": "26c70c71-e8ca-48ce-8d0b-aaeb12c67af6",
                "stock": "QCOM",
                "time": "2024-07-11T11:46:21.704419-04:00",
                "price": 202.33,
                "share": 4.94,
                "remain_portion": 27
            },
            {
                "uuid": "277e8ff1-b4f1-46f5-8f11-d8a023358cfb",
                "stock": "QCOM",
                "time": "2024-07-11T12:00:49.761707-04:00",
                "price": 201.2,
                "share": 4.970000000000001,
                "remain_portion": 20
            }
        ],
        "AAPL": [
            {
                "uuid": "b4fdfcb7-eede-4f24-ac1d-d1ca9f91676f",
                "stock": "AAPL",
                "time": "2024-07-11T10:46:03.922594-04:00",
                "price": 228.17,
                "share": 4.38,
                "remain_portion": 39
            },
            {
                "uuid": "093460ee-c1bd-4076-8e61-5f1f36270087",
                "stock": "AAPL",
                "time": "2024-07-11T11:01:20.901343-04:00",
                "price": 226.97,
                "share": 4.409999999999999,
                "remain_portion": 36
            }
        ],
        "DELL": [
            {
                "uuid": "ab21fae8-770b-4106-a89f-97f61b5f70d8",
                "stock": "DELL",
                "time": "2024-07-11T10:21:24.426776-04:00",
                "price": 142.0,
                "share": 7.04,
                "remain_portion": 45
            },
            {
                "uuid": "ccb881c7-a749-49fb-a95d-b0884f7ca4c3",
                "stock": "DELL",
                "time": "2024-07-11T11:46:23.775798-04:00",
                "price": 140.07,
                "share": 7.14,
                "remain_portion": 26
            },
            {
                "uuid": "59fee284-f88e-4cc0-919e-e7ec769f3102",
                "stock": "DELL",
                "time": "2024-07-11T12:05:56.674886-04:00",
                "price": 139.91,
                "share": 7.14,
                "remain_portion": 18
            }
        ],
        "SHOP": [
            {
                "uuid": "10d3b764-35d0-48d4-9341-800f2c0ad5fa",
                "stock": "SHOP",
                "time": "2024-07-11T08:41:59.645094-04:00",
                "price": 65.3947,
                "share": 16.9,
                "remain_portion": -1
            }
        ],
        "CEG": [],
        "MU": [
            {
                "uuid": "4d43d9f3-762e-4488-95ed-991d1a753f7c",
                "stock": "MU",
                "time": "2024-07-11T08:42:04.080372-04:00",
                "price": 135.663,
                "share": 0.33,
                "remain_portion": -1
            },
            {
                "uuid": "8b26085a-ce17-477c-8ea2-419c7c97877c",
                "stock": "MU",
                "time": "2024-07-11T10:21:26.985262-04:00",
                "price": 132.57,
                "share": 7.54,
                "remain_portion": 44
            },
            {
                "uuid": "d0daba9a-ccf9-4425-957d-60f3fbc03121",
                "stock": "MU",
                "time": "2024-07-11T11:36:59.827330-04:00",
                "price": 130.93,
                "share": 7.64,
                "remain_portion": 33
            },
            {
                "uuid": "8b52c4a9-1601-42d0-be3e-98ffeeaffe9b",
                "stock": "MU",
                "time": "2024-07-11T11:50:37.546704-04:00",
                "price": 130.85,
                "share": 7.639999999999999,
                "remain_portion": 23
            }
        ],
        "HIMS": [
            {
                "uuid": "3eccc881-2cde-4927-8a8b-e75e19cbdc5f",
                "stock": "HIMS",
                "time": "2024-07-11T09:36:32.647328-04:00",
                "price": 20.2633,
                "share": 33.59,
                "remain_portion": -1
            }
        ]
    },
    "active_pnl": {
        "TSLA": 0,
        "NVDA": 8.14,
        "META": 0.0,
        "MSFT": -25.58,
        "IBM": 0,
        "PLTR": 8.95,
        "BA": 0,
        "SNOW": 9.34,
        "GOOGL": -32.3,
        "COIN": 10.67,
        "SMCI": 0,
        "HOOD": 12.72,
        "CRWD": -30.38,
        "LULU": -53.97,
        "PANW": -9.73,
        "AMD": 3.58,
        "ARM": 3.64,
        "BABA": 0,
        "CELH": 0,
        "QCOM": -8.6,
        "AAPL": 4.59,
        "DELL": 1.09,
        "SHOP": -4.14,
        "CEG": 0,
        "MU": -3.36,
        "HIMS": 29.62
    },
    "active_pnl_percentage": {
        "TSLA": 0,
        "NVDA": 0.81,
        "META": 0,
        "MSFT": -0.85,
        "IBM": 0,
        "PLTR": 0.87,
        "BA": 0,
        "SNOW": 0.93,
        "GOOGL": -0.64,
        "COIN": 0.53,
        "SMCI": 0,
        "HOOD": 1.28,
        "CRWD": -1.52,
        "LULU": -1.27,
        "PANW": -0.58,
        "AMD": 0.36,
        "ARM": 0.42,
        "BABA": 0,
        "CELH": 0,
        "QCOM": -0.29,
        "AAPL": 0.2,
        "DELL": 0.06,
        "SHOP": -0.37,
        "CEG": 0,
        "MU": -0.09,
        "HIMS": 4.4
    }
}