{
    "time": "2024-08-09T16:35:09.869071-04:00",
    "daily_start_net_value": 108923.7749,
    "current_net_value": 109049.9272,
    "daily_pnl": 126.15230000000156,
    "daily_pnl_percentage": 0.12,
    "remain_portion": 0,
    "positions": {
        "TSLA": 16.25,
        "NVDA": 0.57,
        "META": 0,
        "MSFT": 19.29,
        "IBM": 0,
        "PLTR": 0,
        "BA": 22.28,
        "SNOW": 14.0,
        "GOOGL": 53.41,
        "COIN": 0,
        "SMCI": 6.0,
        "HOOD": 443.47,
        "CRWD": 15.49,
        "LULU": 17.83,
        "PANW": 0,
        "AMD": 60.44,
        "ARM": 0,
        "BABA": 24.0,
        "CELH": 301.82,
        "QCOM": 19.25,
        "AAPL": 0,
        "DELL": 113.51,
        "SHOP": 0,
        "CEG": 59.09,
        "MU": 96.73,
        "HIMS": 55.0
    },
    "cash_position": 408.36,
    "active_orders": {
        "TSLA": [
            {
                "uuid": "00000000-0000-0000-0000-0000000000",
                "stock": "TSLA",
                "time": "2024-08-09T07:00:41.788048-04:00",
                "price": 215.8739,
                "share": 13.25,
                "remain_portion": -1
            },
            {
                "uuid": "7061af15-ccb5-4c59-9ec0-bea5be27f3fa",
                "stock": "TSLA",
                "time": "2024-08-09T08:26:43.662101-04:00",
                "price": 198.30800000000002,
                "share": 5.0,
                "remain_portion": 3
            }
        ],
        "NVDA": [
            {
                "uuid": "00000000-0000-0000-0000-0000000000",
                "stock": "NVDA",
                "time": "2024-08-09T07:00:41.788078-04:00",
                "price": 117.7549,
                "share": 0.57,
                "remain_portion": -1
            }
        ],
        "META": [],
        "MSFT": [
            {
                "uuid": "00000000-0000-0000-0000-0000000000",
                "stock": "MSFT",
                "time": "2024-08-09T07:00:41.788017-04:00",
                "price": 446.5873,
                "share": 19.29,
                "remain_portion": -1
            }
        ],
        "IBM": [],
        "PLTR": [],
        "BA": [
            {
                "uuid": "00000000-0000-0000-0000-0000000000",
                "stock": "BA",
                "time": "2024-08-09T07:00:41.788135-04:00",
                "price": 173.421,
                "share": 22.28,
                "remain_portion": -1
            }
        ],
        "SNOW": [
            {
                "uuid": "00000000-0000-0000-0000-0000000000",
                "stock": "SNOW",
                "time": "2024-08-09T07:00:41.788272-04:00",
                "price": 129.91,
                "share": 14.0,
                "remain_portion": -1
            }
        ],
        "GOOGL": [
            {
                "uuid": "00000000-0000-0000-0000-0000000000",
                "stock": "GOOGL",
                "time": "2024-08-09T07:00:41.788106-04:00",
                "price": 176.8764,
                "share": 41.41,
                "remain_portion": -1
            },
            {
                "uuid": "cda5a326-7033-4b48-9ffd-e8f3a3fe04a0",
                "stock": "GOOGL",
                "time": "2024-08-09T07:30:34.399461-04:00",
                "price": 160.89000000000001,
                "share": 0.0,
                "remain_portion": 12
            },
            {
                "uuid": "c783c0b0-a274-40fb-bfcb-7b73f8479a9f",
                "stock": "GOOGL",
                "time": "2024-08-09T07:45:40.925101-04:00",
                "price": 160.12,
                "share": 12.0,
                "remain_portion": 11
            },
            {
                "uuid": "51391c0d-ffc4-4082-aa5f-2401f8d8d1cf",
                "stock": "GOOGL",
                "time": "2024-08-09T08:21:38.873370-04:00",
                "price": 159.25,
                "share": 0.0,
                "remain_portion": 4
            }
        ],
        "COIN": [],
        "SMCI": [
            {
                "uuid": "00000000-0000-0000-0000-0000000000",
                "stock": "SMCI",
                "time": "2024-08-09T07:00:41.788204-04:00",
                "price": 684.4683,
                "share": 6.0,
                "remain_portion": -1
            }
        ],
        "HOOD": [
            {
                "uuid": "00000000-0000-0000-0000-0000000000",
                "stock": "HOOD",
                "time": "2024-08-09T07:00:41.788175-04:00",
                "price": 22.4114,
                "share": 443.47,
                "remain_portion": -1
            }
        ],
        "CRWD": [
            {
                "uuid": "00000000-0000-0000-0000-0000000000",
                "stock": "CRWD",
                "time": "2024-08-09T07:00:41.788325-04:00",
                "price": 307.4512,
                "share": 15.49,
                "remain_portion": -1
            }
        ],
        "LULU": [
            {
                "uuid": "00000000-0000-0000-0000-0000000000",
                "stock": "LULU",
                "time": "2024-08-09T07:00:41.788245-04:00",
                "price": 280.291,
                "share": 17.83,
                "remain_portion": -1
            }
        ],
        "PANW": [],
        "AMD": [
            {
                "uuid": "00000000-0000-0000-0000-0000000000",
                "stock": "AMD",
                "time": "2024-08-09T07:00:41.787885-04:00",
                "price": 148.6707,
                "share": 53.44,
                "remain_portion": -1
            },
            {
                "uuid": "6ec1b189-c273-4156-9c40-e2d67ceec519",
                "stock": "AMD",
                "time": "2024-08-09T08:36:06.836993-04:00",
                "price": 134.9,
                "share": 7.0,
                "remain_portion": 0
            }
        ],
        "ARM": [],
        "BABA": [
            {
                "uuid": "b8e8d4a7-a8ee-4d95-9c8d-2a671459853f",
                "stock": "BABA",
                "time": "2024-08-09T07:55:51.528783-04:00",
                "price": 79.84,
                "share": 12.0,
                "remain_portion": 9
            },
            {
                "uuid": "9d60af05-9597-43ef-9a7d-e40889de07b9",
                "stock": "BABA",
                "time": "2024-08-09T08:16:21.492481-04:00",
                "price": 79.75999999999999,
                "share": 12.0,
                "remain_portion": 6
            }
        ],
        "CELH": [
            {
                "uuid": "00000000-0000-0000-0000-0000000000",
                "stock": "CELH",
                "time": "2024-08-09T07:00:41.788299-04:00",
                "price": 52.0913,
                "share": 301.82,
                "remain_portion": -1
            }
        ],
        "QCOM": [
            {
                "uuid": "00000000-0000-0000-0000-0000000000",
                "stock": "QCOM",
                "time": "2024-08-09T07:00:41.788427-04:00",
                "price": 177.3508,
                "share": 19.25,
                "remain_portion": -1
            }
        ],
        "AAPL": [],
        "DELL": [
            {
                "uuid": "00000000-0000-0000-0000-0000000000",
                "stock": "DELL",
                "time": "2024-08-09T07:00:41.788464-04:00",
                "price": 126.8585,
                "share": 113.51,
                "remain_portion": -1
            }
        ],
        "SHOP": [],
        "CEG": [
            {
                "uuid": "00000000-0000-0000-0000-0000000000",
                "stock": "CEG",
                "time": "2024-08-09T07:00:41.788532-04:00",
                "price": 191.8425,
                "share": 59.09,
                "remain_portion": -1
            }
        ],
        "MU": [
            {
                "uuid": "00000000-0000-0000-0000-0000000000",
                "stock": "MU",
                "time": "2024-08-09T07:00:41.788504-04:00",
                "price": 122.8553,
                "share": 96.73,
                "remain_portion": -1
            }
        ],
        "HIMS": [
            {
                "uuid": "00000000-0000-0000-0000-0000000000",
                "stock": "HIMS",
                "time": "2024-08-09T07:00:41.788380-04:00",
                "price": 17.68,
                "share": 55.0,
                "remain_portion": -1
            }
        ]
    },
    "active_pnl": {
        "TSLA": -201.14,
        "NVDA": -7.38,
        "META": 0,
        "MSFT": -780.42,
        "IBM": 0,
        "PLTR": 0,
        "BA": -123.01,
        "SNOW": -77.0,
        "GOOGL": -508.55,
        "COIN": 0,
        "SMCI": -1054.25,
        "HOOD": -1991.8,
        "CRWD": -1026.23,
        "LULU": -741.21,
        "PANW": 0,
        "AMD": -770.96,
        "ARM": 0,
        "BABA": 5.52,
        "CELH": -4222.85,
        "QCOM": -257.0,
        "AAPL": 0,
        "DELL": -3888.68,
        "SHOP": 0,
        "CEG": -116.56,
        "MU": -2880.16,
        "HIMS": -94.05
    },
    "active_pnl_percentage": {
        "TSLA": -5.22,
        "NVDA": -10.99,
        "META": 0,
        "MSFT": -9.06,
        "IBM": 0,
        "PLTR": 0,
        "BA": -3.18,
        "SNOW": -4.23,
        "GOOGL": -5.55,
        "COIN": 0,
        "SMCI": -25.67,
        "HOOD": -20.04,
        "CRWD": -21.55,
        "LULU": -14.83,
        "PANW": 0,
        "AMD": -8.67,
        "ARM": 0,
        "BABA": 0.31,
        "CELH": -26.86,
        "QCOM": -7.53,
        "AAPL": 0,
        "DELL": -27.01,
        "SHOP": 0,
        "CEG": -1.03,
        "MU": -24.24,
        "HIMS": -9.67
    }
}