{
    "time": "2024-07-10T17:35:28.437984-04:00",
    "daily_start_net_value": 84592.2994,
    "current_net_value": 84957.4778,
    "daily_pnl": 365.1783999999898,
    "daily_pnl_percentage": 0.43,
    "remain_portion": 25,
    "positions": {
        "TSLA": 6.0,
        "NVDA": 0,
        "META": 0,
        "MSFT": 0,
        "IBM": 0,
        "PLTR": 0,
        "BA": 17.44,
        "SNOW": 36.56,
        "GOOGL": 0,
        "COIN": 0,
        "SMCI": 0,
        "HOOD": 45.19,
        "CRWD": 2.6,
        "LULU": 27.69,
        "PANW": 0,
        "AMD": 0,
        "ARM": 0,
        "BABA": 0,
        "CELH": 0,
        "QCOM": 0,
        "AAPL": 0,
        "DELL": 0,
        "SHOP": 31.9,
        "CEG": 0,
        "MU": 22.33,
        "HIMS": 207.94
    },
    "cash_position": 25059.56,
    "active_orders": {
        "TSLA": [
            {
                "uuid": "64502eb9-6162-4083-894a-ef9969b3b068",
                "stock": "TSLA",
                "time": "2024-07-10T16:20:56.742307-04:00",
                "price": 262.54990000000004,
                "share": 3.0,
                "remain_portion": 25
            },
            {
                "uuid": "21b4b146-8dbd-40a8-b9a9-7aef45bbd0f7",
                "stock": "TSLA",
                "time": "2024-07-10T17:31:26.668444-04:00",
                "price": 261.8972,
                "share": 3.0,
                "remain_portion": 25
            }
        ],
        "NVDA": [],
        "META": [],
        "MSFT": [],
        "IBM": [],
        "PLTR": [],
        "BA": [
            {
                "uuid": "17885f17-adb7-420b-8d8b-8b77a20ffd69",
                "stock": "BA",
                "time": "2024-07-10T09:46:05.811383-04:00",
                "price": 183.8827,
                "share": 17.44,
                "remain_portion": -1
            }
        ],
        "SNOW": [
            {
                "uuid": "00000000-0000-0000-0000-0000000000",
                "stock": "SNOW",
                "time": "2024-07-10T07:02:15.927972-04:00",
                "price": 139.8141,
                "share": 21.68,
                "remain_portion": -1
            },
            {
                "uuid": "9d442763-f719-47bd-812c-035930400546",
                "stock": "SNOW",
                "time": "2024-07-10T10:26:44.482304-04:00",
                "price": 134.96,
                "share": 7.41,
                "remain_portion": 31
            },
            {
                "uuid": "0a7c9079-57e6-4a52-9a6d-a546f6d28dab",
                "stock": "SNOW",
                "time": "2024-07-10T10:40:18.245560-04:00",
                "price": 133.8,
                "share": 7.470000000000002,
                "remain_portion": 29
            }
        ],
        "GOOGL": [],
        "COIN": [],
        "SMCI": [],
        "HOOD": [
            {
                "uuid": "00000000-0000-0000-0000-0000000000",
                "stock": "HOOD",
                "time": "2024-07-10T07:02:15.927905-04:00",
                "price": 22.3169,
                "share": 0.35,
                "remain_portion": -1
            },
            {
                "uuid": "ee89de6c-c0d9-465e-8d47-c44e9bcab97d",
                "stock": "HOOD",
                "time": "2024-07-10T11:00:31.746406-04:00",
                "price": 22.3,
                "share": 44.839999999999996,
                "remain_portion": 26
            }
        ],
        "CRWD": [
            {
                "uuid": "3c841f7f-c216-4520-963f-229045c10a5c",
                "stock": "CRWD",
                "time": "2024-07-10T08:12:14.489797-04:00",
                "price": 384.4385,
                "share": 2.6,
                "remain_portion": -1
            }
        ],
        "LULU": [
            {
                "uuid": "00000000-0000-0000-0000-0000000000",
                "stock": "LULU",
                "time": "2024-07-10T07:02:15.927940-04:00",
                "price": 297.0588,
                "share": 18.18,
                "remain_portion": -1
            },
            {
                "uuid": "0068ac93-275b-424e-9cc1-6e32860200a9",
                "stock": "LULU",
                "time": "2024-07-10T08:21:03.894969-04:00",
                "price": 288.97,
                "share": 3.0,
                "remain_portion": 37
            },
            {
                "uuid": "e3f1dca0-897b-49b6-92cb-bb49c266e3ff",
                "stock": "LULU",
                "time": "2024-07-10T09:16:23.290208-04:00",
                "price": 287.93,
                "share": 3.0,
                "remain_portion": 36
            },
            {
                "uuid": "6340f086-2fa2-4c32-8234-10619cce3cef",
                "stock": "LULU",
                "time": "2024-07-10T10:16:35.810623-04:00",
                "price": 284.92,
                "share": 3.5100000000000016,
                "remain_portion": 33
            }
        ],
        "PANW": [],
        "AMD": [],
        "ARM": [],
        "BABA": [],
        "CELH": [],
        "QCOM": [],
        "AAPL": [],
        "DELL": [],
        "SHOP": [
            {
                "uuid": "347831fe-bf10-448c-909d-2d4a317374d9",
                "stock": "SHOP",
                "time": "2024-07-10T08:12:18.855306-04:00",
                "price": 66.1375,
                "share": 16.14,
                "remain_portion": -1
            },
            {
                "uuid": "cf33315e-8020-4d91-8654-c10b9f970329",
                "stock": "SHOP",
                "time": "2024-07-10T10:33:13.093054-04:00",
                "price": 65.08,
                "share": 15.370000000000001,
                "remain_portion": 30
            },
            {
                "uuid": "32a64e52-e80b-4efc-b427-afe8df271b4a",
                "stock": "SHOP",
                "time": "2024-07-10T10:45:24.753333-04:00",
                "price": 64.95,
                "share": 15.389999999999997,
                "remain_portion": 27
            }
        ],
        "CEG": [],
        "MU": [
            {
                "uuid": "ecec5a11-7d23-4bf6-beac-6dae18d2a997",
                "stock": "MU",
                "time": "2024-07-10T13:45:58.200512-04:00",
                "price": 135.663,
                "share": 22.33,
                "remain_portion": -1
            }
        ],
        "HIMS": [
            {
                "uuid": "fa5ab527-8b28-46dc-8b99-bd3a0b209513",
                "stock": "HIMS",
                "time": "2024-07-10T09:41:00.959474-04:00",
                "price": 20.4689,
                "share": 108.82,
                "remain_portion": -1
            },
            {
                "uuid": "545d7a95-748d-469c-ac53-486fdc084891",
                "stock": "HIMS",
                "time": "2024-07-10T10:06:25.418143-04:00",
                "price": 20.29,
                "share": 49.29000000000002,
                "remain_portion": 34
            },
            {
                "uuid": "880097b2-f06f-4378-8d75-e05eb0fe3157",
                "stock": "HIMS",
                "time": "2024-07-10T10:21:39.370678-04:00",
                "price": 20.07,
                "share": 49.000000000000014,
                "remain_portion": 32
            },
            {
                "uuid": "fe7af954-7e01-4b79-a7f1-ae0ced569a04",
                "stock": "HIMS",
                "time": "2024-07-10T10:40:20.752961-04:00",
                "price": 20.02,
                "share": 49.829999999999984,
                "remain_portion": 28
            }
        ]
    },
    "active_pnl": {
        "TSLA": -3.74,
        "NVDA": 0,
        "META": 0,
        "MSFT": 0,
        "IBM": 0,
        "PLTR": 0,
        "BA": -6.5,
        "SNOW": -3.71,
        "GOOGL": 0,
        "COIN": 0,
        "SMCI": 0,
        "HOOD": -1.33,
        "CRWD": -25.63,
        "LULU": -148.27,
        "PANW": 0,
        "AMD": 0,
        "ARM": 0,
        "BABA": 0,
        "CELH": 0,
        "QCOM": 0,
        "AAPL": 0,
        "DELL": 0,
        "SHOP": 3.69,
        "CEG": 0,
        "MU": 9.39,
        "HIMS": -31.21
    },
    "active_pnl_percentage": {
        "TSLA": -0.21,
        "NVDA": 0,
        "META": 0,
        "MSFT": 0,
        "IBM": 0,
        "PLTR": 0,
        "BA": -0.2,
        "SNOW": -0.07,
        "GOOGL": 0,
        "COIN": 0,
        "SMCI": 0,
        "HOOD": -0.13,
        "CRWD": -2.56,
        "LULU": -1.82,
        "PANW": 0,
        "AMD": 0,
        "ARM": 0,
        "BABA": 0,
        "CELH": 0,
        "QCOM": 0,
        "AAPL": 0,
        "DELL": 0,
        "SHOP": 0.12,
        "CEG": 0,
        "MU": 0.31,
        "HIMS": -0.6
    }
}