{
    "time": "2024-08-01T14:11:52.442627-04:00",
    "daily_start_net_value": 117504.0467,
    "current_net_value": 113491.6697,
    "daily_pnl": -4012.3770000000077,
    "daily_pnl_percentage": -3.41,
    "remain_portion": 18,
    "positions": {
        "TSLA": 0,
        "NVDA": 0.57,
        "META": 5.0,
        "MSFT": 17.29,
        "IBM": 0,
        "PLTR": 0,
        "BA": 0,
        "SNOW": 14.0,
        "GOOGL": 36.41,
        "COIN": 0,
        "SMCI": 3.0,
        "HOOD": 393.27,
        "CRWD": 11.0,
        "LULU": 17.83,
        "PANW": 0,
        "AMD": 45.79,
        "ARM": 0,
        "BABA": 0,
        "CELH": 301.82,
        "QCOM": 13.07,
        "AAPL": 0.52,
        "DELL": 113.51,
        "SHOP": 92.14,
        "CEG": 53.45,
        "MU": 86.76,
        "HIMS": 0
    },
    "cash_position": 18398.89,
    "active_orders": {
        "TSLA": [],
        "NVDA": [
            {
                "uuid": "00000000-0000-0000-0000-0000000000",
                "stock": "NVDA",
                "time": "2024-08-01T07:26:32.590676-04:00",
                "price": 117.7549,
                "share": 0.57,
                "remain_portion": -1
            }
        ],
        "META": [
            {
                "uuid": "a07a8c43-4001-444c-8f74-837bdcf1f128",
                "stock": "META",
                "time": "2024-08-01T07:40:26.664505-04:00",
                "price": 498.0661,
                "share": 5.0,
                "remain_portion": -1
            }
        ],
        "MSFT": [
            {
                "uuid": "00000000-0000-0000-0000-0000000000",
                "stock": "MSFT",
                "time": "2024-08-01T07:26:32.590590-04:00",
                "price": 450.417,
                "share": 17.29,
                "remain_portion": -1
            }
        ],
        "IBM": [],
        "PLTR": [],
        "BA": [],
        "SNOW": [
            {
                "uuid": "783116d7-e026-4fe6-af0b-a27c0d53a9a1",
                "stock": "SNOW",
                "time": "2024-08-01T07:55:39.122299-04:00",
                "price": 130.19,
                "share": 7.0,
                "remain_portion": 19
            }
        ],
        "GOOGL": [
            {
                "uuid": "00000000-0000-0000-0000-0000000000",
                "stock": "GOOGL",
                "time": "2024-08-01T07:26:32.590738-04:00",
                "price": 178.1352,
                "share": 36.41,
                "remain_portion": -1
            }
        ],
        "COIN": [],
        "SMCI": [
            {
                "uuid": "00000000-0000-0000-0000-0000000000",
                "stock": "SMCI",
                "time": "2024-08-01T07:26:32.590839-04:00",
                "price": 835.2433,
                "share": 3.0,
                "remain_portion": -1
            }
        ],
        "HOOD": [
            {
                "uuid": "00000000-0000-0000-0000-0000000000",
                "stock": "HOOD",
                "time": "2024-08-01T07:26:32.590776-04:00",
                "price": 22.73,
                "share": 393.27,
                "remain_portion": -1
            }
        ],
        "CRWD": [
            {
                "uuid": "00000000-0000-0000-0000-0000000000",
                "stock": "CRWD",
                "time": "2024-08-01T07:26:32.591016-04:00",
                "price": 342.1445,
                "share": 11.0,
                "remain_portion": -1
            }
        ],
        "LULU": [
            {
                "uuid": "00000000-0000-0000-0000-0000000000",
                "stock": "LULU",
                "time": "2024-08-01T07:26:32.590906-04:00",
                "price": 280.291,
                "share": 17.83,
                "remain_portion": -1
            }
        ],
        "PANW": [],
        "AMD": [
            {
                "uuid": "00000000-0000-0000-0000-0000000000",
                "stock": "AMD",
                "time": "2024-08-01T07:26:32.590547-04:00",
                "price": 151.6618,
                "share": 45.79,
                "remain_portion": -1
            }
        ],
        "ARM": [],
        "BABA": [],
        "CELH": [
            {
                "uuid": "00000000-0000-0000-0000-0000000000",
                "stock": "CELH",
                "time": "2024-08-01T07:26:32.590959-04:00",
                "price": 52.0913,
                "share": 301.82,
                "remain_portion": -1
            }
        ],
        "QCOM": [
            {
                "uuid": "00000000-0000-0000-0000-0000000000",
                "stock": "QCOM",
                "time": "2024-08-01T07:26:32.591110-04:00",
                "price": 184.652,
                "share": 13.07,
                "remain_portion": -1
            }
        ],
        "AAPL": [
            {
                "uuid": "bf9ff652-1c1b-473a-aa78-3f52c61ad846",
                "stock": "AAPL",
                "time": "2024-08-01T07:50:34.510405-04:00",
                "price": 223.6602,
                "share": 0.52,
                "remain_portion": -1
            }
        ],
        "DELL": [
            {
                "uuid": "00000000-0000-0000-0000-0000000000",
                "stock": "DELL",
                "time": "2024-08-01T07:26:32.591178-04:00",
                "price": 126.8585,
                "share": 113.51,
                "remain_portion": -1
            }
        ],
        "SHOP": [
            {
                "uuid": "00000000-0000-0000-0000-0000000000",
                "stock": "SHOP",
                "time": "2024-08-01T07:26:32.591054-04:00",
                "price": 64.7146,
                "share": 92.14,
                "remain_portion": -1
            }
        ],
        "CEG": [
            {
                "uuid": "00000000-0000-0000-0000-0000000000",
                "stock": "CEG",
                "time": "2024-08-01T07:26:32.591274-04:00",
                "price": 193.3875,
                "share": 53.45,
                "remain_portion": -1
            }
        ],
        "MU": [
            {
                "uuid": "00000000-0000-0000-0000-0000000000",
                "stock": "MU",
                "time": "2024-08-01T07:26:32.591234-04:00",
                "price": 125.4544,
                "share": 86.76,
                "remain_portion": -1
            }
        ],
        "HIMS": []
    },
    "active_pnl": {
        "TSLA": 0,
        "NVDA": -5.2,
        "META": -11.11,
        "MSFT": -620.4,
        "IBM": 0,
        "PLTR": 0,
        "BA": 0,
        "SNOW": -57.43,
        "GOOGL": -318.05,
        "COIN": 0,
        "SMCI": -506.25,
        "HOOD": -1059.86,
        "CRWD": -1312.35,
        "LULU": -591.44,
        "PANW": 0,
        "AMD": -869.63,
        "ARM": 0,
        "BABA": 0,
        "CELH": -2285.17,
        "QCOM": -262.41,
        "AAPL": -2.78,
        "DELL": -2081.6,
        "SHOP": -620.53,
        "CEG": -822.46,
        "MU": -2074.81,
        "HIMS": 0
    },
    "active_pnl_percentage": {
        "TSLA": 0,
        "NVDA": -7.71,
        "META": -0.44,
        "MSFT": -7.99,
        "IBM": 0,
        "PLTR": 0,
        "BA": 0,
        "SNOW": -6.3,
        "GOOGL": -4.89,
        "COIN": 0,
        "SMCI": -20.2,
        "HOOD": -11.86,
        "CRWD": -34.87,
        "LULU": -11.85,
        "PANW": 0,
        "AMD": -12.46,
        "ARM": 0,
        "BABA": 0,
        "CELH": -14.53,
        "QCOM": -10.84,
        "AAPL": -2.39,
        "DELL": -14.48,
        "SHOP": -10.38,
        "CEG": -8.02,
        "MU": -19.05,
        "HIMS": 0
    }
}