{
    "time": "2024-07-10T10:31:59.980717-04:00",
    "daily_start_net_value": 84592.2994,
    "current_net_value": 84591.6172,
    "daily_pnl": -0.682200000010198,
    "daily_pnl_percentage": -0.0,
    "remain_portion": 31,
    "positions": {
        "TSLA": 0,
        "NVDA": 0,
        "META": 0,
        "MSFT": 2.2,
        "IBM": 10.7,
        "PLTR": 0,
        "BA": 17.44,
        "SNOW": 29.09,
        "GOOGL": 0,
        "COIN": 0,
        "SMCI": 0,
        "HOOD": 0.35,
        "CRWD": 2.6,
        "LULU": 27.69,
        "PANW": 0,
        "AMD": 0,
        "ARM": 0,
        "BABA": 0,
        "CELH": 18.17,
        "QCOM": 0,
        "AAPL": 0,
        "DELL": 0,
        "SHOP": 16.14,
        "CEG": 0,
        "MU": 44.66,
        "HIMS": 158.11
    },
    "cash_position": 31630.44,
    "active_orders": {
        "TSLA": [],
        "NVDA": [],
        "META": [],
        "MSFT": [
            {
                "uuid": "f8b85cf2-ebf3-4bc4-95c9-980a52a113fb",
                "stock": "MSFT",
                "time": "2024-07-10T10:16:31.917118-04:00",
                "price": 460.1335,
                "share": 2.2,
                "remain_portion": -1
            }
        ],
        "IBM": [
            {
                "uuid": "3872818d-2bad-4155-9fe3-806d46a52865",
                "stock": "IBM",
                "time": "2024-07-10T09:40:45.189722-04:00",
                "price": 176.5412,
                "share": 4.98,
                "remain_portion": -1
            },
            {
                "uuid": "75149dce-57ce-4ce6-a04f-cd12e7574540",
                "stock": "IBM",
                "time": "2024-07-10T10:06:22.293270-04:00",
                "price": 174.68,
                "share": 5.719999999999999,
                "remain_portion": 35
            }
        ],
        "PLTR": [],
        "BA": [
            {
                "uuid": "17885f17-adb7-420b-8d8b-8b77a20ffd69",
                "stock": "BA",
                "time": "2024-07-10T09:46:05.811383-04:00",
                "price": 183.8827,
                "share": 17.44,
                "remain_portion": -1
            }
        ],
        "SNOW": [
            {
                "uuid": "00000000-0000-0000-0000-0000000000",
                "stock": "SNOW",
                "time": "2024-07-10T07:02:15.927972-04:00",
                "price": 139.8141,
                "share": 21.68,
                "remain_portion": -1
            },
            {
                "uuid": "9d442763-f719-47bd-812c-035930400546",
                "stock": "SNOW",
                "time": "2024-07-10T10:26:44.482304-04:00",
                "price": 134.96,
                "share": 7.41,
                "remain_portion": 31
            }
        ],
        "GOOGL": [],
        "COIN": [],
        "SMCI": [],
        "HOOD": [
            {
                "uuid": "00000000-0000-0000-0000-0000000000",
                "stock": "HOOD",
                "time": "2024-07-10T07:02:15.927905-04:00",
                "price": 22.3169,
                "share": 0.35,
                "remain_portion": -1
            }
        ],
        "CRWD": [
            {
                "uuid": "3c841f7f-c216-4520-963f-229045c10a5c",
                "stock": "CRWD",
                "time": "2024-07-10T08:12:14.489797-04:00",
                "price": 384.4385,
                "share": 2.6,
                "remain_portion": -1
            }
        ],
        "LULU": [
            {
                "uuid": "00000000-0000-0000-0000-0000000000",
                "stock": "LULU",
                "time": "2024-07-10T07:02:15.927940-04:00",
                "price": 297.0588,
                "share": 18.18,
                "remain_portion": -1
            },
            {
                "uuid": "0068ac93-275b-424e-9cc1-6e32860200a9",
                "stock": "LULU",
                "time": "2024-07-10T08:21:03.894969-04:00",
                "price": 288.97,
                "share": 3.0,
                "remain_portion": 37
            },
            {
                "uuid": "e3f1dca0-897b-49b6-92cb-bb49c266e3ff",
                "stock": "LULU",
                "time": "2024-07-10T09:16:23.290208-04:00",
                "price": 287.93,
                "share": 3.0,
                "remain_portion": 36
            },
            {
                "uuid": "6340f086-2fa2-4c32-8234-10619cce3cef",
                "stock": "LULU",
                "time": "2024-07-10T10:16:35.810623-04:00",
                "price": 284.92,
                "share": 3.5100000000000016,
                "remain_portion": 33
            }
        ],
        "PANW": [],
        "AMD": [],
        "ARM": [],
        "BABA": [],
        "CELH": [
            {
                "uuid": "55aa4b43-dd24-4b69-ae4c-7220a794049b",
                "stock": "CELH",
                "time": "2024-07-10T09:40:49.647139-04:00",
                "price": 54.9536,
                "share": 18.17,
                "remain_portion": -1
            }
        ],
        "QCOM": [],
        "AAPL": [],
        "DELL": [],
        "SHOP": [
            {
                "uuid": "347831fe-bf10-448c-909d-2d4a317374d9",
                "stock": "SHOP",
                "time": "2024-07-10T08:12:18.855306-04:00",
                "price": 66.1375,
                "share": 16.14,
                "remain_portion": -1
            }
        ],
        "CEG": [],
        "MU": [
            {
                "uuid": "00000000-0000-0000-0000-0000000000",
                "stock": "MU",
                "time": "2024-07-10T07:02:15.928172-04:00",
                "price": 135.663,
                "share": 44.66,
                "remain_portion": -1
            }
        ],
        "HIMS": [
            {
                "uuid": "fa5ab527-8b28-46dc-8b99-bd3a0b209513",
                "stock": "HIMS",
                "time": "2024-07-10T09:41:00.959474-04:00",
                "price": 20.4689,
                "share": 108.82,
                "remain_portion": -1
            },
            {
                "uuid": "545d7a95-748d-469c-ac53-486fdc084891",
                "stock": "HIMS",
                "time": "2024-07-10T10:06:25.418143-04:00",
                "price": 20.29,
                "share": 49.29000000000002,
                "remain_portion": 34
            },
            {
                "uuid": "880097b2-f06f-4378-8d75-e05eb0fe3157",
                "stock": "HIMS",
                "time": "2024-07-10T10:21:39.370678-04:00",
                "price": 20.07,
                "share": 49.000000000000014,
                "remain_portion": 32
            }
        ]
    },
    "active_pnl": {
        "TSLA": 0,
        "NVDA": 0,
        "META": 0,
        "MSFT": 7.3,
        "IBM": -3.6,
        "PLTR": 0,
        "BA": -10.16,
        "SNOW": -116.54,
        "GOOGL": 0,
        "COIN": 0,
        "SMCI": 0,
        "HOOD": 0.12,
        "CRWD": -32.68,
        "LULU": -238.96,
        "PANW": 0,
        "AMD": 0,
        "ARM": 0,
        "BABA": 0,
        "CELH": 21.19,
        "QCOM": 0,
        "AAPL": 0,
        "DELL": 0,
        "SHOP": -16.91,
        "CEG": 0,
        "MU": -32.96,
        "HIMS": -58.39
    },
    "active_pnl_percentage": {
        "TSLA": 0,
        "NVDA": 0,
        "META": 0,
        "MSFT": 0.73,
        "IBM": -0.19,
        "PLTR": 0,
        "BA": -0.32,
        "SNOW": -2.89,
        "GOOGL": 0,
        "COIN": 0,
        "SMCI": 0,
        "HOOD": 1.54,
        "CRWD": -3.27,
        "LULU": -2.94,
        "PANW": 0,
        "AMD": 0,
        "ARM": 0,
        "BABA": 0,
        "CELH": 2.08,
        "QCOM": 0,
        "AAPL": 0,
        "DELL": 0,
        "SHOP": -1.55,
        "CEG": 0,
        "MU": -0.53,
        "HIMS": -1.36
    }
}