{
    "time": "2024-07-31T17:35:52.308552-04:00",
    "daily_start_net_value": 112799.275,
    "current_net_value": 117470.8467,
    "daily_pnl": 4671.5717,
    "daily_pnl_percentage": 4.14,
    "remain_portion": 0,
    "positions": {
        "TSLA": 0,
        "NVDA": 12.57,
        "META": 10.0,
        "MSFT": 17.29,
        "IBM": 0,
        "PLTR": 0,
        "BA": 0,
        "SNOW": 0,
        "GOOGL": 36.41,
        "COIN": 0,
        "SMCI": 3.0,
        "HOOD": 393.27,
        "CRWD": 11.0,
        "LULU": 17.83,
        "PANW": 0,
        "AMD": 45.79,
        "ARM": 0,
        "BABA": 0,
        "CELH": 301.82,
        "QCOM": 13.07,
        "AAPL": 10.52,
        "DELL": 113.51,
        "SHOP": 92.14,
        "CEG": 53.45,
        "MU": 86.76,
        "HIMS": 0
    },
    "cash_position": 940.22,
    "active_orders": {
        "TSLA": [],
        "NVDA": [
            {
                "uuid": "67f7f0fb-8aca-4eca-b950-105fc95ea4ed",
                "stock": "NVDA",
                "time": "2024-07-31T16:21:18.716138-04:00",
                "price": 117.7549,
                "share": 12.57,
                "remain_portion": -1
            }
        ],
        "META": [
            {
                "uuid": "00000000-0000-0000-0000-0000000000",
                "stock": "META",
                "time": "2024-07-31T07:01:37.577200-04:00",
                "price": 498.0661,
                "share": 10.0,
                "remain_portion": -1
            }
        ],
        "MSFT": [
            {
                "uuid": "00000000-0000-0000-0000-0000000000",
                "stock": "MSFT",
                "time": "2024-07-31T07:01:37.577393-04:00",
                "price": 450.417,
                "share": 17.29,
                "remain_portion": -1
            }
        ],
        "IBM": [],
        "PLTR": [],
        "BA": [],
        "SNOW": [],
        "GOOGL": [
            {
                "uuid": "00000000-0000-0000-0000-0000000000",
                "stock": "GOOGL",
                "time": "2024-07-31T07:01:37.577474-04:00",
                "price": 178.1352,
                "share": 36.41,
                "remain_portion": -1
            }
        ],
        "COIN": [],
        "SMCI": [
            {
                "uuid": "00000000-0000-0000-0000-0000000000",
                "stock": "SMCI",
                "time": "2024-07-31T07:01:37.577544-04:00",
                "price": 835.2433,
                "share": 3.0,
                "remain_portion": -1
            }
        ],
        "HOOD": [
            {
                "uuid": "00000000-0000-0000-0000-0000000000",
                "stock": "HOOD",
                "time": "2024-07-31T07:01:37.577503-04:00",
                "price": 22.73,
                "share": 393.27,
                "remain_portion": -1
            }
        ],
        "CRWD": [
            {
                "uuid": "00000000-0000-0000-0000-0000000000",
                "stock": "CRWD",
                "time": "2024-07-31T07:01:37.577689-04:00",
                "price": 342.1445,
                "share": 11.0,
                "remain_portion": -1
            }
        ],
        "LULU": [
            {
                "uuid": "00000000-0000-0000-0000-0000000000",
                "stock": "LULU",
                "time": "2024-07-31T07:01:37.577575-04:00",
                "price": 280.291,
                "share": 17.83,
                "remain_portion": -1
            }
        ],
        "PANW": [],
        "AMD": [
            {
                "uuid": "00000000-0000-0000-0000-0000000000",
                "stock": "AMD",
                "time": "2024-07-31T07:01:37.577352-04:00",
                "price": 152.9862,
                "share": 38.86,
                "remain_portion": -1
            },
            {
                "uuid": "b90c2138-b117-4c7e-8d7d-e85cb7fbfcdd",
                "stock": "AMD",
                "time": "2024-07-31T12:10:33.096259-04:00",
                "price": 144.26,
                "share": 6.93,
                "remain_portion": 0
            }
        ],
        "ARM": [],
        "BABA": [],
        "CELH": [
            {
                "uuid": "00000000-0000-0000-0000-0000000000",
                "stock": "CELH",
                "time": "2024-07-31T07:01:37.577650-04:00",
                "price": 52.0913,
                "share": 301.82,
                "remain_portion": -1
            }
        ],
        "QCOM": [
            {
                "uuid": "75d07885-7ea1-4933-90aa-7946866f2228",
                "stock": "QCOM",
                "time": "2024-07-31T16:11:11.190791-04:00",
                "price": 184.652,
                "share": 13.07,
                "remain_portion": -1
            }
        ],
        "AAPL": [
            {
                "uuid": "19f00755-25dc-49b0-9d69-2a4b684571d1",
                "stock": "AAPL",
                "time": "2024-07-31T10:45:58.340640-04:00",
                "price": 223.6602,
                "share": 10.52,
                "remain_portion": -1
            }
        ],
        "DELL": [
            {
                "uuid": "00000000-0000-0000-0000-0000000000",
                "stock": "DELL",
                "time": "2024-07-31T07:01:37.577786-04:00",
                "price": 126.8585,
                "share": 113.51,
                "remain_portion": -1
            }
        ],
        "SHOP": [
            {
                "uuid": "00000000-0000-0000-0000-0000000000",
                "stock": "SHOP",
                "time": "2024-07-31T07:01:37.577722-04:00",
                "price": 64.7146,
                "share": 92.14,
                "remain_portion": -1
            }
        ],
        "CEG": [
            {
                "uuid": "00000000-0000-0000-0000-0000000000",
                "stock": "CEG",
                "time": "2024-07-31T07:01:37.577833-04:00",
                "price": 193.3875,
                "share": 53.45,
                "remain_portion": -1
            }
        ],
        "MU": [
            {
                "uuid": "00000000-0000-0000-0000-0000000000",
                "stock": "MU",
                "time": "2024-07-31T07:01:37.577814-04:00",
                "price": 125.4544,
                "share": 86.76,
                "remain_portion": -1
            }
        ],
        "HIMS": []
    },
    "active_pnl": {
        "TSLA": 0,
        "NVDA": 17.66,
        "META": 19.84,
        "MSFT": -550.98,
        "IBM": 0,
        "PLTR": 0,
        "BA": 0,
        "SNOW": 0,
        "GOOGL": -272.54,
        "COIN": 0,
        "SMCI": -356.23,
        "HOOD": -825.12,
        "CRWD": -1209.28,
        "LULU": -385.68,
        "PANW": 0,
        "AMD": -307.96,
        "ARM": 0,
        "BABA": 0,
        "CELH": -1491.38,
        "QCOM": -64.85,
        "AAPL": -9.58,
        "DELL": -1408.5,
        "SHOP": -305.41,
        "CEG": -181.06,
        "MU": -1322.6,
        "HIMS": 0
    },
    "active_pnl_percentage": {
        "TSLA": 0,
        "NVDA": 1.27,
        "META": 0.29,
        "MSFT": -7.07,
        "IBM": 0,
        "PLTR": 0,
        "BA": 0,
        "SNOW": 0,
        "GOOGL": -4.2,
        "COIN": 0,
        "SMCI": -14.22,
        "HOOD": -9.23,
        "CRWD": -32.13,
        "LULU": -7.72,
        "PANW": 0,
        "AMD": -4.43,
        "ARM": 0,
        "BABA": 0,
        "CELH": -9.49,
        "QCOM": -2.69,
        "AAPL": -0.41,
        "DELL": -9.78,
        "SHOP": -5.12,
        "CEG": -1.75,
        "MU": -12.22,
        "HIMS": 0
    }
}