{
    "time": "2024-07-08T09:31:47.848232-04:00",
    "daily_start_net_value": 84146.741,
    "current_net_value": 84108.2798,
    "daily_pnl": -38.46119999999064,
    "daily_pnl_percentage": -0.05,
    "remain_portion": 53,
    "positions": {
        "TSLA": 0,
        "NVDA": 0,
        "META": 4.0,
        "MSFT": 0,
        "IBM": 0,
        "PLTR": 0,
        "BA": 0,
        "SNOW": 0,
        "GOOGL": 3.0,
        "COIN": 0,
        "SMCI": 0,
        "HOOD": 26.0,
        "CRWD": 0,
        "LULU": 5.0,
        "PANW": 0,
        "AMD": 0,
        "ARM": 0,
        "BABA": 91.25,
        "CELH": 52.0,
        "QCOM": 20.26,
        "AAPL": 0,
        "DELL": 24.0,
        "SHOP": 0,
        "CEG": 0,
        "MU": 21.72,
        "HIMS": 0.0
    },
    "cash_position": 53236.05,
    "active_orders": {
        "TSLA": [],
        "NVDA": [],
        "META": [
            {
                "uuid": "00000000-0000-0000-0000-0000000000",
                "stock": "META",
                "time": "2024-07-08T07:27:03.689540-04:00",
                "price": 508.9325,
                "share": 4.0,
                "remain_portion": -1
            }
        ],
        "MSFT": [],
        "IBM": [],
        "PLTR": [],
        "BA": [],
        "SNOW": [],
        "GOOGL": [
            {
                "uuid": "00000000-0000-0000-0000-0000000000",
                "stock": "GOOGL",
                "time": "2024-07-08T07:27:03.689684-04:00",
                "price": 182.34,
                "share": 3.0,
                "remain_portion": -1
            },
            {
                "uuid": "bb73a409-ccea-4717-bc00-7486c1bdbe56",
                "stock": "GOOGL",
                "time": "2024-07-08T08:06:44.743122-04:00",
                "price": 188.95000000000002,
                "share": 0.0,
                "remain_portion": 58
            }
        ],
        "COIN": [],
        "SMCI": [],
        "HOOD": [
            {
                "uuid": "00000000-0000-0000-0000-0000000000",
                "stock": "HOOD",
                "time": "2024-07-08T07:27:03.689723-04:00",
                "price": 22.68,
                "share": 26.0,
                "remain_portion": -1
            }
        ],
        "CRWD": [],
        "LULU": [
            {
                "uuid": "00000000-0000-0000-0000-0000000000",
                "stock": "LULU",
                "time": "2024-07-08T07:27:03.689807-04:00",
                "price": 303.486,
                "share": 5.0,
                "remain_portion": -1
            }
        ],
        "PANW": [],
        "AMD": [],
        "ARM": [],
        "BABA": [
            {
                "uuid": "00000000-0000-0000-0000-0000000000",
                "stock": "BABA",
                "time": "2024-07-08T07:27:03.689761-04:00",
                "price": 72.688,
                "share": 65.25,
                "remain_portion": -1
            },
            {
                "uuid": "b20bbc04-16d8-4383-a141-e1877a9ef7f9",
                "stock": "BABA",
                "time": "2024-07-08T07:56:29.968187-04:00",
                "price": 73.7,
                "share": 13.0,
                "remain_portion": 59
            },
            {
                "uuid": "b474a295-e2f7-4cd7-ac56-68497dec292a",
                "stock": "BABA",
                "time": "2024-07-08T08:56:10.886180-04:00",
                "price": 73.71,
                "share": 13.0,
                "remain_portion": 53
            }
        ],
        "CELH": [
            {
                "uuid": "1916c7b8-d51d-4ebd-9736-6e4f87c5ea6d",
                "stock": "CELH",
                "time": "2024-07-08T08:06:47.638096-04:00",
                "price": 56.559999999999995,
                "share": 17.0,
                "remain_portion": 57
            },
            {
                "uuid": "bfa85ce6-2751-41bd-b336-51602f89802f",
                "stock": "CELH",
                "time": "2024-07-08T08:36:02.071109-04:00",
                "price": 55.849999999999994,
                "share": 17.0,
                "remain_portion": 55
            },
            {
                "uuid": "f8877ae8-989e-43e3-9872-2a5fe9f45cff",
                "stock": "CELH",
                "time": "2024-07-08T08:51:06.405161-04:00",
                "price": 55.4,
                "share": 18.0,
                "remain_portion": 54
            }
        ],
        "QCOM": [
            {
                "uuid": "00000000-0000-0000-0000-0000000000",
                "stock": "QCOM",
                "time": "2024-07-08T08:50:02.292561-04:00",
                "price": 204.2656,
                "share": 20.26,
                "remain_portion": -1
            }
        ],
        "AAPL": [],
        "DELL": [
            {
                "uuid": "00000000-0000-0000-0000-0000000000",
                "stock": "DELL",
                "time": "2024-07-08T07:27:03.689883-04:00",
                "price": 141.9708,
                "share": 24.0,
                "remain_portion": -1
            }
        ],
        "SHOP": [],
        "CEG": [],
        "MU": [
            {
                "uuid": "00000000-0000-0000-0000-0000000000",
                "stock": "MU",
                "time": "2024-07-08T07:27:03.689927-04:00",
                "price": 140.8356,
                "share": 21.72,
                "remain_portion": -1
            }
        ],
        "HIMS": [
            {
                "uuid": "13124ad7-c561-4098-b79d-c2cb5cc53489",
                "stock": "HIMS",
                "time": "2024-07-08T08:30:47.377351-04:00",
                "price": 20.74072,
                "share": 0.0,
                "remain_portion": 56
            }
        ]
    },
    "active_pnl": {
        "TSLA": 0,
        "NVDA": 0,
        "META": 114.63,
        "MSFT": 0,
        "IBM": 0,
        "PLTR": 0,
        "BA": 0,
        "SNOW": 0,
        "GOOGL": 17.61,
        "COIN": 0,
        "SMCI": 0,
        "HOOD": 1.82,
        "CRWD": 0,
        "LULU": -14.03,
        "PANW": 0,
        "AMD": 0,
        "ARM": 0,
        "BABA": 41.27,
        "CELH": -13.83,
        "QCOM": 67.1,
        "AAPL": 0,
        "DELL": -56.34,
        "SHOP": 0,
        "CEG": 0,
        "MU": -201.03,
        "HIMS": 0.0
    },
    "active_pnl_percentage": {
        "TSLA": 0,
        "NVDA": 0,
        "META": 5.58,
        "MSFT": 0,
        "IBM": 0,
        "PLTR": 0,
        "BA": 0,
        "SNOW": 0,
        "GOOGL": 3.26,
        "COIN": 0,
        "SMCI": 0,
        "HOOD": 0.24,
        "CRWD": 0,
        "LULU": -0.88,
        "PANW": 0,
        "AMD": 0,
        "ARM": 0,
        "BABA": 0.62,
        "CELH": -0.37,
        "QCOM": 1.67,
        "AAPL": 0,
        "DELL": -1.63,
        "SHOP": 0,
        "CEG": 0,
        "MU": -6.59,
        "HIMS": 0
    }
}