{
    "time": "2024-07-18T18:37:11.524264-04:00",
    "daily_start_net_value": 87579.4237,
    "current_net_value": 91876.228,
    "daily_pnl": 4296.804300000003,
    "daily_pnl_percentage": 4.91,
    "remain_portion": 0,
    "positions": {
        "TSLA": 0,
        "NVDA": 22.13,
        "META": 5.96,
        "MSFT": 15.29,
        "IBM": 0,
        "PLTR": 0,
        "BA": 11.04,
        "SNOW": 0.6,
        "GOOGL": 40.5,
        "COIN": 4.25,
        "SMCI": 2.0,
        "HOOD": 83.28,
        "CRWD": 8.0,
        "LULU": 0,
        "PANW": 7.0,
        "AMD": 17.75,
        "ARM": 0,
        "BABA": 33.99,
        "CELH": 215.98,
        "QCOM": 4.82,
        "AAPL": 12.39,
        "DELL": 77.91,
        "SHOP": 59.45,
        "CEG": 36.0,
        "MU": 77.76,
        "HIMS": 44.0
    },
    "cash_position": 349.64,
    "active_orders": {
        "TSLA": [],
        "NVDA": [
            {
                "uuid": "00000000-0000-0000-0000-0000000000",
                "stock": "NVDA",
                "time": "2024-07-18T07:01:39.867583-04:00",
                "price": 125.1503,
                "share": 22.13,
                "remain_portion": -1
            }
        ],
        "META": [
            {
                "uuid": "00000000-0000-0000-0000-0000000000",
                "stock": "META",
                "time": "2024-07-18T07:01:39.867375-04:00",
                "price": 509.2937,
                "share": 5.96,
                "remain_portion": -1
            }
        ],
        "MSFT": [
            {
                "uuid": "00000000-0000-0000-0000-0000000000",
                "stock": "MSFT",
                "time": "2024-07-18T07:01:39.867529-04:00",
                "price": 453.8241,
                "share": 13.02,
                "remain_portion": -1
            },
            {
                "uuid": "2dd100a3-378f-45ce-9048-4775f40a3bea",
                "stock": "MSFT",
                "time": "2024-07-18T09:55:32.244241-04:00",
                "price": 440.25,
                "share": 2.2699999999999996,
                "remain_portion": 0
            }
        ],
        "IBM": [],
        "PLTR": [],
        "BA": [
            {
                "uuid": "104e6ac1-9ac2-4a70-9660-7a55c41fde27",
                "stock": "BA",
                "time": "2024-07-18T12:39:55.330326-04:00",
                "price": 181.95,
                "share": 5.5,
                "remain_portion": 4
            },
            {
                "uuid": "a5e42bc1-aabf-4b42-b304-cb7e804d3a3a",
                "stock": "BA",
                "time": "2024-07-18T14:15:35.423750-04:00",
                "price": 180.54,
                "share": 5.539999999999999,
                "remain_portion": 3
            }
        ],
        "SNOW": [
            {
                "uuid": "3aaf5044-5d3a-41f9-a077-37bcfb8efade",
                "stock": "SNOW",
                "time": "2024-07-18T14:15:37.857993-04:00",
                "price": 131.64,
                "share": 7.6,
                "remain_portion": 2
            }
        ],
        "GOOGL": [
            {
                "uuid": "00000000-0000-0000-0000-0000000000",
                "stock": "GOOGL",
                "time": "2024-07-18T07:01:39.867616-04:00",
                "price": 184.4393,
                "share": 40.5,
                "remain_portion": -1
            }
        ],
        "COIN": [
            {
                "uuid": "a6daab50-2d8b-4b3c-b27e-d9f33c5b65c1",
                "stock": "COIN",
                "time": "2024-07-18T14:15:41.418632-04:00",
                "price": 235.38,
                "share": 4.25,
                "remain_portion": 1
            }
        ],
        "SMCI": [
            {
                "uuid": "00000000-0000-0000-0000-0000000000",
                "stock": "SMCI",
                "time": "2024-07-18T07:01:39.867716-04:00",
                "price": 869.365,
                "share": 2.0,
                "remain_portion": -1
            }
        ],
        "HOOD": [
            {
                "uuid": "00000000-0000-0000-0000-0000000000",
                "stock": "HOOD",
                "time": "2024-07-18T07:01:39.867644-04:00",
                "price": 23.8369,
                "share": 83.28,
                "remain_portion": -1
            }
        ],
        "CRWD": [
            {
                "uuid": "00000000-0000-0000-0000-0000000000",
                "stock": "CRWD",
                "time": "2024-07-18T07:01:39.867855-04:00",
                "price": 361.5375,
                "share": 8.0,
                "remain_portion": -1
            }
        ],
        "LULU": [],
        "PANW": [
            {
                "uuid": "00000000-0000-0000-0000-0000000000",
                "stock": "PANW",
                "time": "2024-07-18T07:01:39.867790-04:00",
                "price": 334.61,
                "share": 7.0,
                "remain_portion": -1
            },
            {
                "uuid": "247eb026-4179-49c0-9955-c95941b8e6fb",
                "stock": "PANW",
                "time": "2024-07-18T08:00:54.115547-04:00",
                "price": 329.3,
                "share": 0.0,
                "remain_portion": 4
            }
        ],
        "AMD": [
            {
                "uuid": "00000000-0000-0000-0000-0000000000",
                "stock": "AMD",
                "time": "2024-07-18T07:01:39.867498-04:00",
                "price": 165.9466,
                "share": 17.75,
                "remain_portion": -1
            }
        ],
        "ARM": [],
        "BABA": [
            {
                "uuid": "db2825a5-e995-4451-8db1-7d70eccd35c1",
                "stock": "BABA",
                "time": "2024-07-18T10:00:41.043635-04:00",
                "price": 77.8315,
                "share": 33.94,
                "remain_portion": -1
            },
            {
                "uuid": "684b3591-40c1-43d4-b1ad-8fb21756a8a5",
                "stock": "BABA",
                "time": "2024-07-18T14:20:46.189141-04:00",
                "price": 76.62,
                "share": 13.050000000000004,
                "remain_portion": 0
            }
        ],
        "CELH": [
            {
                "uuid": "00000000-0000-0000-0000-0000000000",
                "stock": "CELH",
                "time": "2024-07-18T07:01:39.867827-04:00",
                "price": 54.6668,
                "share": 196.98,
                "remain_portion": -1
            },
            {
                "uuid": "f228bdeb-24ed-41d5-a8ab-ea1a6592f6c2",
                "stock": "CELH",
                "time": "2024-07-18T09:26:07.702643-04:00",
                "price": 50.9,
                "share": 19.0,
                "remain_portion": 1
            }
        ],
        "QCOM": [
            {
                "uuid": "00000000-0000-0000-0000-0000000000",
                "stock": "QCOM",
                "time": "2024-07-18T07:01:39.867967-04:00",
                "price": 201.3545,
                "share": 4.82,
                "remain_portion": -1
            }
        ],
        "AAPL": [
            {
                "uuid": "00000000-0000-0000-0000-0000000000",
                "stock": "AAPL",
                "time": "2024-07-18T07:01:39.867557-04:00",
                "price": 229.0549,
                "share": 12.39,
                "remain_portion": -1
            }
        ],
        "DELL": [
            {
                "uuid": "00000000-0000-0000-0000-0000000000",
                "stock": "DELL",
                "time": "2024-07-18T07:01:39.868011-04:00",
                "price": 133.4984,
                "share": 77.91,
                "remain_portion": -1
            }
        ],
        "SHOP": [
            {
                "uuid": "00000000-0000-0000-0000-0000000000",
                "stock": "SHOP",
                "time": "2024-07-18T07:01:39.867909-04:00",
                "price": 66.6823,
                "share": 59.45,
                "remain_portion": -1
            }
        ],
        "CEG": [
            {
                "uuid": "00000000-0000-0000-0000-0000000000",
                "stock": "CEG",
                "time": "2024-07-18T07:01:39.868080-04:00",
                "price": 203.8425,
                "share": 36.0,
                "remain_portion": -1
            }
        ],
        "MU": [
            {
                "uuid": "00000000-0000-0000-0000-0000000000",
                "stock": "MU",
                "time": "2024-07-18T07:01:39.868051-04:00",
                "price": 127.7454,
                "share": 77.76,
                "remain_portion": -1
            }
        ],
        "HIMS": [
            {
                "uuid": "00000000-0000-0000-0000-0000000000",
                "stock": "HIMS",
                "time": "2024-07-18T07:01:39.867883-04:00",
                "price": 22.67,
                "share": 44.0,
                "remain_portion": -1
            }
        ]
    },
    "active_pnl": {
        "TSLA": 0,
        "NVDA": -75.91,
        "META": -186.51,
        "MSFT": -146.0,
        "IBM": 0,
        "PLTR": 0,
        "BA": -7.6,
        "SNOW": -7.22,
        "GOOGL": -252.69,
        "COIN": 2.42,
        "SMCI": -127.81,
        "HOOD": -74.69,
        "CRWD": -136.27,
        "LULU": 0,
        "PANW": -73.66,
        "AMD": -168.56,
        "ARM": 0,
        "BABA": -42.06,
        "CELH": -677.19,
        "QCOM": -40.41,
        "AAPL": -49.62,
        "DELL": -594.58,
        "SHOP": -201.08,
        "CEG": -559.89,
        "MU": -757.8,
        "HIMS": -95.48
    },
    "active_pnl_percentage": {
        "TSLA": 0,
        "NVDA": -2.74,
        "META": -6.14,
        "MSFT": -2.11,
        "IBM": 0,
        "PLTR": 0,
        "BA": -0.38,
        "SNOW": -0.72,
        "GOOGL": -3.38,
        "COIN": 0.24,
        "SMCI": -7.35,
        "HOOD": -3.76,
        "CRWD": -4.71,
        "LULU": 0,
        "PANW": -3.14,
        "AMD": -5.72,
        "ARM": 0,
        "BABA": -1.15,
        "CELH": -5.77,
        "QCOM": -4.16,
        "AAPL": -1.75,
        "DELL": -5.72,
        "SHOP": -4.77,
        "CEG": -7.63,
        "MU": -7.63,
        "HIMS": -9.57
    }
}