{
    "time": "2024-07-24T17:38:03.510333-04:00",
    "daily_start_net_value": 95855.8653,
    "current_net_value": 96468.2151,
    "daily_pnl": 612.3497999999963,
    "daily_pnl_percentage": 0.64,
    "remain_portion": 0,
    "positions": {
        "TSLA": 0,
        "NVDA": 30.13,
        "META": 8.0,
        "MSFT": 15.29,
        "IBM": 0,
        "PLTR": 0,
        "BA": 0,
        "SNOW": 7.86,
        "GOOGL": 25.5,
        "COIN": 0,
        "SMCI": 3.0,
        "HOOD": 298.28,
        "CRWD": 11.0,
        "LULU": 17.83,
        "PANW": 3.05,
        "AMD": 24.54,
        "ARM": 0,
        "BABA": 23.55,
        "CELH": 258.48,
        "QCOM": 4.82,
        "AAPL": 12.39,
        "DELL": 77.91,
        "SHOP": 75.45,
        "CEG": 36.0,
        "MU": 77.76,
        "HIMS": 0
    },
    "cash_position": 595.21,
    "active_orders": {
        "TSLA": [],
        "NVDA": [
            {
                "uuid": "00000000-0000-0000-0000-0000000000",
                "stock": "NVDA",
                "time": "2024-07-24T07:01:12.019913-04:00",
                "price": 125.1503,
                "share": 22.13,
                "remain_portion": -1
            },
            {
                "uuid": "ab4ef672-c5bb-4a35-bfbd-e45544f4526e",
                "stock": "NVDA",
                "time": "2024-07-24T08:35:51.261764-04:00",
                "price": 119.8,
                "share": 8.0,
                "remain_portion": 0
            }
        ],
        "META": [
            {
                "uuid": "00000000-0000-0000-0000-0000000000",
                "stock": "META",
                "time": "2024-07-24T07:01:12.019679-04:00",
                "price": 504.1126,
                "share": 8.0,
                "remain_portion": -1
            },
            {
                "uuid": "9208b405-27e0-4ca7-94b2-b3affa254c07",
                "stock": "META",
                "time": "2024-07-24T08:00:54.889494-04:00",
                "price": 473.879,
                "share": 0.0,
                "remain_portion": 6
            }
        ],
        "MSFT": [
            {
                "uuid": "00000000-0000-0000-0000-0000000000",
                "stock": "MSFT",
                "time": "2024-07-24T07:01:12.019840-04:00",
                "price": 451.8031,
                "share": 15.29,
                "remain_portion": -1
            },
            {
                "uuid": "acf5030b-4e9e-4459-8530-5eb5fe209109",
                "stock": "MSFT",
                "time": "2024-07-24T08:30:33.908330-04:00",
                "price": 439.82,
                "share": 0.0,
                "remain_portion": 2
            }
        ],
        "IBM": [],
        "PLTR": [],
        "BA": [],
        "SNOW": [
            {
                "uuid": "1a8606cb-a915-4df2-8baa-85d6416f5ddd",
                "stock": "SNOW",
                "time": "2024-07-24T12:01:07.099822-04:00",
                "price": 127.23,
                "share": 7.86,
                "remain_portion": 4
            }
        ],
        "GOOGL": [
            {
                "uuid": "00000000-0000-0000-0000-0000000000",
                "stock": "GOOGL",
                "time": "2024-07-24T07:01:12.019948-04:00",
                "price": 184.4393,
                "share": 20.5,
                "remain_portion": -1
            },
            {
                "uuid": "809ae838-da8e-4ed9-89f3-4bf3a31ff466",
                "stock": "GOOGL",
                "time": "2024-07-24T08:26:04.573884-04:00",
                "price": 174.20000000000002,
                "share": 5.0,
                "remain_portion": 5
            }
        ],
        "COIN": [],
        "SMCI": [
            {
                "uuid": "00000000-0000-0000-0000-0000000000",
                "stock": "SMCI",
                "time": "2024-07-24T07:01:12.020053-04:00",
                "price": 869.365,
                "share": 2.0,
                "remain_portion": -1
            },
            {
                "uuid": "232cb350-f9ec-452b-93cf-6d711d2da016",
                "stock": "SMCI",
                "time": "2024-07-24T08:30:37.075744-04:00",
                "price": 767.6099999999999,
                "share": 1.0,
                "remain_portion": 1
            }
        ],
        "HOOD": [
            {
                "uuid": "00000000-0000-0000-0000-0000000000",
                "stock": "HOOD",
                "time": "2024-07-24T07:01:12.019983-04:00",
                "price": 23.2682,
                "share": 298.28,
                "remain_portion": -1
            }
        ],
        "CRWD": [
            {
                "uuid": "00000000-0000-0000-0000-0000000000",
                "stock": "CRWD",
                "time": "2024-07-24T07:01:12.020153-04:00",
                "price": 342.1445,
                "share": 11.0,
                "remain_portion": -1
            }
        ],
        "LULU": [
            {
                "uuid": "00000000-0000-0000-0000-0000000000",
                "stock": "LULU",
                "time": "2024-07-24T07:01:12.020087-04:00",
                "price": 282.9228,
                "share": 14.13,
                "remain_portion": -1
            },
            {
                "uuid": "824353bb-14eb-4405-8355-68788d806926",
                "stock": "LULU",
                "time": "2024-07-24T12:36:40.293123-04:00",
                "price": 270.29,
                "share": 3.6999999999999975,
                "remain_portion": 0
            }
        ],
        "PANW": [
            {
                "uuid": "688101c5-c338-437d-a626-248b68b47e29",
                "stock": "PANW",
                "time": "2024-07-24T12:11:16.238119-04:00",
                "price": 327.81,
                "share": 3.05,
                "remain_portion": 2
            }
        ],
        "AMD": [
            {
                "uuid": "00000000-0000-0000-0000-0000000000",
                "stock": "AMD",
                "time": "2024-07-24T07:01:12.019800-04:00",
                "price": 165.9466,
                "share": 17.75,
                "remain_portion": -1
            },
            {
                "uuid": "2dc786fb-456f-4620-bda6-9d60606f96bc",
                "stock": "AMD",
                "time": "2024-07-24T12:06:11.845806-04:00",
                "price": 147.35,
                "share": 6.789999999999999,
                "remain_portion": 3
            }
        ],
        "ARM": [],
        "BABA": [
            {
                "uuid": "579ed1eb-52dc-4550-93c7-1f72340f21cc",
                "stock": "BABA",
                "time": "2024-07-24T09:51:03.747710-04:00",
                "price": 76.5219,
                "share": 23.55,
                "remain_portion": -1
            }
        ],
        "CELH": [
            {
                "uuid": "00000000-0000-0000-0000-0000000000",
                "stock": "CELH",
                "time": "2024-07-24T07:01:12.020122-04:00",
                "price": 53.7231,
                "share": 236.98,
                "remain_portion": -1
            },
            {
                "uuid": "1bfefa4e-cd8a-47e8-92e4-1810acbf9989",
                "stock": "CELH",
                "time": "2024-07-24T12:11:19.395825-04:00",
                "price": 46.51,
                "share": 21.50000000000003,
                "remain_portion": 1
            }
        ],
        "QCOM": [
            {
                "uuid": "00000000-0000-0000-0000-0000000000",
                "stock": "QCOM",
                "time": "2024-07-24T07:01:12.020206-04:00",
                "price": 201.3545,
                "share": 4.82,
                "remain_portion": -1
            },
            {
                "uuid": "52771128-939f-404c-ad39-0e44967c7ad5",
                "stock": "QCOM",
                "time": "2024-07-24T08:26:17.197327-04:00",
                "price": 190.2812,
                "share": 0.0,
                "remain_portion": 4
            }
        ],
        "AAPL": [
            {
                "uuid": "00000000-0000-0000-0000-0000000000",
                "stock": "AAPL",
                "time": "2024-07-24T07:01:12.019878-04:00",
                "price": 229.0549,
                "share": 12.39,
                "remain_portion": -1
            }
        ],
        "DELL": [
            {
                "uuid": "00000000-0000-0000-0000-0000000000",
                "stock": "DELL",
                "time": "2024-07-24T07:01:12.020231-04:00",
                "price": 133.4984,
                "share": 77.91,
                "remain_portion": -1
            }
        ],
        "SHOP": [
            {
                "uuid": "00000000-0000-0000-0000-0000000000",
                "stock": "SHOP",
                "time": "2024-07-24T07:01:12.020179-04:00",
                "price": 65.7742,
                "share": 75.45,
                "remain_portion": -1
            }
        ],
        "CEG": [
            {
                "uuid": "00000000-0000-0000-0000-0000000000",
                "stock": "CEG",
                "time": "2024-07-24T07:01:12.020282-04:00",
                "price": 203.8425,
                "share": 36.0,
                "remain_portion": -1
            }
        ],
        "MU": [
            {
                "uuid": "00000000-0000-0000-0000-0000000000",
                "stock": "MU",
                "time": "2024-07-24T07:01:12.020257-04:00",
                "price": 127.7454,
                "share": 77.76,
                "remain_portion": -1
            }
        ],
        "HIMS": []
    },
    "active_pnl": {
        "TSLA": 0,
        "NVDA": -272.36,
        "META": -323.7,
        "MSFT": -340.86,
        "IBM": 0,
        "PLTR": 0,
        "BA": 0,
        "SNOW": -7.78,
        "GOOGL": -244.33,
        "COIN": 0,
        "SMCI": -409.94,
        "HOOD": -563.21,
        "CRWD": -922.78,
        "LULU": -136.78,
        "PANW": -10.89,
        "AMD": -371.56,
        "ARM": 0,
        "BABA": -17.94,
        "CELH": -1965.26,
        "QCOM": -94.73,
        "AAPL": -138.83,
        "DELL": -1351.61,
        "SHOP": -465.09,
        "CEG": -1035.45,
        "MU": -1379.1,
        "HIMS": 0
    },
    "active_pnl_percentage": {
        "TSLA": 0,
        "NVDA": -7.28,
        "META": -8.03,
        "MSFT": -4.93,
        "IBM": 0,
        "PLTR": 0,
        "BA": 0,
        "SNOW": -0.78,
        "GOOGL": -5.25,
        "COIN": 0,
        "SMCI": -16.36,
        "HOOD": -8.11,
        "CRWD": -24.52,
        "LULU": -2.74,
        "PANW": -1.09,
        "AMD": -9.42,
        "ARM": 0,
        "BABA": -1.0,
        "CELH": -14.31,
        "QCOM": -9.76,
        "AAPL": -4.89,
        "DELL": -13.0,
        "SHOP": -9.37,
        "CEG": -14.11,
        "MU": -13.88,
        "HIMS": 0
    }
}