{
    "time": "2024-07-26T09:31:30.436504-04:00",
    "daily_start_net_value": 104737.1426,
    "current_net_value": 105980.9344,
    "daily_pnl": 1243.7917999999918,
    "daily_pnl_percentage": 1.19,
    "remain_portion": 9,
    "positions": {
        "TSLA": 0,
        "NVDA": 30.13,
        "META": 10.0,
        "MSFT": 17.29,
        "IBM": 0.0,
        "PLTR": 0,
        "BA": 0,
        "SNOW": 0,
        "GOOGL": 36.41,
        "COIN": 0,
        "SMCI": 3.0,
        "HOOD": 346.28,
        "CRWD": 11.0,
        "LULU": 17.83,
        "PANW": 0,
        "AMD": 38.86,
        "ARM": 0,
        "BABA": 23.55,
        "CELH": 280.48,
        "QCOM": 9.82,
        "AAPL": 17.04,
        "DELL": 77.91,
        "SHOP": 75.45,
        "CEG": 41.88,
        "MU": 86.76,
        "HIMS": 0
    },
    "cash_position": 9734.08,
    "active_orders": {
        "TSLA": [],
        "NVDA": [
            {
                "uuid": "00000000-0000-0000-0000-0000000000",
                "stock": "NVDA",
                "time": "2024-07-26T07:01:50.655507-04:00",
                "price": 123.7297,
                "share": 30.13,
                "remain_portion": -1
            }
        ],
        "META": [
            {
                "uuid": "00000000-0000-0000-0000-0000000000",
                "stock": "META",
                "time": "2024-07-26T07:01:50.655225-04:00",
                "price": 498.0661,
                "share": 10.0,
                "remain_portion": -1
            }
        ],
        "MSFT": [
            {
                "uuid": "00000000-0000-0000-0000-0000000000",
                "stock": "MSFT",
                "time": "2024-07-26T07:01:50.655406-04:00",
                "price": 450.417,
                "share": 17.29,
                "remain_portion": -1
            }
        ],
        "IBM": [
            {
                "uuid": "7b4db625-21a4-4a55-bf82-0b71d99ad5fc",
                "stock": "IBM",
                "time": "2024-07-26T08:51:03.546333-04:00",
                "price": 191.75,
                "share": 0.0,
                "remain_portion": 11
            },
            {
                "uuid": "5a01fef6-c206-4a0a-80a1-6986c2c94971",
                "stock": "IBM",
                "time": "2024-07-26T09:06:20.619449-04:00",
                "price": 191.75,
                "share": 0.0,
                "remain_portion": 10
            }
        ],
        "PLTR": [],
        "BA": [],
        "SNOW": [],
        "GOOGL": [
            {
                "uuid": "00000000-0000-0000-0000-0000000000",
                "stock": "GOOGL",
                "time": "2024-07-26T07:01:50.655543-04:00",
                "price": 179.9269,
                "share": 31.41,
                "remain_portion": -1
            },
            {
                "uuid": "336690fb-fbef-496a-bb95-545ad7852a1c",
                "stock": "GOOGL",
                "time": "2024-07-26T09:06:23.436733-04:00",
                "price": 166.91000000000003,
                "share": 4.9999999999999964,
                "remain_portion": 9
            }
        ],
        "COIN": [],
        "SMCI": [
            {
                "uuid": "00000000-0000-0000-0000-0000000000",
                "stock": "SMCI",
                "time": "2024-07-26T07:01:50.655701-04:00",
                "price": 835.2433,
                "share": 3.0,
                "remain_portion": -1
            }
        ],
        "HOOD": [
            {
                "uuid": "00000000-0000-0000-0000-0000000000",
                "stock": "HOOD",
                "time": "2024-07-26T07:01:50.655605-04:00",
                "price": 22.9288,
                "share": 346.28,
                "remain_portion": -1
            }
        ],
        "CRWD": [
            {
                "uuid": "00000000-0000-0000-0000-0000000000",
                "stock": "CRWD",
                "time": "2024-07-26T07:01:50.655869-04:00",
                "price": 342.1445,
                "share": 11.0,
                "remain_portion": -1
            }
        ],
        "LULU": [
            {
                "uuid": "00000000-0000-0000-0000-0000000000",
                "stock": "LULU",
                "time": "2024-07-26T07:01:50.655771-04:00",
                "price": 280.291,
                "share": 17.83,
                "remain_portion": -1
            }
        ],
        "PANW": [],
        "AMD": [
            {
                "uuid": "00000000-0000-0000-0000-0000000000",
                "stock": "AMD",
                "time": "2024-07-26T07:01:50.655365-04:00",
                "price": 152.9862,
                "share": 38.86,
                "remain_portion": -1
            }
        ],
        "ARM": [],
        "BABA": [
            {
                "uuid": "00000000-0000-0000-0000-0000000000",
                "stock": "BABA",
                "time": "2024-07-26T07:01:50.655658-04:00",
                "price": 76.5219,
                "share": 23.55,
                "remain_portion": -1
            }
        ],
        "CELH": [
            {
                "uuid": "00000000-0000-0000-0000-0000000000",
                "stock": "CELH",
                "time": "2024-07-26T07:01:50.655815-04:00",
                "price": 52.4928,
                "share": 280.48,
                "remain_portion": -1
            }
        ],
        "QCOM": [
            {
                "uuid": "00000000-0000-0000-0000-0000000000",
                "stock": "QCOM",
                "time": "2024-07-26T07:01:50.655941-04:00",
                "price": 195.7158,
                "share": 9.82,
                "remain_portion": -1
            }
        ],
        "AAPL": [
            {
                "uuid": "00000000-0000-0000-0000-0000000000",
                "stock": "AAPL",
                "time": "2024-07-26T07:01:50.655464-04:00",
                "price": 225.2471,
                "share": 17.04,
                "remain_portion": -1
            }
        ],
        "DELL": [
            {
                "uuid": "00000000-0000-0000-0000-0000000000",
                "stock": "DELL",
                "time": "2024-07-26T07:01:50.655978-04:00",
                "price": 133.4984,
                "share": 77.91,
                "remain_portion": -1
            }
        ],
        "SHOP": [
            {
                "uuid": "00000000-0000-0000-0000-0000000000",
                "stock": "SHOP",
                "time": "2024-07-26T07:01:50.655905-04:00",
                "price": 65.7742,
                "share": 75.45,
                "remain_portion": -1
            }
        ],
        "CEG": [
            {
                "uuid": "00000000-0000-0000-0000-0000000000",
                "stock": "CEG",
                "time": "2024-07-26T07:01:50.656098-04:00",
                "price": 199.0884,
                "share": 41.88,
                "remain_portion": -1
            }
        ],
        "MU": [
            {
                "uuid": "00000000-0000-0000-0000-0000000000",
                "stock": "MU",
                "time": "2024-07-26T07:01:50.656016-04:00",
                "price": 125.4544,
                "share": 86.76,
                "remain_portion": -1
            }
        ],
        "HIMS": []
    },
    "active_pnl": {
        "TSLA": 0,
        "NVDA": -246.15,
        "META": -324.01,
        "MSFT": -564.81,
        "IBM": 0.0,
        "PLTR": 0,
        "BA": 0,
        "SNOW": 0,
        "GOOGL": -457.1,
        "COIN": 0,
        "SMCI": -366.53,
        "HOOD": -477.45,
        "CRWD": -916.75,
        "LULU": -571.65,
        "PANW": 0,
        "AMD": -510.28,
        "ARM": 0,
        "BABA": -35.61,
        "CELH": -1607.94,
        "QCOM": -174.26,
        "AAPL": -121.79,
        "DELL": -1529.44,
        "SHOP": -361.84,
        "CEG": -1038.56,
        "MU": -1390.28,
        "HIMS": 0
    },
    "active_pnl_percentage": {
        "TSLA": 0,
        "NVDA": -6.61,
        "META": -6.56,
        "MSFT": -7.23,
        "IBM": 0,
        "PLTR": 0,
        "BA": 0,
        "SNOW": 0,
        "GOOGL": -7.04,
        "COIN": 0,
        "SMCI": -14.52,
        "HOOD": -6.1,
        "CRWD": -24.36,
        "LULU": -11.44,
        "PANW": 0,
        "AMD": -8.47,
        "ARM": 0,
        "BABA": -1.96,
        "CELH": -10.79,
        "QCOM": -8.91,
        "AAPL": -3.16,
        "DELL": -14.38,
        "SHOP": -7.3,
        "CEG": -12.46,
        "MU": -12.81,
        "HIMS": 0
    }
}