{
    "time": "2024-07-01T11:33:14.858901-04:00",
    "daily_start_net_value": 83115.5106,
    "current_net_value": 83519.2333,
    "daily_pnl": 403.722700000013,
    "daily_pnl_percentage": 0.49,
    "remain_portion": 78,
    "positions": {
        "TSLA": 0,
        "NVDA": 0.89,
        "META": 2.0,
        "MSFT": 0,
        "IBM": 0,
        "PLTR": 23.56,
        "BA": 0,
        "SNOW": 0,
        "GOOGL": 6.0,
        "COIN": 0,
        "SMCI": 0,
        "HOOD": 26.47,
        "CRWD": 0.55,
        "LULU": 5.0,
        "PANW": 0,
        "AMD": 3.86,
        "ARM": 0,
        "BABA": 65.25,
        "CELH": 0,
        "QCOM": 37.26,
        "AAPL": 0,
        "DELL": 8.32,
        "SHOP": 9.87,
        "CEG": 0,
        "MU": 21.72,
        "HIMS": 311.3
    },
    "cash_position": 47126.19,
    "active_orders": {
        "TSLA": [],
        "NVDA": [
            {
                "uuid": "00000000-0000-0000-0000-0000000000",
                "stock": "NVDA",
                "time": "2024-07-01T07:01:24.546401-04:00",
                "price": 123.6839,
                "share": 0.89,
                "remain_portion": -1
            }
        ],
        "META": [
            {
                "uuid": "00000000-0000-0000-0000-0000000000",
                "stock": "META",
                "time": "2024-07-01T07:01:24.546235-04:00",
                "price": 517.3,
                "share": 2.0,
                "remain_portion": -1
            }
        ],
        "MSFT": [],
        "IBM": [],
        "PLTR": [
            {
                "uuid": "d62e71db-9cec-474c-ac71-8a37f0e2ca7f",
                "stock": "PLTR",
                "time": "2024-07-01T10:00:30.468315-04:00",
                "price": 25.47,
                "share": 23.56,
                "remain_portion": 81
            }
        ],
        "BA": [],
        "SNOW": [],
        "GOOGL": [
            {
                "uuid": "00000000-0000-0000-0000-0000000000",
                "stock": "GOOGL",
                "time": "2024-07-01T07:01:24.546437-04:00",
                "price": 183.03,
                "share": 6.0,
                "remain_portion": -1
            }
        ],
        "COIN": [],
        "SMCI": [],
        "HOOD": [
            {
                "uuid": "f69454bb-aa42-47db-9a51-67004c2fcf19",
                "stock": "HOOD",
                "time": "2024-07-01T10:05:35.056178-04:00",
                "price": 22.68,
                "share": 26.47,
                "remain_portion": 80
            }
        ],
        "CRWD": [
            {
                "uuid": "00000000-0000-0000-0000-0000000000",
                "stock": "CRWD",
                "time": "2024-07-01T07:01:24.546647-04:00",
                "price": 386.8323,
                "share": 0.55,
                "remain_portion": -1
            }
        ],
        "LULU": [
            {
                "uuid": "00000000-0000-0000-0000-0000000000",
                "stock": "LULU",
                "time": "2024-07-01T07:01:24.546543-04:00",
                "price": 303.486,
                "share": 5.0,
                "remain_portion": -1
            }
        ],
        "PANW": [],
        "AMD": [
            {
                "uuid": "43b4e112-fc09-418c-b567-3724131f1cad",
                "stock": "AMD",
                "time": "2024-07-01T09:51:10.231571-04:00",
                "price": 155.31,
                "share": 3.86,
                "remain_portion": 82
            }
        ],
        "ARM": [],
        "BABA": [
            {
                "uuid": "00000000-0000-0000-0000-0000000000",
                "stock": "BABA",
                "time": "2024-07-01T07:01:24.546509-04:00",
                "price": 72.7836,
                "share": 56.92,
                "remain_portion": -1
            },
            {
                "uuid": "afd7f215-0d68-4131-b70a-40d8255c128a",
                "stock": "BABA",
                "time": "2024-07-01T10:35:59.076037-04:00",
                "price": 72.04,
                "share": 8.329999999999998,
                "remain_portion": 78
            }
        ],
        "CELH": [],
        "QCOM": [
            {
                "uuid": "00000000-0000-0000-0000-0000000000",
                "stock": "QCOM",
                "time": "2024-07-01T07:01:24.546717-04:00",
                "price": 204.7194,
                "share": 37.26,
                "remain_portion": -1
            }
        ],
        "AAPL": [],
        "DELL": [
            {
                "uuid": "00000000-0000-0000-0000-0000000000",
                "stock": "DELL",
                "time": "2024-07-01T07:01:24.546752-04:00",
                "price": 139.4447,
                "share": 8.32,
                "remain_portion": -1
            }
        ],
        "SHOP": [
            {
                "uuid": "3513b8b1-539d-4379-9c6f-4705188eea1e",
                "stock": "SHOP",
                "time": "2024-07-01T09:52:25.393119-04:00",
                "price": 63.54,
                "share": 0.44,
                "remain_portion": 82
            },
            {
                "uuid": "9f6253a9-245a-42d8-b73c-6bfc486a4cc9",
                "stock": "SHOP",
                "time": "2024-07-01T10:05:38.348391-04:00",
                "price": 63.6,
                "share": 9.43,
                "remain_portion": 79
            }
        ],
        "CEG": [],
        "MU": [
            {
                "uuid": "00000000-0000-0000-0000-0000000000",
                "stock": "MU",
                "time": "2024-07-01T07:01:24.546787-04:00",
                "price": 140.8356,
                "share": 21.72,
                "remain_portion": -1
            }
        ],
        "HIMS": [
            {
                "uuid": "00000000-0000-0000-0000-0000000000",
                "stock": "HIMS",
                "time": "2024-07-01T07:01:24.546681-04:00",
                "price": 21.0686,
                "share": 282.3,
                "remain_portion": -1
            },
            {
                "uuid": "589b28bd-ab65-46db-84b3-6396a543745e",
                "stock": "HIMS",
                "time": "2024-07-01T09:16:35.736832-04:00",
                "price": 20.15013,
                "share": 0.0,
                "remain_portion": 83
            },
            {
                "uuid": "95ef7155-8150-4927-a935-780d3e863716",
                "stock": "HIMS",
                "time": "2024-07-01T09:31:41.489218-04:00",
                "price": 20.64,
                "share": 29.0,
                "remain_portion": 83
            }
        ]
    },
    "active_pnl": {
        "TSLA": 0,
        "NVDA": -0.08,
        "META": -37.4,
        "MSFT": 0,
        "IBM": 0,
        "PLTR": 6.13,
        "BA": 0,
        "SNOW": 0,
        "GOOGL": -5.34,
        "COIN": 0,
        "SMCI": 0,
        "HOOD": -0.26,
        "CRWD": -0.68,
        "LULU": -27.13,
        "PANW": 0,
        "AMD": 2.2,
        "ARM": 0,
        "BABA": -30.25,
        "CELH": 0,
        "QCOM": -249.99,
        "AAPL": 0,
        "DELL": 13.83,
        "SHOP": 1.4,
        "CEG": 0,
        "MU": -225.58,
        "HIMS": 62.67
    },
    "active_pnl_percentage": {
        "TSLA": 0,
        "NVDA": -0.12,
        "META": -3.58,
        "MSFT": 0,
        "IBM": 0,
        "PLTR": 0.98,
        "BA": 0,
        "SNOW": 0,
        "GOOGL": -0.49,
        "COIN": 0,
        "SMCI": 0,
        "HOOD": -0.02,
        "CRWD": -0.39,
        "LULU": -1.79,
        "PANW": 0,
        "AMD": 0.37,
        "ARM": 0,
        "BABA": -0.63,
        "CELH": 0,
        "QCOM": -3.28,
        "AAPL": 0,
        "DELL": 1.17,
        "SHOP": 0.24,
        "CEG": 0,
        "MU": -7.36,
        "HIMS": 1.01
    }
}