{
    "time": "2024-07-09T08:30:56.866083-04:00",
    "daily_start_net_value": 84225.1358,
    "current_net_value": 84225.1358,
    "daily_pnl": 0.0,
    "daily_pnl_percentage": 0.0,
    "remain_portion": 45,
    "positions": {
        "TSLA": 0,
        "NVDA": 0,
        "META": 0,
        "MSFT": 0,
        "IBM": 0,
        "PLTR": 0,
        "BA": 27.19,
        "SNOW": 0,
        "GOOGL": 0,
        "COIN": 0,
        "SMCI": 0,
        "HOOD": 250.07,
        "CRWD": 0,
        "LULU": 15.18,
        "PANW": 0,
        "AMD": 0,
        "ARM": 0,
        "BABA": 104.93,
        "CELH": 52.0,
        "QCOM": 0.96,
        "AAPL": 0,
        "DELL": 0,
        "SHOP": 0.78,
        "CEG": 0,
        "MU": 37.06,
        "HIMS": 144.62
    },
    "cash_position": 45630.57,
    "active_orders": {
        "TSLA": [],
        "NVDA": [],
        "META": [],
        "MSFT": [],
        "IBM": [],
        "PLTR": [],
        "BA": [
            {
                "uuid": "00000000-0000-0000-0000-0000000000",
                "stock": "BA",
                "time": "2024-07-09T07:03:23.966835-04:00",
                "price": 183.8738,
                "share": 27.19,
                "remain_portion": -1
            }
        ],
        "SNOW": [],
        "GOOGL": [],
        "COIN": [],
        "SMCI": [],
        "HOOD": [
            {
                "uuid": "00000000-0000-0000-0000-0000000000",
                "stock": "HOOD",
                "time": "2024-07-09T07:03:23.966966-04:00",
                "price": 22.3487,
                "share": 250.07,
                "remain_portion": -1
            }
        ],
        "CRWD": [],
        "LULU": [
            {
                "uuid": "00000000-0000-0000-0000-0000000000",
                "stock": "LULU",
                "time": "2024-07-09T07:03:23.967022-04:00",
                "price": 297.5685,
                "share": 15.18,
                "remain_portion": -1
            }
        ],
        "PANW": [],
        "AMD": [],
        "ARM": [],
        "BABA": [
            {
                "uuid": "00000000-0000-0000-0000-0000000000",
                "stock": "BABA",
                "time": "2024-07-09T07:03:23.966996-04:00",
                "price": 72.9901,
                "share": 104.93,
                "remain_portion": -1
            }
        ],
        "CELH": [
            {
                "uuid": "00000000-0000-0000-0000-0000000000",
                "stock": "CELH",
                "time": "2024-07-09T07:03:23.967048-04:00",
                "price": 55.8796,
                "share": 52.0,
                "remain_portion": -1
            },
            {
                "uuid": "3110943d-bea6-4c34-a2d8-b3597e615131",
                "stock": "CELH",
                "time": "2024-07-09T08:00:50.318100-04:00",
                "price": 55.61,
                "share": 0.0,
                "remain_portion": 45
            }
        ],
        "QCOM": [
            {
                "uuid": "00000000-0000-0000-0000-0000000000",
                "stock": "QCOM",
                "time": "2024-07-09T07:03:23.967125-04:00",
                "price": 205.0916,
                "share": 0.96,
                "remain_portion": -1
            }
        ],
        "AAPL": [],
        "DELL": [],
        "SHOP": [
            {
                "uuid": "00000000-0000-0000-0000-0000000000",
                "stock": "SHOP",
                "time": "2024-07-09T07:03:23.967099-04:00",
                "price": 67.1672,
                "share": 0.78,
                "remain_portion": -1
            }
        ],
        "CEG": [],
        "MU": [
            {
                "uuid": "00000000-0000-0000-0000-0000000000",
                "stock": "MU",
                "time": "2024-07-09T07:03:23.967151-04:00",
                "price": 136.5127,
                "share": 37.06,
                "remain_portion": -1
            }
        ],
        "HIMS": [
            {
                "uuid": "00000000-0000-0000-0000-0000000000",
                "stock": "HIMS",
                "time": "2024-07-09T07:03:23.967074-04:00",
                "price": 20.6147,
                "share": 144.62,
                "remain_portion": -1
            },
            {
                "uuid": "36765718-880e-4f93-ae76-51aa8364969e",
                "stock": "HIMS",
                "time": "2024-07-09T07:40:33.775013-04:00",
                "price": 20.530510000000003,
                "share": 0.0,
                "remain_portion": 46
            }
        ]
    },
    "active_pnl": {
        "TSLA": 0,
        "NVDA": 0,
        "META": 0,
        "MSFT": 0,
        "IBM": 0,
        "PLTR": 0,
        "BA": 57.0,
        "SNOW": 0,
        "GOOGL": 0,
        "COIN": 0,
        "SMCI": 0,
        "HOOD": -49.69,
        "CRWD": 0,
        "LULU": -46.58,
        "PANW": 0,
        "AMD": 0,
        "ARM": 0,
        "BABA": 107.02,
        "CELH": -14.02,
        "QCOM": 1.56,
        "AAPL": 0,
        "DELL": 0,
        "SHOP": 0.49,
        "CEG": 0,
        "MU": -193.95,
        "HIMS": -13.7
    },
    "active_pnl_percentage": {
        "TSLA": 0,
        "NVDA": 0,
        "META": 0,
        "MSFT": 0,
        "IBM": 0,
        "PLTR": 0,
        "BA": 1.14,
        "SNOW": 0,
        "GOOGL": 0,
        "COIN": 0,
        "SMCI": 0,
        "HOOD": -0.89,
        "CRWD": 0,
        "LULU": -1.03,
        "PANW": 0,
        "AMD": 0,
        "ARM": 0,
        "BABA": 1.4,
        "CELH": -0.48,
        "QCOM": 0.79,
        "AAPL": 0,
        "DELL": 0,
        "SHOP": 0.94,
        "CEG": 0,
        "MU": -3.83,
        "HIMS": -0.46
    }
}