{
    "time": "2024-07-23T15:34:47.606790-04:00",
    "daily_start_net_value": 91327.3055,
    "current_net_value": 96272.1575,
    "daily_pnl": 4944.851999999999,
    "daily_pnl_percentage": 5.41,
    "remain_portion": 2,
    "positions": {
        "TSLA": 0,
        "NVDA": 22.13,
        "META": 5.96,
        "MSFT": 15.29,
        "IBM": 0,
        "PLTR": 0,
        "BA": 0,
        "SNOW": 0,
        "GOOGL": 40.5,
        "COIN": 0,
        "SMCI": 2.0,
        "HOOD": 298.28,
        "CRWD": 11.0,
        "LULU": 7.59,
        "PANW": 0,
        "AMD": 17.75,
        "ARM": 0,
        "BABA": 99.25,
        "CELH": 236.98,
        "QCOM": 4.82,
        "AAPL": 12.39,
        "DELL": 77.91,
        "SHOP": 75.45,
        "CEG": 36.0,
        "MU": 77.76,
        "HIMS": 0
    },
    "cash_position": 2238.72,
    "active_orders": {
        "TSLA": [],
        "NVDA": [
            {
                "uuid": "00000000-0000-0000-0000-0000000000",
                "stock": "NVDA",
                "time": "2024-07-23T07:01:33.534303-04:00",
                "price": 125.1503,
                "share": 22.13,
                "remain_portion": -1
            }
        ],
        "META": [
            {
                "uuid": "00000000-0000-0000-0000-0000000000",
                "stock": "META",
                "time": "2024-07-23T07:01:33.534049-04:00",
                "price": 509.2937,
                "share": 5.96,
                "remain_portion": -1
            }
        ],
        "MSFT": [
            {
                "uuid": "00000000-0000-0000-0000-0000000000",
                "stock": "MSFT",
                "time": "2024-07-23T07:01:33.534238-04:00",
                "price": 451.8031,
                "share": 15.29,
                "remain_portion": -1
            }
        ],
        "IBM": [],
        "PLTR": [],
        "BA": [],
        "SNOW": [],
        "GOOGL": [
            {
                "uuid": "00000000-0000-0000-0000-0000000000",
                "stock": "GOOGL",
                "time": "2024-07-23T07:01:33.534331-04:00",
                "price": 184.4393,
                "share": 40.5,
                "remain_portion": -1
            }
        ],
        "COIN": [],
        "SMCI": [
            {
                "uuid": "00000000-0000-0000-0000-0000000000",
                "stock": "SMCI",
                "time": "2024-07-23T07:01:33.534456-04:00",
                "price": 869.365,
                "share": 2.0,
                "remain_portion": -1
            }
        ],
        "HOOD": [
            {
                "uuid": "00000000-0000-0000-0000-0000000000",
                "stock": "HOOD",
                "time": "2024-07-23T07:01:33.534357-04:00",
                "price": 23.3838,
                "share": 169.28,
                "remain_portion": -1
            },
            {
                "uuid": "bac41b34-f439-469b-a7ed-60a6b61bcdf0",
                "stock": "HOOD",
                "time": "2024-07-23T08:31:50.138542-04:00",
                "price": 23.1332101,
                "share": 43.0,
                "remain_portion": 6
            },
            {
                "uuid": "ccf6f04c-c9dc-4379-aeff-3a1555197407",
                "stock": "HOOD",
                "time": "2024-07-23T08:46:13.060649-04:00",
                "price": 23.1231,
                "share": 43.0,
                "remain_portion": 3
            },
            {
                "uuid": "9379a826-5073-4bd9-a80a-ffc6470451a7",
                "stock": "HOOD",
                "time": "2024-07-23T09:01:23.261369-04:00",
                "price": 23.1231,
                "share": 42.99999999999997,
                "remain_portion": 1
            }
        ],
        "CRWD": [
            {
                "uuid": "00000000-0000-0000-0000-0000000000",
                "stock": "CRWD",
                "time": "2024-07-23T07:01:33.534523-04:00",
                "price": 342.1445,
                "share": 11.0,
                "remain_portion": -1
            }
        ],
        "LULU": [
            {
                "uuid": "9edba6d8-c18f-453e-bef0-19da05e11318",
                "stock": "LULU",
                "time": "2024-07-23T14:57:32.790548-04:00",
                "price": 283.93,
                "share": 3.52,
                "remain_portion": 4
            },
            {
                "uuid": "65e5376a-a31c-45b8-a835-cdb1d86cdd78",
                "stock": "LULU",
                "time": "2024-07-23T15:10:38.840172-04:00",
                "price": 283.06,
                "share": 6.529999999999999,
                "remain_portion": 3
            },
            {
                "uuid": "8b89e584-4847-441b-b977-7d67b0d77ee9",
                "stock": "LULU",
                "time": "2024-07-23T15:25:44.774150-04:00",
                "price": 282.64,
                "share": 7.07,
                "remain_portion": 2
            }
        ],
        "PANW": [],
        "AMD": [
            {
                "uuid": "00000000-0000-0000-0000-0000000000",
                "stock": "AMD",
                "time": "2024-07-23T07:01:33.534200-04:00",
                "price": 165.9466,
                "share": 17.75,
                "remain_portion": -1
            }
        ],
        "ARM": [],
        "BABA": [
            {
                "uuid": "00000000-0000-0000-0000-0000000000",
                "stock": "BABA",
                "time": "2024-07-23T07:01:33.534415-04:00",
                "price": 77.0304,
                "share": 60.25,
                "remain_portion": -1
            },
            {
                "uuid": "791c9433-4ffc-49ac-88e0-870565bc4433",
                "stock": "BABA",
                "time": "2024-07-23T08:26:32.884102-04:00",
                "price": 75.83,
                "share": 13.0,
                "remain_portion": 7
            },
            {
                "uuid": "a7570ef6-c323-4375-9e68-c19ba98fd089",
                "stock": "BABA",
                "time": "2024-07-23T08:41:08.555830-04:00",
                "price": 75.75,
                "share": 13.0,
                "remain_portion": 4
            },
            {
                "uuid": "5e1359a3-7303-4f7d-8807-a19d0466138c",
                "stock": "BABA",
                "time": "2024-07-23T09:11:28.957860-04:00",
                "price": 75.67,
                "share": 13.0,
                "remain_portion": 0
            }
        ],
        "CELH": [
            {
                "uuid": "00000000-0000-0000-0000-0000000000",
                "stock": "CELH",
                "time": "2024-07-23T07:01:33.534489-04:00",
                "price": 53.7231,
                "share": 236.98,
                "remain_portion": -1
            }
        ],
        "QCOM": [
            {
                "uuid": "00000000-0000-0000-0000-0000000000",
                "stock": "QCOM",
                "time": "2024-07-23T07:01:33.534624-04:00",
                "price": 201.3545,
                "share": 4.82,
                "remain_portion": -1
            }
        ],
        "AAPL": [
            {
                "uuid": "00000000-0000-0000-0000-0000000000",
                "stock": "AAPL",
                "time": "2024-07-23T07:01:33.534268-04:00",
                "price": 229.0549,
                "share": 12.39,
                "remain_portion": -1
            }
        ],
        "DELL": [
            {
                "uuid": "00000000-0000-0000-0000-0000000000",
                "stock": "DELL",
                "time": "2024-07-23T07:01:33.534653-04:00",
                "price": 133.4984,
                "share": 77.91,
                "remain_portion": -1
            }
        ],
        "SHOP": [
            {
                "uuid": "00000000-0000-0000-0000-0000000000",
                "stock": "SHOP",
                "time": "2024-07-23T07:01:33.534590-04:00",
                "price": 65.7742,
                "share": 75.45,
                "remain_portion": -1
            }
        ],
        "CEG": [
            {
                "uuid": "00000000-0000-0000-0000-0000000000",
                "stock": "CEG",
                "time": "2024-07-23T07:01:33.534732-04:00",
                "price": 203.8425,
                "share": 36.0,
                "remain_portion": -1
            }
        ],
        "MU": [
            {
                "uuid": "00000000-0000-0000-0000-0000000000",
                "stock": "MU",
                "time": "2024-07-23T07:01:33.534699-04:00",
                "price": 127.7454,
                "share": 77.76,
                "remain_portion": -1
            }
        ],
        "HIMS": []
    },
    "active_pnl": {
        "TSLA": 0,
        "NVDA": -52.79,
        "META": -118.27,
        "MSFT": -117.17,
        "IBM": 0,
        "PLTR": 0,
        "BA": 0,
        "SNOW": 0,
        "GOOGL": -49.38,
        "COIN": 0,
        "SMCI": -158.37,
        "HOOD": -99.18,
        "CRWD": -777.75,
        "LULU": -12.42,
        "PANW": 0,
        "AMD": -198.12,
        "ARM": 0,
        "BABA": -36.95,
        "CELH": -1415.51,
        "QCOM": -37.23,
        "AAPL": -50.05,
        "DELL": -500.06,
        "SHOP": -208.94,
        "CEG": -441.63,
        "MU": -1045.51,
        "HIMS": 0
    },
    "active_pnl_percentage": {
        "TSLA": 0,
        "NVDA": -1.84,
        "META": -3.9,
        "MSFT": -1.7,
        "IBM": 0,
        "PLTR": 0,
        "BA": 0,
        "SNOW": 0,
        "GOOGL": -0.66,
        "COIN": 0,
        "SMCI": -9.17,
        "HOOD": -1.43,
        "CRWD": -20.7,
        "LULU": -0.26,
        "PANW": 0,
        "AMD": -6.73,
        "ARM": 0,
        "BABA": -0.47,
        "CELH": -11.14,
        "QCOM": -3.84,
        "AAPL": -1.77,
        "DELL": -4.81,
        "SHOP": -4.21,
        "CEG": -6.02,
        "MU": -10.51,
        "HIMS": 0
    }
}