{
    "time": "2024-08-08T08:30:55.030653-04:00",
    "daily_start_net_value": 105405.6478,
    "current_net_value": 105405.6478,
    "daily_pnl": 0.0,
    "daily_pnl_percentage": 0.0,
    "remain_portion": 5,
    "positions": {
        "TSLA": 13.25,
        "NVDA": 0.57,
        "META": 2.0,
        "MSFT": 19.29,
        "IBM": 0,
        "PLTR": 0,
        "BA": 22.28,
        "SNOW": 14.0,
        "GOOGL": 41.41,
        "COIN": 5.2,
        "SMCI": 4.0,
        "HOOD": 443.47,
        "CRWD": 15.49,
        "LULU": 17.83,
        "PANW": 0,
        "AMD": 53.44,
        "ARM": 8.83,
        "BABA": 12.78,
        "CELH": 301.82,
        "QCOM": 19.25,
        "AAPL": 0,
        "DELL": 113.51,
        "SHOP": 63.28,
        "CEG": 59.09,
        "MU": 96.73,
        "HIMS": 55.0
    },
    "cash_position": 5533.96,
    "active_orders": {
        "TSLA": [
            {
                "uuid": "00000000-0000-0000-0000-0000000000",
                "stock": "TSLA",
                "time": "2024-08-08T07:01:14.478263-04:00",
                "price": 215.8739,
                "share": 13.25,
                "remain_portion": -1
            }
        ],
        "NVDA": [
            {
                "uuid": "00000000-0000-0000-0000-0000000000",
                "stock": "NVDA",
                "time": "2024-08-08T07:01:14.478309-04:00",
                "price": 117.7549,
                "share": 0.57,
                "remain_portion": -1
            }
        ],
        "META": [
            {
                "uuid": "e0cf7a3b-5a94-429f-b2fc-bb8141eac2c8",
                "stock": "META",
                "time": "2024-08-08T08:26:52.985236-04:00",
                "price": 487.17040000000003,
                "share": 2.0,
                "remain_portion": 5
            }
        ],
        "MSFT": [
            {
                "uuid": "00000000-0000-0000-0000-0000000000",
                "stock": "MSFT",
                "time": "2024-08-08T07:01:14.478213-04:00",
                "price": 446.5873,
                "share": 19.29,
                "remain_portion": -1
            }
        ],
        "IBM": [],
        "PLTR": [],
        "BA": [
            {
                "uuid": "00000000-0000-0000-0000-0000000000",
                "stock": "BA",
                "time": "2024-08-08T07:01:14.478387-04:00",
                "price": 173.421,
                "share": 22.28,
                "remain_portion": -1
            }
        ],
        "SNOW": [
            {
                "uuid": "00000000-0000-0000-0000-0000000000",
                "stock": "SNOW",
                "time": "2024-08-08T07:01:14.478684-04:00",
                "price": 129.91,
                "share": 14.0,
                "remain_portion": -1
            }
        ],
        "GOOGL": [
            {
                "uuid": "00000000-0000-0000-0000-0000000000",
                "stock": "GOOGL",
                "time": "2024-08-08T07:01:14.478347-04:00",
                "price": 176.8764,
                "share": 41.41,
                "remain_portion": -1
            }
        ],
        "COIN": [
            {
                "uuid": "00000000-0000-0000-0000-0000000000",
                "stock": "COIN",
                "time": "2024-08-08T07:01:14.478934-04:00",
                "price": 192.0404,
                "share": 5.2,
                "remain_portion": -1
            }
        ],
        "SMCI": [
            {
                "uuid": "00000000-0000-0000-0000-0000000000",
                "stock": "SMCI",
                "time": "2024-08-08T07:01:14.478581-04:00",
                "price": 786.4275,
                "share": 4.0,
                "remain_portion": -1
            },
            {
                "uuid": "4e51301c-648a-44a0-8075-367d9cbb69bc",
                "stock": "SMCI",
                "time": "2024-08-08T07:35:35.645425-04:00",
                "price": 480.55,
                "share": 0.0,
                "remain_portion": 6
            }
        ],
        "HOOD": [
            {
                "uuid": "00000000-0000-0000-0000-0000000000",
                "stock": "HOOD",
                "time": "2024-08-08T07:01:14.478442-04:00",
                "price": 22.4114,
                "share": 443.47,
                "remain_portion": -1
            }
        ],
        "CRWD": [
            {
                "uuid": "00000000-0000-0000-0000-0000000000",
                "stock": "CRWD",
                "time": "2024-08-08T07:01:14.478887-04:00",
                "price": 307.4512,
                "share": 15.49,
                "remain_portion": -1
            }
        ],
        "LULU": [
            {
                "uuid": "00000000-0000-0000-0000-0000000000",
                "stock": "LULU",
                "time": "2024-08-08T07:01:14.478628-04:00",
                "price": 280.291,
                "share": 17.83,
                "remain_portion": -1
            }
        ],
        "PANW": [],
        "AMD": [
            {
                "uuid": "00000000-0000-0000-0000-0000000000",
                "stock": "AMD",
                "time": "2024-08-08T07:01:14.478069-04:00",
                "price": 148.6707,
                "share": 53.44,
                "remain_portion": -1
            }
        ],
        "ARM": [
            {
                "uuid": "00000000-0000-0000-0000-0000000000",
                "stock": "ARM",
                "time": "2024-08-08T07:01:14.478753-04:00",
                "price": 113.1653,
                "share": 8.83,
                "remain_portion": -1
            }
        ],
        "BABA": [
            {
                "uuid": "00000000-0000-0000-0000-0000000000",
                "stock": "BABA",
                "time": "2024-08-08T07:01:14.478506-04:00",
                "price": 78.2199,
                "share": 12.78,
                "remain_portion": -1
            }
        ],
        "CELH": [
            {
                "uuid": "00000000-0000-0000-0000-0000000000",
                "stock": "CELH",
                "time": "2024-08-08T07:01:14.478808-04:00",
                "price": 52.0913,
                "share": 301.82,
                "remain_portion": -1
            }
        ],
        "QCOM": [
            {
                "uuid": "00000000-0000-0000-0000-0000000000",
                "stock": "QCOM",
                "time": "2024-08-08T07:01:14.479094-04:00",
                "price": 177.3508,
                "share": 19.25,
                "remain_portion": -1
            }
        ],
        "AAPL": [],
        "DELL": [
            {
                "uuid": "00000000-0000-0000-0000-0000000000",
                "stock": "DELL",
                "time": "2024-08-08T07:01:14.479161-04:00",
                "price": 126.8585,
                "share": 113.51,
                "remain_portion": -1
            }
        ],
        "SHOP": [
            {
                "uuid": "00000000-0000-0000-0000-0000000000",
                "stock": "SHOP",
                "time": "2024-08-08T07:01:14.479057-04:00",
                "price": 62.6069,
                "share": 63.28,
                "remain_portion": -1
            }
        ],
        "CEG": [
            {
                "uuid": "00000000-0000-0000-0000-0000000000",
                "stock": "CEG",
                "time": "2024-08-08T07:01:14.479303-04:00",
                "price": 191.8425,
                "share": 59.09,
                "remain_portion": -1
            }
        ],
        "MU": [
            {
                "uuid": "00000000-0000-0000-0000-0000000000",
                "stock": "MU",
                "time": "2024-08-08T07:01:14.479219-04:00",
                "price": 122.8553,
                "share": 96.73,
                "remain_portion": -1
            }
        ],
        "HIMS": [
            {
                "uuid": "00000000-0000-0000-0000-0000000000",
                "stock": "HIMS",
                "time": "2024-08-08T07:01:14.478982-04:00",
                "price": 17.68,
                "share": 55.0,
                "remain_portion": -1
            }
        ]
    },
    "active_pnl": {
        "TSLA": -297.12,
        "NVDA": -10.54,
        "META": 11.42,
        "MSFT": -850.44,
        "IBM": 0,
        "PLTR": 0,
        "BA": -218.81,
        "SNOW": -152.74,
        "GOOGL": -666.14,
        "COIN": -31.41,
        "SMCI": -1189.71,
        "HOOD": -2045.02,
        "CRWD": -1153.4,
        "LULU": -835.35,
        "PANW": 0,
        "AMD": -959.29,
        "ARM": -38.63,
        "BABA": 7.67,
        "CELH": -4385.84,
        "QCOM": -387.71,
        "AAPL": 0,
        "DELL": -4355.21,
        "SHOP": 78.66,
        "CEG": -719.86,
        "MU": -3372.52,
        "HIMS": -108.9
    },
    "active_pnl_percentage": {
        "TSLA": -10.5,
        "NVDA": -15.64,
        "META": 1.17,
        "MSFT": -9.87,
        "IBM": 0,
        "PLTR": 0,
        "BA": -5.66,
        "SNOW": -8.4,
        "GOOGL": -9.09,
        "COIN": -3.15,
        "SMCI": -37.82,
        "HOOD": -20.58,
        "CRWD": -24.22,
        "LULU": -16.72,
        "PANW": 0,
        "AMD": -12.02,
        "ARM": -3.6,
        "BABA": 0.77,
        "CELH": -27.9,
        "QCOM": -11.36,
        "AAPL": 0,
        "DELL": -30.25,
        "SHOP": 2.53,
        "CEG": -6.35,
        "MU": -28.37,
        "HIMS": -11.2
    }
}