{
    "time": "2024-07-31T12:32:39.472923-04:00",
    "daily_start_net_value": 112799.275,
    "current_net_value": 117328.4015,
    "daily_pnl": 4529.126500000013,
    "daily_pnl_percentage": 4.02,
    "remain_portion": 0,
    "positions": {
        "TSLA": 0,
        "NVDA": 57.14,
        "META": 10.0,
        "MSFT": 17.29,
        "IBM": 0,
        "PLTR": 0,
        "BA": 0,
        "SNOW": 0,
        "GOOGL": 36.41,
        "COIN": 0,
        "SMCI": 3.0,
        "HOOD": 393.27,
        "CRWD": 11.0,
        "LULU": 17.83,
        "PANW": 0,
        "AMD": 45.79,
        "ARM": 0,
        "BABA": 25.45,
        "CELH": 301.82,
        "QCOM": 26.07,
        "AAPL": 10.52,
        "DELL": 113.51,
        "SHOP": 92.14,
        "CEG": 53.45,
        "MU": 86.76,
        "HIMS": 0
    },
    "cash_position": 940.22,
    "active_orders": {
        "TSLA": [],
        "NVDA": [
            {
                "uuid": "00000000-0000-0000-0000-0000000000",
                "stock": "NVDA",
                "time": "2024-07-31T07:01:37.577444-04:00",
                "price": 117.7549,
                "share": 57.14,
                "remain_portion": -1
            }
        ],
        "META": [
            {
                "uuid": "00000000-0000-0000-0000-0000000000",
                "stock": "META",
                "time": "2024-07-31T07:01:37.577200-04:00",
                "price": 498.0661,
                "share": 10.0,
                "remain_portion": -1
            }
        ],
        "MSFT": [
            {
                "uuid": "00000000-0000-0000-0000-0000000000",
                "stock": "MSFT",
                "time": "2024-07-31T07:01:37.577393-04:00",
                "price": 450.417,
                "share": 17.29,
                "remain_portion": -1
            }
        ],
        "IBM": [],
        "PLTR": [],
        "BA": [],
        "SNOW": [],
        "GOOGL": [
            {
                "uuid": "00000000-0000-0000-0000-0000000000",
                "stock": "GOOGL",
                "time": "2024-07-31T07:01:37.577474-04:00",
                "price": 178.1352,
                "share": 36.41,
                "remain_portion": -1
            }
        ],
        "COIN": [],
        "SMCI": [
            {
                "uuid": "00000000-0000-0000-0000-0000000000",
                "stock": "SMCI",
                "time": "2024-07-31T07:01:37.577544-04:00",
                "price": 835.2433,
                "share": 3.0,
                "remain_portion": -1
            }
        ],
        "HOOD": [
            {
                "uuid": "00000000-0000-0000-0000-0000000000",
                "stock": "HOOD",
                "time": "2024-07-31T07:01:37.577503-04:00",
                "price": 22.73,
                "share": 393.27,
                "remain_portion": -1
            }
        ],
        "CRWD": [
            {
                "uuid": "00000000-0000-0000-0000-0000000000",
                "stock": "CRWD",
                "time": "2024-07-31T07:01:37.577689-04:00",
                "price": 342.1445,
                "share": 11.0,
                "remain_portion": -1
            }
        ],
        "LULU": [
            {
                "uuid": "00000000-0000-0000-0000-0000000000",
                "stock": "LULU",
                "time": "2024-07-31T07:01:37.577575-04:00",
                "price": 280.291,
                "share": 17.83,
                "remain_portion": -1
            }
        ],
        "PANW": [],
        "AMD": [
            {
                "uuid": "00000000-0000-0000-0000-0000000000",
                "stock": "AMD",
                "time": "2024-07-31T07:01:37.577352-04:00",
                "price": 152.9862,
                "share": 38.86,
                "remain_portion": -1
            },
            {
                "uuid": "b90c2138-b117-4c7e-8d7d-e85cb7fbfcdd",
                "stock": "AMD",
                "time": "2024-07-31T12:10:33.096259-04:00",
                "price": 144.26,
                "share": 6.93,
                "remain_portion": 0
            }
        ],
        "ARM": [],
        "BABA": [
            {
                "uuid": "f0cbb096-561c-4304-a869-220ec78957c1",
                "stock": "BABA",
                "time": "2024-07-31T09:50:24.190586-04:00",
                "price": 78.74,
                "share": 12.7,
                "remain_portion": 2
            },
            {
                "uuid": "0a0d078c-93cd-4f33-9405-746caacfa396",
                "stock": "BABA",
                "time": "2024-07-31T10:06:33.182366-04:00",
                "price": 78.45,
                "share": 12.75,
                "remain_portion": 1
            }
        ],
        "CELH": [
            {
                "uuid": "00000000-0000-0000-0000-0000000000",
                "stock": "CELH",
                "time": "2024-07-31T07:01:37.577650-04:00",
                "price": 52.0913,
                "share": 301.82,
                "remain_portion": -1
            }
        ],
        "QCOM": [
            {
                "uuid": "00000000-0000-0000-0000-0000000000",
                "stock": "QCOM",
                "time": "2024-07-31T07:01:37.577756-04:00",
                "price": 184.652,
                "share": 26.07,
                "remain_portion": -1
            }
        ],
        "AAPL": [
            {
                "uuid": "19f00755-25dc-49b0-9d69-2a4b684571d1",
                "stock": "AAPL",
                "time": "2024-07-31T10:45:58.340640-04:00",
                "price": 223.6602,
                "share": 10.52,
                "remain_portion": -1
            }
        ],
        "DELL": [
            {
                "uuid": "00000000-0000-0000-0000-0000000000",
                "stock": "DELL",
                "time": "2024-07-31T07:01:37.577786-04:00",
                "price": 126.8585,
                "share": 113.51,
                "remain_portion": -1
            }
        ],
        "SHOP": [
            {
                "uuid": "00000000-0000-0000-0000-0000000000",
                "stock": "SHOP",
                "time": "2024-07-31T07:01:37.577722-04:00",
                "price": 64.7146,
                "share": 92.14,
                "remain_portion": -1
            }
        ],
        "CEG": [
            {
                "uuid": "00000000-0000-0000-0000-0000000000",
                "stock": "CEG",
                "time": "2024-07-31T07:01:37.577833-04:00",
                "price": 193.3875,
                "share": 53.45,
                "remain_portion": -1
            }
        ],
        "MU": [
            {
                "uuid": "00000000-0000-0000-0000-0000000000",
                "stock": "MU",
                "time": "2024-07-31T07:01:37.577814-04:00",
                "price": 125.4544,
                "share": 86.76,
                "remain_portion": -1
            }
        ],
        "HIMS": []
    },
    "active_pnl": {
        "TSLA": 0,
        "NVDA": -135.71,
        "META": -240.87,
        "MSFT": -603.28,
        "IBM": 0,
        "PLTR": 0,
        "BA": 0,
        "SNOW": 0,
        "GOOGL": -270.72,
        "COIN": 0,
        "SMCI": -408.47,
        "HOOD": -735.41,
        "CRWD": -1221.27,
        "LULU": -359.65,
        "PANW": 0,
        "AMD": -339.56,
        "ARM": 0,
        "BABA": 7.26,
        "CELH": -1388.76,
        "QCOM": -231.29,
        "AAPL": -14.84,
        "DELL": -1506.11,
        "SHOP": -359.77,
        "CEG": -283.92,
        "MU": -1365.12,
        "HIMS": 0
    },
    "active_pnl_percentage": {
        "TSLA": 0,
        "NVDA": -2.08,
        "META": -4.85,
        "MSFT": -7.78,
        "IBM": 0,
        "PLTR": 0,
        "BA": 0,
        "SNOW": 0,
        "GOOGL": -4.2,
        "COIN": 0,
        "SMCI": -16.3,
        "HOOD": -8.21,
        "CRWD": -32.39,
        "LULU": -7.2,
        "PANW": 0,
        "AMD": -4.89,
        "ARM": 0,
        "BABA": 0.36,
        "CELH": -8.78,
        "QCOM": -4.8,
        "AAPL": -0.65,
        "DELL": -10.46,
        "SHOP": -6.03,
        "CEG": -2.75,
        "MU": -12.54,
        "HIMS": 0
    }
}