{
    "time": "2024-07-26T07:30:09.412397-04:00",
    "daily_start_net_value": 104737.1426,
    "current_net_value": 104737.1426,
    "daily_pnl": 0.0,
    "daily_pnl_percentage": 0.0,
    "remain_portion": 12,
    "positions": {
        "TSLA": 0,
        "NVDA": 30.13,
        "META": 10.0,
        "MSFT": 17.29,
        "IBM": 0,
        "PLTR": 0,
        "BA": 0,
        "SNOW": 0,
        "GOOGL": 31.41,
        "COIN": 0,
        "SMCI": 3.0,
        "HOOD": 346.28,
        "CRWD": 11.0,
        "LULU": 17.83,
        "PANW": 0,
        "AMD": 38.86,
        "ARM": 0,
        "BABA": 23.55,
        "CELH": 280.48,
        "QCOM": 9.82,
        "AAPL": 17.04,
        "DELL": 77.91,
        "SHOP": 75.45,
        "CEG": 41.88,
        "MU": 86.76,
        "HIMS": 0
    },
    "cash_position": 12485.98,
    "active_orders": {
        "TSLA": [],
        "NVDA": [
            {
                "uuid": "00000000-0000-0000-0000-0000000000",
                "stock": "NVDA",
                "time": "2024-07-26T07:01:50.655507-04:00",
                "price": 123.7297,
                "share": 30.13,
                "remain_portion": -1
            }
        ],
        "META": [
            {
                "uuid": "00000000-0000-0000-0000-0000000000",
                "stock": "META",
                "time": "2024-07-26T07:01:50.655225-04:00",
                "price": 498.0661,
                "share": 10.0,
                "remain_portion": -1
            }
        ],
        "MSFT": [
            {
                "uuid": "00000000-0000-0000-0000-0000000000",
                "stock": "MSFT",
                "time": "2024-07-26T07:01:50.655406-04:00",
                "price": 450.417,
                "share": 17.29,
                "remain_portion": -1
            }
        ],
        "IBM": [],
        "PLTR": [],
        "BA": [],
        "SNOW": [],
        "GOOGL": [
            {
                "uuid": "00000000-0000-0000-0000-0000000000",
                "stock": "GOOGL",
                "time": "2024-07-26T07:01:50.655543-04:00",
                "price": 179.9269,
                "share": 31.41,
                "remain_portion": -1
            }
        ],
        "COIN": [],
        "SMCI": [
            {
                "uuid": "00000000-0000-0000-0000-0000000000",
                "stock": "SMCI",
                "time": "2024-07-26T07:01:50.655701-04:00",
                "price": 835.2433,
                "share": 3.0,
                "remain_portion": -1
            }
        ],
        "HOOD": [
            {
                "uuid": "00000000-0000-0000-0000-0000000000",
                "stock": "HOOD",
                "time": "2024-07-26T07:01:50.655605-04:00",
                "price": 22.9288,
                "share": 346.28,
                "remain_portion": -1
            }
        ],
        "CRWD": [
            {
                "uuid": "00000000-0000-0000-0000-0000000000",
                "stock": "CRWD",
                "time": "2024-07-26T07:01:50.655869-04:00",
                "price": 342.1445,
                "share": 11.0,
                "remain_portion": -1
            }
        ],
        "LULU": [
            {
                "uuid": "00000000-0000-0000-0000-0000000000",
                "stock": "LULU",
                "time": "2024-07-26T07:01:50.655771-04:00",
                "price": 280.291,
                "share": 17.83,
                "remain_portion": -1
            }
        ],
        "PANW": [],
        "AMD": [
            {
                "uuid": "00000000-0000-0000-0000-0000000000",
                "stock": "AMD",
                "time": "2024-07-26T07:01:50.655365-04:00",
                "price": 152.9862,
                "share": 38.86,
                "remain_portion": -1
            }
        ],
        "ARM": [],
        "BABA": [
            {
                "uuid": "00000000-0000-0000-0000-0000000000",
                "stock": "BABA",
                "time": "2024-07-26T07:01:50.655658-04:00",
                "price": 76.5219,
                "share": 23.55,
                "remain_portion": -1
            }
        ],
        "CELH": [
            {
                "uuid": "00000000-0000-0000-0000-0000000000",
                "stock": "CELH",
                "time": "2024-07-26T07:01:50.655815-04:00",
                "price": 52.4928,
                "share": 280.48,
                "remain_portion": -1
            }
        ],
        "QCOM": [
            {
                "uuid": "00000000-0000-0000-0000-0000000000",
                "stock": "QCOM",
                "time": "2024-07-26T07:01:50.655941-04:00",
                "price": 195.7158,
                "share": 9.82,
                "remain_portion": -1
            }
        ],
        "AAPL": [
            {
                "uuid": "00000000-0000-0000-0000-0000000000",
                "stock": "AAPL",
                "time": "2024-07-26T07:01:50.655464-04:00",
                "price": 225.2471,
                "share": 17.04,
                "remain_portion": -1
            }
        ],
        "DELL": [
            {
                "uuid": "00000000-0000-0000-0000-0000000000",
                "stock": "DELL",
                "time": "2024-07-26T07:01:50.655978-04:00",
                "price": 133.4984,
                "share": 77.91,
                "remain_portion": -1
            }
        ],
        "SHOP": [
            {
                "uuid": "00000000-0000-0000-0000-0000000000",
                "stock": "SHOP",
                "time": "2024-07-26T07:01:50.655905-04:00",
                "price": 65.7742,
                "share": 75.45,
                "remain_portion": -1
            }
        ],
        "CEG": [
            {
                "uuid": "00000000-0000-0000-0000-0000000000",
                "stock": "CEG",
                "time": "2024-07-26T07:01:50.656098-04:00",
                "price": 199.0884,
                "share": 41.88,
                "remain_portion": -1
            }
        ],
        "MU": [
            {
                "uuid": "00000000-0000-0000-0000-0000000000",
                "stock": "MU",
                "time": "2024-07-26T07:01:50.656016-04:00",
                "price": 125.4544,
                "share": 86.76,
                "remain_portion": -1
            }
        ],
        "HIMS": []
    },
    "active_pnl": {
        "TSLA": 0,
        "NVDA": -266.04,
        "META": -367.66,
        "MSFT": -491.33,
        "IBM": 0,
        "PLTR": 0,
        "BA": 0,
        "SNOW": 0,
        "GOOGL": -383.73,
        "COIN": 0,
        "SMCI": -366.73,
        "HOOD": -377.03,
        "CRWD": -922.73,
        "LULU": -549.9,
        "PANW": 0,
        "AMD": -444.8,
        "ARM": 0,
        "BABA": -31.6,
        "CELH": -1453.67,
        "QCOM": -159.24,
        "AAPL": -94.01,
        "DELL": -1542.49,
        "SHOP": -423.59,
        "CEG": -1176.34,
        "MU": -1358.18,
        "HIMS": 0
    },
    "active_pnl_percentage": {
        "TSLA": 0,
        "NVDA": -7.14,
        "META": -7.38,
        "MSFT": -6.31,
        "IBM": 0,
        "PLTR": 0,
        "BA": 0,
        "SNOW": 0,
        "GOOGL": -6.81,
        "COIN": 0,
        "SMCI": -14.64,
        "HOOD": -4.75,
        "CRWD": -24.52,
        "LULU": -11.0,
        "PANW": 0,
        "AMD": -7.48,
        "ARM": 0,
        "BABA": -1.75,
        "CELH": -9.87,
        "QCOM": -8.29,
        "AAPL": -2.45,
        "DELL": -14.83,
        "SHOP": -8.54,
        "CEG": -14.11,
        "MU": -12.48,
        "HIMS": 0
    }
}