{
    "time": "2024-07-08T10:32:51.477934-04:00",
    "daily_start_net_value": 84146.741,
    "current_net_value": 84132.5259,
    "daily_pnl": -14.215100000001257,
    "daily_pnl_percentage": -0.02,
    "remain_portion": 50,
    "positions": {
        "TSLA": 0,
        "NVDA": 0,
        "META": 4.0,
        "MSFT": 0,
        "IBM": 0,
        "PLTR": 0,
        "BA": 0,
        "SNOW": 0,
        "GOOGL": 3.0,
        "COIN": 0,
        "SMCI": 0,
        "HOOD": 70.44,
        "CRWD": 0,
        "LULU": 8.38,
        "PANW": 0,
        "AMD": 0,
        "ARM": 0,
        "BABA": 91.25,
        "CELH": 52.0,
        "QCOM": 10.13,
        "AAPL": 4.46,
        "DELL": 24.0,
        "SHOP": 0,
        "CEG": 0,
        "MU": 21.72,
        "HIMS": 0.0
    },
    "cash_position": 50231.07,
    "active_orders": {
        "TSLA": [],
        "NVDA": [],
        "META": [
            {
                "uuid": "00000000-0000-0000-0000-0000000000",
                "stock": "META",
                "time": "2024-07-08T07:27:03.689540-04:00",
                "price": 508.9325,
                "share": 4.0,
                "remain_portion": -1
            }
        ],
        "MSFT": [],
        "IBM": [],
        "PLTR": [],
        "BA": [],
        "SNOW": [],
        "GOOGL": [
            {
                "uuid": "00000000-0000-0000-0000-0000000000",
                "stock": "GOOGL",
                "time": "2024-07-08T07:27:03.689684-04:00",
                "price": 182.34,
                "share": 3.0,
                "remain_portion": -1
            },
            {
                "uuid": "bb73a409-ccea-4717-bc00-7486c1bdbe56",
                "stock": "GOOGL",
                "time": "2024-07-08T08:06:44.743122-04:00",
                "price": 188.95000000000002,
                "share": 0.0,
                "remain_portion": 58
            }
        ],
        "COIN": [],
        "SMCI": [],
        "HOOD": [
            {
                "uuid": "00000000-0000-0000-0000-0000000000",
                "stock": "HOOD",
                "time": "2024-07-08T07:27:03.689723-04:00",
                "price": 22.68,
                "share": 26.0,
                "remain_portion": -1
            },
            {
                "uuid": "c6a42e54-5ab2-4309-adea-b3339b603460",
                "stock": "HOOD",
                "time": "2024-07-08T10:07:49.393352-04:00",
                "price": 22.5,
                "share": 44.44,
                "remain_portion": 50
            }
        ],
        "CRWD": [],
        "LULU": [
            {
                "uuid": "00000000-0000-0000-0000-0000000000",
                "stock": "LULU",
                "time": "2024-07-08T07:27:03.689807-04:00",
                "price": 303.486,
                "share": 5.0,
                "remain_portion": -1
            },
            {
                "uuid": "18d6b44f-ae76-4680-9335-227b9e7990e9",
                "stock": "LULU",
                "time": "2024-07-08T10:06:43.304613-04:00",
                "price": 296.2,
                "share": 3.380000000000001,
                "remain_portion": 52
            }
        ],
        "PANW": [],
        "AMD": [],
        "ARM": [],
        "BABA": [
            {
                "uuid": "00000000-0000-0000-0000-0000000000",
                "stock": "BABA",
                "time": "2024-07-08T07:27:03.689761-04:00",
                "price": 72.688,
                "share": 65.25,
                "remain_portion": -1
            },
            {
                "uuid": "b20bbc04-16d8-4383-a141-e1877a9ef7f9",
                "stock": "BABA",
                "time": "2024-07-08T07:56:29.968187-04:00",
                "price": 73.7,
                "share": 13.0,
                "remain_portion": 59
            },
            {
                "uuid": "b474a295-e2f7-4cd7-ac56-68497dec292a",
                "stock": "BABA",
                "time": "2024-07-08T08:56:10.886180-04:00",
                "price": 73.71,
                "share": 13.0,
                "remain_portion": 53
            }
        ],
        "CELH": [
            {
                "uuid": "1916c7b8-d51d-4ebd-9736-6e4f87c5ea6d",
                "stock": "CELH",
                "time": "2024-07-08T08:06:47.638096-04:00",
                "price": 56.559999999999995,
                "share": 17.0,
                "remain_portion": 57
            },
            {
                "uuid": "bfa85ce6-2751-41bd-b336-51602f89802f",
                "stock": "CELH",
                "time": "2024-07-08T08:36:02.071109-04:00",
                "price": 55.849999999999994,
                "share": 17.0,
                "remain_portion": 55
            },
            {
                "uuid": "f8877ae8-989e-43e3-9872-2a5fe9f45cff",
                "stock": "CELH",
                "time": "2024-07-08T08:51:06.405161-04:00",
                "price": 55.4,
                "share": 18.0,
                "remain_portion": 54
            }
        ],
        "QCOM": [
            {
                "uuid": "00000000-0000-0000-0000-0000000000",
                "stock": "QCOM",
                "time": "2024-07-08T09:55:30.598411-04:00",
                "price": 204.2656,
                "share": 10.13,
                "remain_portion": -1
            }
        ],
        "AAPL": [
            {
                "uuid": "2bdc1249-94d2-4566-9fd8-3b4bcbbcd755",
                "stock": "AAPL",
                "time": "2024-07-08T10:06:46.006137-04:00",
                "price": 224.28,
                "share": 4.46,
                "remain_portion": 51
            }
        ],
        "DELL": [
            {
                "uuid": "00000000-0000-0000-0000-0000000000",
                "stock": "DELL",
                "time": "2024-07-08T07:27:03.689883-04:00",
                "price": 141.9708,
                "share": 24.0,
                "remain_portion": -1
            }
        ],
        "SHOP": [],
        "CEG": [],
        "MU": [
            {
                "uuid": "00000000-0000-0000-0000-0000000000",
                "stock": "MU",
                "time": "2024-07-08T07:27:03.689927-04:00",
                "price": 140.8356,
                "share": 21.72,
                "remain_portion": -1
            }
        ],
        "HIMS": [
            {
                "uuid": "13124ad7-c561-4098-b79d-c2cb5cc53489",
                "stock": "HIMS",
                "time": "2024-07-08T08:30:47.377351-04:00",
                "price": 20.74072,
                "share": 0.0,
                "remain_portion": 56
            }
        ]
    },
    "active_pnl": {
        "TSLA": 0,
        "NVDA": 0,
        "META": 83.49,
        "MSFT": 0,
        "IBM": 0,
        "PLTR": 0,
        "BA": 0,
        "SNOW": 0,
        "GOOGL": 19.8,
        "COIN": 0,
        "SMCI": 0,
        "HOOD": -15.25,
        "CRWD": 0,
        "LULU": -32.66,
        "PANW": 0,
        "AMD": 0,
        "ARM": 0,
        "BABA": 36.25,
        "CELH": -16.97,
        "QCOM": 23.24,
        "AAPL": 4.75,
        "DELL": 9.02,
        "SHOP": 0,
        "CEG": 0,
        "MU": -186.21,
        "HIMS": 0.0
    },
    "active_pnl_percentage": {
        "TSLA": 0,
        "NVDA": 0,
        "META": 4.11,
        "MSFT": 0,
        "IBM": 0,
        "PLTR": 0,
        "BA": 0,
        "SNOW": 0,
        "GOOGL": 3.62,
        "COIN": 0,
        "SMCI": 0,
        "HOOD": -0.96,
        "CRWD": 0,
        "LULU": -1.3,
        "PANW": 0,
        "AMD": 0,
        "ARM": 0,
        "BABA": 0.56,
        "CELH": -0.44,
        "QCOM": 1.12,
        "AAPL": 0.42,
        "DELL": 0.15,
        "SHOP": 0,
        "CEG": 0,
        "MU": -6.0,
        "HIMS": 0
    }
}