{
    "time": "2024-07-12T16:35:01.544068-04:00",
    "daily_start_net_value": 85094.821,
    "current_net_value": 85757.6002,
    "daily_pnl": 662.7792000000045,
    "daily_pnl_percentage": 0.78,
    "remain_portion": 23,
    "positions": {
        "TSLA": 0,
        "NVDA": 14.13,
        "META": 3.96,
        "MSFT": 6.55,
        "IBM": 0,
        "PLTR": 0,
        "BA": 5.0,
        "SNOW": 14.59,
        "GOOGL": 32.07,
        "COIN": 0,
        "SMCI": 0,
        "HOOD": 0,
        "CRWD": 5.29,
        "LULU": 7.39,
        "PANW": 0,
        "AMD": 5.52,
        "ARM": 4.75,
        "BABA": 12.0,
        "CELH": 16.94,
        "QCOM": 4.0,
        "AAPL": 0,
        "DELL": 14.33,
        "SHOP": 15.46,
        "CEG": 0,
        "MU": 0,
        "HIMS": 0
    },
    "cash_position": 23110.17,
    "active_orders": {
        "TSLA": [],
        "NVDA": [
            {
                "uuid": "ff562ed5-e564-4746-85c7-8d1adf99b354",
                "stock": "NVDA",
                "time": "2024-07-12T10:16:18.648089-04:00",
                "price": 127.3415,
                "share": 14.13,
                "remain_portion": -1
            }
        ],
        "META": [
            {
                "uuid": "00000000-0000-0000-0000-0000000000",
                "stock": "META",
                "time": "2024-07-12T07:01:34.408919-04:00",
                "price": 518.5169,
                "share": 2.96,
                "remain_portion": -1
            },
            {
                "uuid": "495ed8ae-f3ba-4dc0-87d7-c0975c3b4d7d",
                "stock": "META",
                "time": "2024-07-12T08:45:51.654779-04:00",
                "price": 502.05,
                "share": 0.0,
                "remain_portion": 31
            },
            {
                "uuid": "b6729fab-c52e-42fa-aa26-74574e7bd3b7",
                "stock": "META",
                "time": "2024-07-12T09:26:14.970928-04:00",
                "price": 499.29,
                "share": 1.0,
                "remain_portion": 29
            }
        ],
        "MSFT": [
            {
                "uuid": "00000000-0000-0000-0000-0000000000",
                "stock": "MSFT",
                "time": "2024-07-12T07:01:34.409041-04:00",
                "price": 458.3649,
                "share": 6.55,
                "remain_portion": -1
            }
        ],
        "IBM": [],
        "PLTR": [],
        "BA": [
            {
                "uuid": "bb932c61-0e00-485b-8425-5a9fd0ab193f",
                "stock": "BA",
                "time": "2024-07-12T08:35:52.933182-04:00",
                "price": 183.97,
                "share": 5.0,
                "remain_portion": -1
            }
        ],
        "SNOW": [
            {
                "uuid": "00000000-0000-0000-0000-0000000000",
                "stock": "SNOW",
                "time": "2024-07-12T07:01:34.409347-04:00",
                "price": 137.0089,
                "share": 14.59,
                "remain_portion": -1
            }
        ],
        "GOOGL": [
            {
                "uuid": "00000000-0000-0000-0000-0000000000",
                "stock": "GOOGL",
                "time": "2024-07-12T07:01:34.409155-04:00",
                "price": 187.1272,
                "share": 32.07,
                "remain_portion": -1
            }
        ],
        "COIN": [],
        "SMCI": [],
        "HOOD": [],
        "CRWD": [
            {
                "uuid": "00000000-0000-0000-0000-0000000000",
                "stock": "CRWD",
                "time": "2024-07-12T07:01:34.409428-04:00",
                "price": 377.7316,
                "share": 5.29,
                "remain_portion": -1
            }
        ],
        "LULU": [
            {
                "uuid": "7a534ac9-ac80-4f03-9239-ddc68eac1c38",
                "stock": "LULU",
                "time": "2024-07-12T09:40:37.618914-04:00",
                "price": 293.6294,
                "share": 6.92,
                "remain_portion": -1
            },
            {
                "uuid": "27d37fd1-6222-4347-93e7-f6f159140592",
                "stock": "LULU",
                "time": "2024-07-12T10:06:08.853249-04:00",
                "price": 288.0,
                "share": 0.46999999999999975,
                "remain_portion": 28
            }
        ],
        "PANW": [],
        "AMD": [
            {
                "uuid": "f5cafce0-00f2-41bb-864f-3f8ac27d24b1",
                "stock": "AMD",
                "time": "2024-07-12T15:50:25.257607-04:00",
                "price": 181.05,
                "share": 5.52,
                "remain_portion": 26
            }
        ],
        "ARM": [
            {
                "uuid": "cc7e292e-17e4-44cf-b422-8d557602ff09",
                "stock": "ARM",
                "time": "2024-07-12T13:16:00.059131-04:00",
                "price": 173.7049,
                "share": 4.75,
                "remain_portion": -1
            }
        ],
        "BABA": [
            {
                "uuid": "e1de746d-c64a-41c2-bdd6-4e3de4810594",
                "stock": "BABA",
                "time": "2024-07-12T16:10:54.980599-04:00",
                "price": 79.6899,
                "share": 12.0,
                "remain_portion": 23
            }
        ],
        "CELH": [
            {
                "uuid": "3ac15990-8034-4c4c-80f7-2beaaf695d16",
                "stock": "CELH",
                "time": "2024-07-12T15:56:44.950156-04:00",
                "price": 59.02,
                "share": 16.94,
                "remain_portion": 24
            }
        ],
        "QCOM": [
            {
                "uuid": "7d8ed1d7-72ac-4852-a850-904f14db73e0",
                "stock": "QCOM",
                "time": "2024-07-12T16:00:49.202207-04:00",
                "price": 202.02,
                "share": 4.0,
                "remain_portion": 24
            }
        ],
        "AAPL": [],
        "DELL": [
            {
                "uuid": "00000000-0000-0000-0000-0000000000",
                "stock": "DELL",
                "time": "2024-07-12T07:01:34.409577-04:00",
                "price": 140.9909,
                "share": 14.33,
                "remain_portion": -1
            },
            {
                "uuid": "a195b4a4-fdce-4faa-b49d-2473d47f981b",
                "stock": "DELL",
                "time": "2024-07-12T08:05:54.774181-04:00",
                "price": 139.85000000000002,
                "share": 0.0,
                "remain_portion": 32
            }
        ],
        "SHOP": [
            {
                "uuid": "9705d84f-891e-4ed0-a1af-2118a5bec540",
                "stock": "SHOP",
                "time": "2024-07-12T15:16:01.307750-04:00",
                "price": 64.67,
                "share": 15.46,
                "remain_portion": 27
            }
        ],
        "CEG": [],
        "MU": [],
        "HIMS": []
    },
    "active_pnl": {
        "TSLA": 0,
        "NVDA": 28.52,
        "META": -65.74,
        "MSFT": -39.59,
        "IBM": 0,
        "PLTR": 0,
        "BA": -8.7,
        "SNOW": -11.22,
        "GOOGL": -80.09,
        "COIN": 0,
        "SMCI": 0,
        "HOOD": 0,
        "CRWD": -30.32,
        "LULU": -16.34,
        "PANW": 0,
        "AMD": 1.66,
        "ARM": 35.7,
        "BABA": -1.2,
        "CELH": -0.34,
        "QCOM": 1.64,
        "AAPL": 0,
        "DELL": -21.22,
        "SHOP": 2.93,
        "CEG": 0,
        "MU": 0,
        "HIMS": 0
    },
    "active_pnl_percentage": {
        "TSLA": 0,
        "NVDA": 1.59,
        "META": -3.23,
        "MSFT": -1.32,
        "IBM": 0,
        "PLTR": 0,
        "BA": -0.95,
        "SNOW": -0.56,
        "GOOGL": -1.33,
        "COIN": 0,
        "SMCI": 0,
        "HOOD": 0,
        "CRWD": -1.52,
        "LULU": -0.75,
        "PANW": 0,
        "AMD": 0.17,
        "ARM": 4.31,
        "BABA": -0.13,
        "CELH": -0.03,
        "QCOM": 0.2,
        "AAPL": 0,
        "DELL": -1.05,
        "SHOP": 0.29,
        "CEG": 0,
        "MU": 0,
        "HIMS": 0
    }
}