{
    "time": "2024-07-22T16:35:11.042978-04:00",
    "daily_start_net_value": 90910.9198,
    "current_net_value": 91327.3055,
    "daily_pnl": 416.3856999999989,
    "daily_pnl_percentage": 0.46,
    "remain_portion": 0,
    "positions": {
        "TSLA": 0,
        "NVDA": 22.13,
        "META": 5.96,
        "MSFT": 15.29,
        "IBM": 0,
        "PLTR": 0,
        "BA": 0,
        "SNOW": 0,
        "GOOGL": 40.5,
        "COIN": 0,
        "SMCI": 2.0,
        "HOOD": 169.28,
        "CRWD": 11.0,
        "LULU": 0,
        "PANW": 0,
        "AMD": 17.75,
        "ARM": 0,
        "BABA": 60.25,
        "CELH": 229.98,
        "QCOM": 4.82,
        "AAPL": 12.39,
        "DELL": 77.91,
        "SHOP": 59.45,
        "CEG": 36.0,
        "MU": 77.76,
        "HIMS": 93.0
    },
    "cash_position": 987.07,
    "active_orders": {
        "TSLA": [],
        "NVDA": [
            {
                "uuid": "00000000-0000-0000-0000-0000000000",
                "stock": "NVDA",
                "time": "2024-07-22T07:01:54.598209-04:00",
                "price": 125.1503,
                "share": 22.13,
                "remain_portion": -1
            }
        ],
        "META": [
            {
                "uuid": "00000000-0000-0000-0000-0000000000",
                "stock": "META",
                "time": "2024-07-22T07:01:54.598001-04:00",
                "price": 509.2937,
                "share": 5.96,
                "remain_portion": -1
            }
        ],
        "MSFT": [
            {
                "uuid": "00000000-0000-0000-0000-0000000000",
                "stock": "MSFT",
                "time": "2024-07-22T07:01:54.598150-04:00",
                "price": 451.8031,
                "share": 15.29,
                "remain_portion": -1
            }
        ],
        "IBM": [],
        "PLTR": [],
        "BA": [],
        "SNOW": [],
        "GOOGL": [
            {
                "uuid": "00000000-0000-0000-0000-0000000000",
                "stock": "GOOGL",
                "time": "2024-07-22T07:01:54.598246-04:00",
                "price": 184.4393,
                "share": 40.5,
                "remain_portion": -1
            }
        ],
        "COIN": [],
        "SMCI": [
            {
                "uuid": "00000000-0000-0000-0000-0000000000",
                "stock": "SMCI",
                "time": "2024-07-22T07:01:54.598404-04:00",
                "price": 869.365,
                "share": 2.0,
                "remain_portion": -1
            }
        ],
        "HOOD": [
            {
                "uuid": "00000000-0000-0000-0000-0000000000",
                "stock": "HOOD",
                "time": "2024-07-22T07:01:54.598322-04:00",
                "price": 23.8369,
                "share": 83.28,
                "remain_portion": -1
            },
            {
                "uuid": "d151a617-e4fe-45e2-b09b-5474d20ea178",
                "stock": "HOOD",
                "time": "2024-07-22T08:26:58.815743-04:00",
                "price": 22.9229,
                "share": 43.0,
                "remain_portion": 2
            },
            {
                "uuid": "22680f70-0552-4112-bef2-50b86b7da8d6",
                "stock": "HOOD",
                "time": "2024-07-22T08:40:15.752054-04:00",
                "price": 22.97295,
                "share": 43.0,
                "remain_portion": 1
            }
        ],
        "CRWD": [
            {
                "uuid": "00000000-0000-0000-0000-0000000000",
                "stock": "CRWD",
                "time": "2024-07-22T07:01:54.598543-04:00",
                "price": 361.5375,
                "share": 8.0,
                "remain_portion": -1
            },
            {
                "uuid": "48b07043-01fc-47cb-ba9f-1e30842d891c",
                "stock": "CRWD",
                "time": "2024-07-22T08:21:44.543154-04:00",
                "price": 290.4302,
                "share": 3.0,
                "remain_portion": 3
            }
        ],
        "LULU": [],
        "PANW": [],
        "AMD": [
            {
                "uuid": "00000000-0000-0000-0000-0000000000",
                "stock": "AMD",
                "time": "2024-07-22T07:01:54.598120-04:00",
                "price": 165.9466,
                "share": 17.75,
                "remain_portion": -1
            }
        ],
        "ARM": [],
        "BABA": [
            {
                "uuid": "00000000-0000-0000-0000-0000000000",
                "stock": "BABA",
                "time": "2024-07-22T07:01:54.598348-04:00",
                "price": 77.0304,
                "share": 60.25,
                "remain_portion": -1
            }
        ],
        "CELH": [
            {
                "uuid": "00000000-0000-0000-0000-0000000000",
                "stock": "CELH",
                "time": "2024-07-22T07:01:54.598513-04:00",
                "price": 54.3346,
                "share": 215.98,
                "remain_portion": -1
            },
            {
                "uuid": "481c54b0-b7d0-4d5c-a2d2-49dcc7852fa0",
                "stock": "CELH",
                "time": "2024-07-22T08:45:20.031029-04:00",
                "price": 47.43739,
                "share": 14.0,
                "remain_portion": 0
            }
        ],
        "QCOM": [
            {
                "uuid": "00000000-0000-0000-0000-0000000000",
                "stock": "QCOM",
                "time": "2024-07-22T07:01:54.598625-04:00",
                "price": 201.3545,
                "share": 4.82,
                "remain_portion": -1
            }
        ],
        "AAPL": [
            {
                "uuid": "00000000-0000-0000-0000-0000000000",
                "stock": "AAPL",
                "time": "2024-07-22T07:01:54.598179-04:00",
                "price": 229.0549,
                "share": 12.39,
                "remain_portion": -1
            }
        ],
        "DELL": [
            {
                "uuid": "00000000-0000-0000-0000-0000000000",
                "stock": "DELL",
                "time": "2024-07-22T07:01:54.598654-04:00",
                "price": 133.4984,
                "share": 77.91,
                "remain_portion": -1
            }
        ],
        "SHOP": [
            {
                "uuid": "00000000-0000-0000-0000-0000000000",
                "stock": "SHOP",
                "time": "2024-07-22T07:01:54.598598-04:00",
                "price": 66.6823,
                "share": 59.45,
                "remain_portion": -1
            }
        ],
        "CEG": [
            {
                "uuid": "00000000-0000-0000-0000-0000000000",
                "stock": "CEG",
                "time": "2024-07-22T07:01:54.598721-04:00",
                "price": 203.8425,
                "share": 36.0,
                "remain_portion": -1
            }
        ],
        "MU": [
            {
                "uuid": "00000000-0000-0000-0000-0000000000",
                "stock": "MU",
                "time": "2024-07-22T07:01:54.598684-04:00",
                "price": 127.7454,
                "share": 77.76,
                "remain_portion": -1
            }
        ],
        "HIMS": [
            {
                "uuid": "00000000-0000-0000-0000-0000000000",
                "stock": "HIMS",
                "time": "2024-07-22T07:01:54.598569-04:00",
                "price": 21.4371,
                "share": 93.0,
                "remain_portion": -1
            }
        ]
    },
    "active_pnl": {
        "TSLA": 0,
        "NVDA": -42.72,
        "META": -132.71,
        "MSFT": -141.93,
        "IBM": 0,
        "PLTR": 0,
        "BA": 0,
        "SNOW": 0,
        "GOOGL": -106.89,
        "COIN": 0,
        "SMCI": -174.11,
        "HOOD": 0.8,
        "CRWD": -871.69,
        "LULU": 0,
        "PANW": 0,
        "AMD": -195.9,
        "ARM": 0,
        "BABA": -19.91,
        "CELH": -1360.27,
        "QCOM": -36.56,
        "AAPL": -62.88,
        "DELL": -405.01,
        "SHOP": -238.53,
        "CEG": -483.21,
        "MU": -1005.86,
        "HIMS": -81.57
    },
    "active_pnl_percentage": {
        "TSLA": 0,
        "NVDA": -1.55,
        "META": -4.37,
        "MSFT": -2.05,
        "IBM": 0,
        "PLTR": 0,
        "BA": 0,
        "SNOW": 0,
        "GOOGL": -1.43,
        "COIN": 0,
        "SMCI": -10.01,
        "HOOD": 0.02,
        "CRWD": -23.16,
        "LULU": 0,
        "PANW": 0,
        "AMD": -6.65,
        "ARM": 0,
        "BABA": -0.43,
        "CELH": -10.97,
        "QCOM": -3.77,
        "AAPL": -2.22,
        "DELL": -3.89,
        "SHOP": -6.02,
        "CEG": -6.58,
        "MU": -10.13,
        "HIMS": -4.09
    }
}