{
    "time": "2024-07-22T09:31:44.155073-04:00",
    "daily_start_net_value": 90910.9198,
    "current_net_value": 91035.317,
    "daily_pnl": 124.39719999999215,
    "daily_pnl_percentage": 0.14,
    "remain_portion": 0,
    "positions": {
        "TSLA": 0,
        "NVDA": 22.13,
        "META": 5.96,
        "MSFT": 15.29,
        "IBM": 0,
        "PLTR": 0,
        "BA": 0.49,
        "SNOW": 0.6,
        "GOOGL": 40.5,
        "COIN": 0,
        "SMCI": 2.0,
        "HOOD": 169.28,
        "CRWD": 11.0,
        "LULU": 0,
        "PANW": 5.0,
        "AMD": 17.75,
        "ARM": 0,
        "BABA": 60.25,
        "CELH": 229.98,
        "QCOM": 4.82,
        "AAPL": 12.39,
        "DELL": 77.91,
        "SHOP": 59.45,
        "CEG": 36.0,
        "MU": 77.76,
        "HIMS": 93.0
    },
    "cash_position": 987.07,
    "active_orders": {
        "TSLA": [],
        "NVDA": [
            {
                "uuid": "00000000-0000-0000-0000-0000000000",
                "stock": "NVDA",
                "time": "2024-07-22T07:01:54.598209-04:00",
                "price": 125.1503,
                "share": 22.13,
                "remain_portion": -1
            }
        ],
        "META": [
            {
                "uuid": "00000000-0000-0000-0000-0000000000",
                "stock": "META",
                "time": "2024-07-22T07:01:54.598001-04:00",
                "price": 509.2937,
                "share": 5.96,
                "remain_portion": -1
            }
        ],
        "MSFT": [
            {
                "uuid": "00000000-0000-0000-0000-0000000000",
                "stock": "MSFT",
                "time": "2024-07-22T07:01:54.598150-04:00",
                "price": 451.8031,
                "share": 15.29,
                "remain_portion": -1
            }
        ],
        "IBM": [],
        "PLTR": [],
        "BA": [
            {
                "uuid": "afc84c82-1912-45cc-a864-dc8efce18085",
                "stock": "BA",
                "time": "2024-07-22T08:11:33.654679-04:00",
                "price": 180.1026,
                "share": 0.49,
                "remain_portion": -1
            }
        ],
        "SNOW": [
            {
                "uuid": "f4a476b0-405b-4dd2-9344-bb5a95e9aa55",
                "stock": "SNOW",
                "time": "2024-07-22T08:11:37.798126-04:00",
                "price": 130.3082,
                "share": 0.6,
                "remain_portion": -1
            }
        ],
        "GOOGL": [
            {
                "uuid": "00000000-0000-0000-0000-0000000000",
                "stock": "GOOGL",
                "time": "2024-07-22T07:01:54.598246-04:00",
                "price": 184.4393,
                "share": 40.5,
                "remain_portion": -1
            }
        ],
        "COIN": [],
        "SMCI": [
            {
                "uuid": "00000000-0000-0000-0000-0000000000",
                "stock": "SMCI",
                "time": "2024-07-22T07:01:54.598404-04:00",
                "price": 869.365,
                "share": 2.0,
                "remain_portion": -1
            }
        ],
        "HOOD": [
            {
                "uuid": "00000000-0000-0000-0000-0000000000",
                "stock": "HOOD",
                "time": "2024-07-22T07:01:54.598322-04:00",
                "price": 23.8369,
                "share": 83.28,
                "remain_portion": -1
            },
            {
                "uuid": "d151a617-e4fe-45e2-b09b-5474d20ea178",
                "stock": "HOOD",
                "time": "2024-07-22T08:26:58.815743-04:00",
                "price": 22.9229,
                "share": 43.0,
                "remain_portion": 2
            },
            {
                "uuid": "22680f70-0552-4112-bef2-50b86b7da8d6",
                "stock": "HOOD",
                "time": "2024-07-22T08:40:15.752054-04:00",
                "price": 22.97295,
                "share": 43.0,
                "remain_portion": 1
            }
        ],
        "CRWD": [
            {
                "uuid": "00000000-0000-0000-0000-0000000000",
                "stock": "CRWD",
                "time": "2024-07-22T07:01:54.598543-04:00",
                "price": 361.5375,
                "share": 8.0,
                "remain_portion": -1
            },
            {
                "uuid": "48b07043-01fc-47cb-ba9f-1e30842d891c",
                "stock": "CRWD",
                "time": "2024-07-22T08:21:44.543154-04:00",
                "price": 290.4302,
                "share": 3.0,
                "remain_portion": 3
            }
        ],
        "LULU": [],
        "PANW": [
            {
                "uuid": "1b608f7d-956c-4951-9f0f-282b7cded26a",
                "stock": "PANW",
                "time": "2024-07-22T09:06:36.681657-04:00",
                "price": 333.017,
                "share": 5.0,
                "remain_portion": -1
            }
        ],
        "AMD": [
            {
                "uuid": "00000000-0000-0000-0000-0000000000",
                "stock": "AMD",
                "time": "2024-07-22T07:01:54.598120-04:00",
                "price": 165.9466,
                "share": 17.75,
                "remain_portion": -1
            }
        ],
        "ARM": [],
        "BABA": [
            {
                "uuid": "00000000-0000-0000-0000-0000000000",
                "stock": "BABA",
                "time": "2024-07-22T07:01:54.598348-04:00",
                "price": 77.0304,
                "share": 60.25,
                "remain_portion": -1
            }
        ],
        "CELH": [
            {
                "uuid": "00000000-0000-0000-0000-0000000000",
                "stock": "CELH",
                "time": "2024-07-22T07:01:54.598513-04:00",
                "price": 54.3346,
                "share": 215.98,
                "remain_portion": -1
            },
            {
                "uuid": "481c54b0-b7d0-4d5c-a2d2-49dcc7852fa0",
                "stock": "CELH",
                "time": "2024-07-22T08:45:20.031029-04:00",
                "price": 47.43739,
                "share": 14.0,
                "remain_portion": 0
            }
        ],
        "QCOM": [
            {
                "uuid": "00000000-0000-0000-0000-0000000000",
                "stock": "QCOM",
                "time": "2024-07-22T07:01:54.598625-04:00",
                "price": 201.3545,
                "share": 4.82,
                "remain_portion": -1
            }
        ],
        "AAPL": [
            {
                "uuid": "00000000-0000-0000-0000-0000000000",
                "stock": "AAPL",
                "time": "2024-07-22T07:01:54.598179-04:00",
                "price": 229.0549,
                "share": 12.39,
                "remain_portion": -1
            }
        ],
        "DELL": [
            {
                "uuid": "00000000-0000-0000-0000-0000000000",
                "stock": "DELL",
                "time": "2024-07-22T07:01:54.598654-04:00",
                "price": 133.4984,
                "share": 77.91,
                "remain_portion": -1
            }
        ],
        "SHOP": [
            {
                "uuid": "00000000-0000-0000-0000-0000000000",
                "stock": "SHOP",
                "time": "2024-07-22T07:01:54.598598-04:00",
                "price": 66.6823,
                "share": 59.45,
                "remain_portion": -1
            }
        ],
        "CEG": [
            {
                "uuid": "00000000-0000-0000-0000-0000000000",
                "stock": "CEG",
                "time": "2024-07-22T07:01:54.598721-04:00",
                "price": 203.8425,
                "share": 36.0,
                "remain_portion": -1
            }
        ],
        "MU": [
            {
                "uuid": "00000000-0000-0000-0000-0000000000",
                "stock": "MU",
                "time": "2024-07-22T07:01:54.598684-04:00",
                "price": 127.7454,
                "share": 77.76,
                "remain_portion": -1
            }
        ],
        "HIMS": [
            {
                "uuid": "00000000-0000-0000-0000-0000000000",
                "stock": "HIMS",
                "time": "2024-07-22T07:01:54.598569-04:00",
                "price": 21.4371,
                "share": 93.0,
                "remain_portion": -1
            }
        ]
    },
    "active_pnl": {
        "TSLA": 0,
        "NVDA": -109.11,
        "META": -132.44,
        "MSFT": -166.56,
        "IBM": 0,
        "PLTR": 0,
        "BA": 0.69,
        "SNOW": 0.17,
        "GOOGL": -145.37,
        "COIN": 0,
        "SMCI": -151.47,
        "HOOD": 31.27,
        "CRWD": -706.71,
        "LULU": 0,
        "PANW": -0.13,
        "AMD": -221.46,
        "ARM": 0,
        "BABA": -1.24,
        "CELH": -1570.7,
        "QCOM": -55.6,
        "AAPL": -18.62,
        "DELL": -438.51,
        "SHOP": -204.64,
        "CEG": -480.5,
        "MU": -991.08,
        "HIMS": -121.1
    },
    "active_pnl_percentage": {
        "TSLA": 0,
        "NVDA": -3.94,
        "META": -4.2,
        "MSFT": -2.44,
        "IBM": 0,
        "PLTR": 0,
        "BA": 0.89,
        "SNOW": 0.2,
        "GOOGL": -1.92,
        "COIN": 0,
        "SMCI": -8.74,
        "HOOD": 0.62,
        "CRWD": -18.4,
        "LULU": 0,
        "PANW": -0.08,
        "AMD": -7.43,
        "ARM": 0,
        "BABA": -0.08,
        "CELH": -12.77,
        "QCOM": -5.77,
        "AAPL": -0.74,
        "DELL": -4.25,
        "SHOP": -5.16,
        "CEG": -6.55,
        "MU": -10.0,
        "HIMS": -6.07
    }
}