{
    "time": "2024-08-07T13:33:30.126470-04:00",
    "daily_start_net_value": 106467.708,
    "current_net_value": 107003.0695,
    "daily_pnl": 535.3614999999991,
    "daily_pnl_percentage": 0.5,
    "remain_portion": 0,
    "positions": {
        "TSLA": 13.25,
        "NVDA": 0.57,
        "META": 0,
        "MSFT": 19.29,
        "IBM": 0,
        "PLTR": 0,
        "BA": 22.28,
        "SNOW": 14.0,
        "GOOGL": 41.41,
        "COIN": 5.2,
        "SMCI": 4.0,
        "HOOD": 443.47,
        "CRWD": 15.49,
        "LULU": 17.83,
        "PANW": 0,
        "AMD": 53.44,
        "ARM": 8.83,
        "BABA": 12.78,
        "CELH": 301.82,
        "QCOM": 19.25,
        "AAPL": 0,
        "DELL": 113.51,
        "SHOP": 63.28,
        "CEG": 59.09,
        "MU": 96.73,
        "HIMS": 55.0
    },
    "cash_position": 808.49,
    "active_orders": {
        "TSLA": [
            {
                "uuid": "00000000-0000-0000-0000-0000000000",
                "stock": "TSLA",
                "time": "2024-08-07T07:01:50.179781-04:00",
                "price": 215.8739,
                "share": 13.25,
                "remain_portion": -1
            }
        ],
        "NVDA": [
            {
                "uuid": "00000000-0000-0000-0000-0000000000",
                "stock": "NVDA",
                "time": "2024-08-07T07:01:50.179817-04:00",
                "price": 117.7549,
                "share": 0.57,
                "remain_portion": -1
            }
        ],
        "META": [],
        "MSFT": [
            {
                "uuid": "00000000-0000-0000-0000-0000000000",
                "stock": "MSFT",
                "time": "2024-08-07T07:01:50.179736-04:00",
                "price": 446.5873,
                "share": 19.29,
                "remain_portion": -1
            }
        ],
        "IBM": [],
        "PLTR": [],
        "BA": [
            {
                "uuid": "00000000-0000-0000-0000-0000000000",
                "stock": "BA",
                "time": "2024-08-07T07:01:50.179898-04:00",
                "price": 173.421,
                "share": 22.28,
                "remain_portion": -1
            }
        ],
        "SNOW": [
            {
                "uuid": "00000000-0000-0000-0000-0000000000",
                "stock": "SNOW",
                "time": "2024-08-07T07:01:50.180157-04:00",
                "price": 129.91,
                "share": 14.0,
                "remain_portion": -1
            }
        ],
        "GOOGL": [
            {
                "uuid": "00000000-0000-0000-0000-0000000000",
                "stock": "GOOGL",
                "time": "2024-08-07T07:01:50.179854-04:00",
                "price": 176.8764,
                "share": 41.41,
                "remain_portion": -1
            }
        ],
        "COIN": [
            {
                "uuid": "73272536-51ff-4ae1-a110-3fb56896a7b1",
                "stock": "COIN",
                "time": "2024-08-07T10:15:47.503903-04:00",
                "price": 192.28,
                "share": 5.2,
                "remain_portion": 1
            }
        ],
        "SMCI": [
            {
                "uuid": "00000000-0000-0000-0000-0000000000",
                "stock": "SMCI",
                "time": "2024-08-07T07:01:50.180013-04:00",
                "price": 786.4275,
                "share": 4.0,
                "remain_portion": -1
            }
        ],
        "HOOD": [
            {
                "uuid": "00000000-0000-0000-0000-0000000000",
                "stock": "HOOD",
                "time": "2024-08-07T07:01:50.179946-04:00",
                "price": 22.4114,
                "share": 443.47,
                "remain_portion": -1
            }
        ],
        "CRWD": [
            {
                "uuid": "00000000-0000-0000-0000-0000000000",
                "stock": "CRWD",
                "time": "2024-08-07T07:01:50.180274-04:00",
                "price": 307.4512,
                "share": 15.49,
                "remain_portion": -1
            }
        ],
        "LULU": [
            {
                "uuid": "00000000-0000-0000-0000-0000000000",
                "stock": "LULU",
                "time": "2024-08-07T07:01:50.180070-04:00",
                "price": 280.291,
                "share": 17.83,
                "remain_portion": -1
            }
        ],
        "PANW": [],
        "AMD": [
            {
                "uuid": "00000000-0000-0000-0000-0000000000",
                "stock": "AMD",
                "time": "2024-08-07T07:01:50.179692-04:00",
                "price": 148.6707,
                "share": 53.44,
                "remain_portion": -1
            }
        ],
        "ARM": [
            {
                "uuid": "4a863fd3-56b3-4ef8-8224-73ecd01ddee1",
                "stock": "ARM",
                "time": "2024-08-07T10:20:52.463443-04:00",
                "price": 113.29,
                "share": 8.83,
                "remain_portion": 0
            }
        ],
        "BABA": [
            {
                "uuid": "1c42533d-f975-49b2-9942-2b91db0bb925",
                "stock": "BABA",
                "time": "2024-08-07T09:55:39.473192-04:00",
                "price": 78.23,
                "share": 12.78,
                "remain_portion": 2
            }
        ],
        "CELH": [
            {
                "uuid": "00000000-0000-0000-0000-0000000000",
                "stock": "CELH",
                "time": "2024-08-07T07:01:50.180219-04:00",
                "price": 52.0913,
                "share": 301.82,
                "remain_portion": -1
            }
        ],
        "QCOM": [
            {
                "uuid": "00000000-0000-0000-0000-0000000000",
                "stock": "QCOM",
                "time": "2024-08-07T07:01:50.180413-04:00",
                "price": 177.3508,
                "share": 19.25,
                "remain_portion": -1
            }
        ],
        "AAPL": [],
        "DELL": [
            {
                "uuid": "00000000-0000-0000-0000-0000000000",
                "stock": "DELL",
                "time": "2024-08-07T07:01:50.180473-04:00",
                "price": 126.8585,
                "share": 113.51,
                "remain_portion": -1
            }
        ],
        "SHOP": [
            {
                "uuid": "b67f294e-8358-4538-b126-9e144c51a6d6",
                "stock": "SHOP",
                "time": "2024-08-07T09:40:26.152594-04:00",
                "price": 62.6069,
                "share": 63.28,
                "remain_portion": -1
            }
        ],
        "CEG": [
            {
                "uuid": "00000000-0000-0000-0000-0000000000",
                "stock": "CEG",
                "time": "2024-08-07T07:01:50.180544-04:00",
                "price": 191.8425,
                "share": 59.09,
                "remain_portion": -1
            }
        ],
        "MU": [
            {
                "uuid": "00000000-0000-0000-0000-0000000000",
                "stock": "MU",
                "time": "2024-08-07T07:01:50.180508-04:00",
                "price": 122.8553,
                "share": 96.73,
                "remain_portion": -1
            }
        ],
        "HIMS": [
            {
                "uuid": "00000000-0000-0000-0000-0000000000",
                "stock": "HIMS",
                "time": "2024-08-07T07:01:50.180321-04:00",
                "price": 17.68,
                "share": 55.0,
                "remain_portion": -1
            }
        ]
    },
    "active_pnl": {
        "TSLA": -259.62,
        "NVDA": -8.77,
        "META": 0,
        "MSFT": -872.05,
        "IBM": 0,
        "PLTR": 0,
        "BA": -209.23,
        "SNOW": -162.4,
        "GOOGL": -718.31,
        "COIN": -38.48,
        "SMCI": -1118.53,
        "HOOD": -2326.62,
        "CRWD": -1148.6,
        "LULU": -731.4,
        "PANW": 0,
        "AMD": -904.25,
        "ARM": -35.5,
        "BABA": -3.39,
        "CELH": -3504.52,
        "QCOM": -354.23,
        "AAPL": 0,
        "DELL": -4325.13,
        "SHOP": 174.18,
        "CEG": -578.93,
        "MU": -3281.6,
        "HIMS": -80.3
    },
    "active_pnl_percentage": {
        "TSLA": -9.04,
        "NVDA": -13.06,
        "META": 0,
        "MSFT": -10.13,
        "IBM": 0,
        "PLTR": 0,
        "BA": -5.38,
        "SNOW": -8.89,
        "GOOGL": -9.81,
        "COIN": -3.85,
        "SMCI": -35.56,
        "HOOD": -23.34,
        "CRWD": -24.1,
        "LULU": -14.63,
        "PANW": 0,
        "AMD": -11.35,
        "ARM": -3.55,
        "BABA": -0.35,
        "CELH": -22.29,
        "QCOM": -10.38,
        "AAPL": 0,
        "DELL": -30.03,
        "SHOP": 4.38,
        "CEG": -5.11,
        "MU": -27.61,
        "HIMS": -8.26
    }
}