{
    "time": "2024-07-23T09:31:36.372161-04:00",
    "daily_start_net_value": 91327.3055,
    "current_net_value": 90908.3082,
    "daily_pnl": -418.9973000000027,
    "daily_pnl_percentage": -0.46,
    "remain_portion": 0,
    "positions": {
        "TSLA": 0,
        "NVDA": 22.13,
        "META": 5.96,
        "MSFT": 15.29,
        "IBM": 0,
        "PLTR": 0,
        "BA": 0,
        "SNOW": 0,
        "GOOGL": 40.5,
        "COIN": 0,
        "SMCI": 2.0,
        "HOOD": 298.28,
        "CRWD": 11.0,
        "LULU": 0,
        "PANW": 0.0,
        "AMD": 17.75,
        "ARM": 6.0,
        "BABA": 99.25,
        "CELH": 236.98,
        "QCOM": 4.82,
        "AAPL": 12.39,
        "DELL": 77.91,
        "SHOP": 75.45,
        "CEG": 36.0,
        "MU": 77.76,
        "HIMS": 93.0
    },
    "cash_position": 237.09,
    "active_orders": {
        "TSLA": [],
        "NVDA": [
            {
                "uuid": "00000000-0000-0000-0000-0000000000",
                "stock": "NVDA",
                "time": "2024-07-23T07:01:33.534303-04:00",
                "price": 125.1503,
                "share": 22.13,
                "remain_portion": -1
            }
        ],
        "META": [
            {
                "uuid": "00000000-0000-0000-0000-0000000000",
                "stock": "META",
                "time": "2024-07-23T07:01:33.534049-04:00",
                "price": 509.2937,
                "share": 5.96,
                "remain_portion": -1
            }
        ],
        "MSFT": [
            {
                "uuid": "00000000-0000-0000-0000-0000000000",
                "stock": "MSFT",
                "time": "2024-07-23T07:01:33.534238-04:00",
                "price": 451.8031,
                "share": 15.29,
                "remain_portion": -1
            }
        ],
        "IBM": [],
        "PLTR": [],
        "BA": [],
        "SNOW": [],
        "GOOGL": [
            {
                "uuid": "00000000-0000-0000-0000-0000000000",
                "stock": "GOOGL",
                "time": "2024-07-23T07:01:33.534331-04:00",
                "price": 184.4393,
                "share": 40.5,
                "remain_portion": -1
            }
        ],
        "COIN": [],
        "SMCI": [
            {
                "uuid": "00000000-0000-0000-0000-0000000000",
                "stock": "SMCI",
                "time": "2024-07-23T07:01:33.534456-04:00",
                "price": 869.365,
                "share": 2.0,
                "remain_portion": -1
            }
        ],
        "HOOD": [
            {
                "uuid": "00000000-0000-0000-0000-0000000000",
                "stock": "HOOD",
                "time": "2024-07-23T07:01:33.534357-04:00",
                "price": 23.3838,
                "share": 169.28,
                "remain_portion": -1
            },
            {
                "uuid": "bac41b34-f439-469b-a7ed-60a6b61bcdf0",
                "stock": "HOOD",
                "time": "2024-07-23T08:31:50.138542-04:00",
                "price": 23.1332101,
                "share": 43.0,
                "remain_portion": 6
            },
            {
                "uuid": "ccf6f04c-c9dc-4379-aeff-3a1555197407",
                "stock": "HOOD",
                "time": "2024-07-23T08:46:13.060649-04:00",
                "price": 23.1231,
                "share": 43.0,
                "remain_portion": 3
            },
            {
                "uuid": "9379a826-5073-4bd9-a80a-ffc6470451a7",
                "stock": "HOOD",
                "time": "2024-07-23T09:01:23.261369-04:00",
                "price": 23.1231,
                "share": 42.99999999999997,
                "remain_portion": 1
            }
        ],
        "CRWD": [
            {
                "uuid": "00000000-0000-0000-0000-0000000000",
                "stock": "CRWD",
                "time": "2024-07-23T07:01:33.534523-04:00",
                "price": 342.1445,
                "share": 11.0,
                "remain_portion": -1
            }
        ],
        "LULU": [],
        "PANW": [
            {
                "uuid": "145e6251-259a-4454-b0e6-8a17f4b606a6",
                "stock": "PANW",
                "time": "2024-07-23T08:36:04.734168-04:00",
                "price": 333.05,
                "share": 0.0,
                "remain_portion": 5
            }
        ],
        "AMD": [
            {
                "uuid": "00000000-0000-0000-0000-0000000000",
                "stock": "AMD",
                "time": "2024-07-23T07:01:33.534200-04:00",
                "price": 165.9466,
                "share": 17.75,
                "remain_portion": -1
            }
        ],
        "ARM": [
            {
                "uuid": "7b1ebcb7-8812-42d7-9f97-818ccdca80d4",
                "stock": "ARM",
                "time": "2024-07-23T08:51:17.884025-04:00",
                "price": 162.06,
                "share": 6.0,
                "remain_portion": 2
            }
        ],
        "BABA": [
            {
                "uuid": "00000000-0000-0000-0000-0000000000",
                "stock": "BABA",
                "time": "2024-07-23T07:01:33.534415-04:00",
                "price": 77.0304,
                "share": 60.25,
                "remain_portion": -1
            },
            {
                "uuid": "791c9433-4ffc-49ac-88e0-870565bc4433",
                "stock": "BABA",
                "time": "2024-07-23T08:26:32.884102-04:00",
                "price": 75.83,
                "share": 13.0,
                "remain_portion": 7
            },
            {
                "uuid": "a7570ef6-c323-4375-9e68-c19ba98fd089",
                "stock": "BABA",
                "time": "2024-07-23T08:41:08.555830-04:00",
                "price": 75.75,
                "share": 13.0,
                "remain_portion": 4
            },
            {
                "uuid": "5e1359a3-7303-4f7d-8807-a19d0466138c",
                "stock": "BABA",
                "time": "2024-07-23T09:11:28.957860-04:00",
                "price": 75.67,
                "share": 13.0,
                "remain_portion": 0
            }
        ],
        "CELH": [
            {
                "uuid": "00000000-0000-0000-0000-0000000000",
                "stock": "CELH",
                "time": "2024-07-23T07:01:33.534489-04:00",
                "price": 53.7231,
                "share": 236.98,
                "remain_portion": -1
            }
        ],
        "QCOM": [
            {
                "uuid": "00000000-0000-0000-0000-0000000000",
                "stock": "QCOM",
                "time": "2024-07-23T07:01:33.534624-04:00",
                "price": 201.3545,
                "share": 4.82,
                "remain_portion": -1
            }
        ],
        "AAPL": [
            {
                "uuid": "00000000-0000-0000-0000-0000000000",
                "stock": "AAPL",
                "time": "2024-07-23T07:01:33.534268-04:00",
                "price": 229.0549,
                "share": 12.39,
                "remain_portion": -1
            }
        ],
        "DELL": [
            {
                "uuid": "00000000-0000-0000-0000-0000000000",
                "stock": "DELL",
                "time": "2024-07-23T07:01:33.534653-04:00",
                "price": 133.4984,
                "share": 77.91,
                "remain_portion": -1
            }
        ],
        "SHOP": [
            {
                "uuid": "00000000-0000-0000-0000-0000000000",
                "stock": "SHOP",
                "time": "2024-07-23T07:01:33.534590-04:00",
                "price": 65.7742,
                "share": 75.45,
                "remain_portion": -1
            }
        ],
        "CEG": [
            {
                "uuid": "00000000-0000-0000-0000-0000000000",
                "stock": "CEG",
                "time": "2024-07-23T07:01:33.534732-04:00",
                "price": 203.8425,
                "share": 36.0,
                "remain_portion": -1
            }
        ],
        "MU": [
            {
                "uuid": "00000000-0000-0000-0000-0000000000",
                "stock": "MU",
                "time": "2024-07-23T07:01:33.534699-04:00",
                "price": 127.7454,
                "share": 77.76,
                "remain_portion": -1
            }
        ],
        "HIMS": [
            {
                "uuid": "00000000-0000-0000-0000-0000000000",
                "stock": "HIMS",
                "time": "2024-07-23T07:01:33.534563-04:00",
                "price": 21.4371,
                "share": 93.0,
                "remain_portion": -1
            }
        ]
    },
    "active_pnl": {
        "TSLA": 0,
        "NVDA": -49.8,
        "META": -101.13,
        "MSFT": -127.11,
        "IBM": 0,
        "PLTR": 0,
        "BA": 0,
        "SNOW": 0,
        "GOOGL": -78.74,
        "COIN": 0,
        "SMCI": -189.43,
        "HOOD": -12.68,
        "CRWD": -842.87,
        "LULU": 0,
        "PANW": 0.0,
        "AMD": -207.4,
        "ARM": 1.38,
        "BABA": -81.61,
        "CELH": -1456.27,
        "QCOM": -32.27,
        "AAPL": -74.15,
        "DELL": -567.84,
        "SHOP": -176.87,
        "CEG": -541.17,
        "MU": -1027.5,
        "HIMS": -100.17
    },
    "active_pnl_percentage": {
        "TSLA": 0,
        "NVDA": -1.85,
        "META": -3.26,
        "MSFT": -1.82,
        "IBM": 0,
        "PLTR": 0,
        "BA": 0,
        "SNOW": 0,
        "GOOGL": -1.03,
        "COIN": 0,
        "SMCI": -10.83,
        "HOOD": -0.18,
        "CRWD": -22.59,
        "LULU": 0,
        "PANW": 0,
        "AMD": -7.19,
        "ARM": 0.06,
        "BABA": -1.17,
        "CELH": -11.37,
        "QCOM": -3.5,
        "AAPL": -2.61,
        "DELL": -5.41,
        "SHOP": -3.53,
        "CEG": -7.37,
        "MU": -10.36,
        "HIMS": -5.02
    }
}