{
    "time": "2024-07-23T07:30:07.394688-04:00",
    "daily_start_net_value": 91327.3055,
    "current_net_value": 91327.3055,
    "daily_pnl": 0.0,
    "daily_pnl_percentage": 0.0,
    "remain_portion": 8,
    "positions": {
        "TSLA": 0,
        "NVDA": 22.13,
        "META": 5.96,
        "MSFT": 15.29,
        "IBM": 0,
        "PLTR": 0,
        "BA": 0,
        "SNOW": 0,
        "GOOGL": 40.5,
        "COIN": 0,
        "SMCI": 2.0,
        "HOOD": 169.28,
        "CRWD": 11.0,
        "LULU": 0,
        "PANW": 0,
        "AMD": 17.75,
        "ARM": 0,
        "BABA": 60.25,
        "CELH": 236.98,
        "QCOM": 4.82,
        "AAPL": 12.39,
        "DELL": 77.91,
        "SHOP": 75.45,
        "CEG": 36.0,
        "MU": 77.76,
        "HIMS": 93.0
    },
    "cash_position": 8143.87,
    "active_orders": {
        "TSLA": [],
        "NVDA": [
            {
                "uuid": "00000000-0000-0000-0000-0000000000",
                "stock": "NVDA",
                "time": "2024-07-23T07:01:33.534303-04:00",
                "price": 125.1503,
                "share": 22.13,
                "remain_portion": -1
            }
        ],
        "META": [
            {
                "uuid": "00000000-0000-0000-0000-0000000000",
                "stock": "META",
                "time": "2024-07-23T07:01:33.534049-04:00",
                "price": 509.2937,
                "share": 5.96,
                "remain_portion": -1
            }
        ],
        "MSFT": [
            {
                "uuid": "00000000-0000-0000-0000-0000000000",
                "stock": "MSFT",
                "time": "2024-07-23T07:01:33.534238-04:00",
                "price": 451.8031,
                "share": 15.29,
                "remain_portion": -1
            }
        ],
        "IBM": [],
        "PLTR": [],
        "BA": [],
        "SNOW": [],
        "GOOGL": [
            {
                "uuid": "00000000-0000-0000-0000-0000000000",
                "stock": "GOOGL",
                "time": "2024-07-23T07:01:33.534331-04:00",
                "price": 184.4393,
                "share": 40.5,
                "remain_portion": -1
            }
        ],
        "COIN": [],
        "SMCI": [
            {
                "uuid": "00000000-0000-0000-0000-0000000000",
                "stock": "SMCI",
                "time": "2024-07-23T07:01:33.534456-04:00",
                "price": 869.365,
                "share": 2.0,
                "remain_portion": -1
            }
        ],
        "HOOD": [
            {
                "uuid": "00000000-0000-0000-0000-0000000000",
                "stock": "HOOD",
                "time": "2024-07-23T07:01:33.534357-04:00",
                "price": 23.3838,
                "share": 169.28,
                "remain_portion": -1
            }
        ],
        "CRWD": [
            {
                "uuid": "00000000-0000-0000-0000-0000000000",
                "stock": "CRWD",
                "time": "2024-07-23T07:01:33.534523-04:00",
                "price": 342.1445,
                "share": 11.0,
                "remain_portion": -1
            }
        ],
        "LULU": [],
        "PANW": [],
        "AMD": [
            {
                "uuid": "00000000-0000-0000-0000-0000000000",
                "stock": "AMD",
                "time": "2024-07-23T07:01:33.534200-04:00",
                "price": 165.9466,
                "share": 17.75,
                "remain_portion": -1
            }
        ],
        "ARM": [],
        "BABA": [
            {
                "uuid": "00000000-0000-0000-0000-0000000000",
                "stock": "BABA",
                "time": "2024-07-23T07:01:33.534415-04:00",
                "price": 77.0304,
                "share": 60.25,
                "remain_portion": -1
            }
        ],
        "CELH": [
            {
                "uuid": "00000000-0000-0000-0000-0000000000",
                "stock": "CELH",
                "time": "2024-07-23T07:01:33.534489-04:00",
                "price": 53.7231,
                "share": 236.98,
                "remain_portion": -1
            }
        ],
        "QCOM": [
            {
                "uuid": "00000000-0000-0000-0000-0000000000",
                "stock": "QCOM",
                "time": "2024-07-23T07:01:33.534624-04:00",
                "price": 201.3545,
                "share": 4.82,
                "remain_portion": -1
            }
        ],
        "AAPL": [
            {
                "uuid": "00000000-0000-0000-0000-0000000000",
                "stock": "AAPL",
                "time": "2024-07-23T07:01:33.534268-04:00",
                "price": 229.0549,
                "share": 12.39,
                "remain_portion": -1
            }
        ],
        "DELL": [
            {
                "uuid": "00000000-0000-0000-0000-0000000000",
                "stock": "DELL",
                "time": "2024-07-23T07:01:33.534653-04:00",
                "price": 133.4984,
                "share": 77.91,
                "remain_portion": -1
            }
        ],
        "SHOP": [
            {
                "uuid": "00000000-0000-0000-0000-0000000000",
                "stock": "SHOP",
                "time": "2024-07-23T07:01:33.534590-04:00",
                "price": 65.7742,
                "share": 75.45,
                "remain_portion": -1
            }
        ],
        "CEG": [
            {
                "uuid": "00000000-0000-0000-0000-0000000000",
                "stock": "CEG",
                "time": "2024-07-23T07:01:33.534732-04:00",
                "price": 203.8425,
                "share": 36.0,
                "remain_portion": -1
            }
        ],
        "MU": [
            {
                "uuid": "00000000-0000-0000-0000-0000000000",
                "stock": "MU",
                "time": "2024-07-23T07:01:33.534699-04:00",
                "price": 127.7454,
                "share": 77.76,
                "remain_portion": -1
            }
        ],
        "HIMS": [
            {
                "uuid": "00000000-0000-0000-0000-0000000000",
                "stock": "HIMS",
                "time": "2024-07-23T07:01:33.534563-04:00",
                "price": 21.4371,
                "share": 93.0,
                "remain_portion": -1
            }
        ]
    },
    "active_pnl": {
        "TSLA": 0,
        "NVDA": -37.85,
        "META": -123.93,
        "MSFT": -114.42,
        "IBM": 0,
        "PLTR": 0,
        "BA": 0,
        "SNOW": 0,
        "GOOGL": -100.82,
        "COIN": 0,
        "SMCI": -170.73,
        "HOOD": -17.57,
        "CRWD": -855.74,
        "LULU": 0,
        "PANW": 0,
        "AMD": -191.64,
        "ARM": 0,
        "BABA": -69.91,
        "CELH": -1229.12,
        "QCOM": -20.12,
        "AAPL": -57.67,
        "DELL": -431.5,
        "SHOP": -239.49,
        "CEG": -428.49,
        "MU": -979.42,
        "HIMS": -73.2
    },
    "active_pnl_percentage": {
        "TSLA": 0,
        "NVDA": -1.34,
        "META": -4.08,
        "MSFT": -1.66,
        "IBM": 0,
        "PLTR": 0,
        "BA": 0,
        "SNOW": 0,
        "GOOGL": -1.35,
        "COIN": 0,
        "SMCI": -9.82,
        "HOOD": -0.44,
        "CRWD": -22.74,
        "LULU": 0,
        "PANW": 0,
        "AMD": -6.51,
        "ARM": 0,
        "BABA": -1.51,
        "CELH": -9.65,
        "QCOM": -2.07,
        "AAPL": -2.03,
        "DELL": -4.15,
        "SHOP": -4.83,
        "CEG": -5.84,
        "MU": -9.86,
        "HIMS": -3.67
    }
}