{
    "time": "2024-07-15T09:30:57.527967-04:00",
    "daily_start_net_value": 85763.8902,
    "current_net_value": 85610.889,
    "daily_pnl": -153.0011999999988,
    "daily_pnl_percentage": -0.18,
    "remain_portion": 41,
    "positions": {
        "TSLA": 0,
        "NVDA": 14.13,
        "META": 5.96,
        "MSFT": 6.55,
        "IBM": 0,
        "PLTR": 0,
        "BA": 15.0,
        "SNOW": 14.59,
        "GOOGL": 37.07,
        "COIN": 0,
        "SMCI": 0,
        "HOOD": 0,
        "CRWD": 5.29,
        "LULU": 10.39,
        "PANW": 0,
        "AMD": 0.52,
        "ARM": 0.75,
        "BABA": 24.0,
        "CELH": 67.94,
        "QCOM": 0.0,
        "AAPL": 0,
        "DELL": 7.33,
        "SHOP": 0.46,
        "CEG": 0.0,
        "MU": 7.0,
        "HIMS": 0
    },
    "cash_position": 41689.27,
    "active_orders": {
        "TSLA": [],
        "NVDA": [
            {
                "uuid": "00000000-0000-0000-0000-0000000000",
                "stock": "NVDA",
                "time": "2024-07-15T07:05:38.441433-04:00",
                "price": 127.3415,
                "share": 14.13,
                "remain_portion": -1
            }
        ],
        "META": [
            {
                "uuid": "00000000-0000-0000-0000-0000000000",
                "stock": "META",
                "time": "2024-07-15T07:05:38.441219-04:00",
                "price": 509.2937,
                "share": 5.96,
                "remain_portion": -1
            }
        ],
        "MSFT": [
            {
                "uuid": "00000000-0000-0000-0000-0000000000",
                "stock": "MSFT",
                "time": "2024-07-15T07:05:38.441396-04:00",
                "price": 458.3649,
                "share": 6.55,
                "remain_portion": -1
            },
            {
                "uuid": "391bb20c-66fa-4e4b-a343-7b9e2d0395dd",
                "stock": "MSFT",
                "time": "2024-07-15T09:21:54.907430-04:00",
                "price": 452.55060000000003,
                "share": 0.0,
                "remain_portion": 41
            }
        ],
        "IBM": [],
        "PLTR": [],
        "BA": [
            {
                "uuid": "1c910b1f-9353-424e-82d2-751b25e97cf7",
                "stock": "BA",
                "time": "2024-07-15T08:36:12.241175-04:00",
                "price": 182.8267,
                "share": 15.0,
                "remain_portion": -1
            }
        ],
        "SNOW": [
            {
                "uuid": "00000000-0000-0000-0000-0000000000",
                "stock": "SNOW",
                "time": "2024-07-15T07:05:38.441668-04:00",
                "price": 137.0089,
                "share": 14.59,
                "remain_portion": -1
            },
            {
                "uuid": "a0259e5b-8aa3-4c52-b004-e87366c1f444",
                "stock": "SNOW",
                "time": "2024-07-15T09:16:32.890842-04:00",
                "price": 135.8,
                "share": 0.0,
                "remain_portion": 42
            }
        ],
        "GOOGL": [
            {
                "uuid": "00000000-0000-0000-0000-0000000000",
                "stock": "GOOGL",
                "time": "2024-07-15T07:05:38.441480-04:00",
                "price": 187.1272,
                "share": 32.07,
                "remain_portion": -1
            },
            {
                "uuid": "b286f5bd-b713-4867-9daa-1f8a70310736",
                "stock": "GOOGL",
                "time": "2024-07-15T09:00:45.744276-04:00",
                "price": 184.73780000000002,
                "share": 5.0,
                "remain_portion": 46
            }
        ],
        "COIN": [],
        "SMCI": [],
        "HOOD": [],
        "CRWD": [
            {
                "uuid": "00000000-0000-0000-0000-0000000000",
                "stock": "CRWD",
                "time": "2024-07-15T07:05:38.441770-04:00",
                "price": 377.7316,
                "share": 5.29,
                "remain_portion": -1
            }
        ],
        "LULU": [
            {
                "uuid": "00000000-0000-0000-0000-0000000000",
                "stock": "LULU",
                "time": "2024-07-15T07:05:38.441634-04:00",
                "price": 293.2673,
                "share": 7.39,
                "remain_portion": -1
            },
            {
                "uuid": "5057ff9d-02d3-474a-ba7f-ffab412a333b",
                "stock": "LULU",
                "time": "2024-07-15T08:45:32.385010-04:00",
                "price": 290.149,
                "share": 0.0,
                "remain_portion": 49
            },
            {
                "uuid": "a38bc93c-f2a0-4a97-98e9-b5aa53ef54d2",
                "stock": "LULU",
                "time": "2024-07-15T09:00:48.492857-04:00",
                "price": 290.6,
                "share": 6.000000000000001,
                "remain_portion": 45
            }
        ],
        "PANW": [],
        "AMD": [
            {
                "uuid": "e1d6fc4c-4353-43df-8d72-225a77fa2980",
                "stock": "AMD",
                "time": "2024-07-15T07:40:25.148087-04:00",
                "price": 180.9656,
                "share": 0.52,
                "remain_portion": -1
            }
        ],
        "ARM": [
            {
                "uuid": "ade5f37e-f830-48aa-aca8-c0666ef4f434",
                "stock": "ARM",
                "time": "2024-07-15T07:40:28.883396-04:00",
                "price": 173.7049,
                "share": 0.75,
                "remain_portion": -1
            }
        ],
        "BABA": [
            {
                "uuid": "00000000-0000-0000-0000-0000000000",
                "stock": "BABA",
                "time": "2024-07-15T07:05:38.441593-04:00",
                "price": 79.6692,
                "share": 12.0,
                "remain_portion": -1
            },
            {
                "uuid": "d691bacc-b5ce-4d2a-aa32-d54bdf0fcf29",
                "stock": "BABA",
                "time": "2024-07-15T08:40:17.134892-04:00",
                "price": 78.14999999999999,
                "share": 12.0,
                "remain_portion": 49
            }
        ],
        "CELH": [
            {
                "uuid": "00000000-0000-0000-0000-0000000000",
                "stock": "CELH",
                "time": "2024-07-15T07:05:38.441745-04:00",
                "price": 59.0047,
                "share": 16.94,
                "remain_portion": -1
            },
            {
                "uuid": "6f1d364e-b9e4-4271-9c2d-f792b03afff9",
                "stock": "CELH",
                "time": "2024-07-15T07:50:37.869239-04:00",
                "price": 58.04,
                "share": 16.999999999999996,
                "remain_portion": 53
            },
            {
                "uuid": "4e7cb640-a4bc-4f81-b7c3-ec870ee146bd",
                "stock": "CELH",
                "time": "2024-07-15T08:05:58.708732-04:00",
                "price": 58.05,
                "share": 17.0,
                "remain_portion": 51
            },
            {
                "uuid": "81ad7b0c-8029-4fb8-8c51-64062502dcbe",
                "stock": "CELH",
                "time": "2024-07-15T08:45:34.880743-04:00",
                "price": 57.029999999999994,
                "share": 17.0,
                "remain_portion": 48
            },
            {
                "uuid": "82c2d548-21bb-4aff-94a5-a9f8a3efe584",
                "stock": "CELH",
                "time": "2024-07-15T09:01:00.964622-04:00",
                "price": 57.05,
                "share": 0.0,
                "remain_portion": 44
            }
        ],
        "QCOM": [
            {
                "uuid": "cb40da94-af9f-43d9-97a9-2d5796df04b0",
                "stock": "QCOM",
                "time": "2024-07-15T09:11:17.645065-04:00",
                "price": 202.2845,
                "share": 0.0,
                "remain_portion": 43
            }
        ],
        "AAPL": [],
        "DELL": [
            {
                "uuid": "944c13b6-ed6a-4969-9a53-d1e4d712bce2",
                "stock": "DELL",
                "time": "2024-07-15T07:40:32.775785-04:00",
                "price": 140.6165,
                "share": 7.33,
                "remain_portion": -1
            }
        ],
        "SHOP": [
            {
                "uuid": "00000000-0000-0000-0000-0000000000",
                "stock": "SHOP",
                "time": "2024-07-15T07:05:38.441800-04:00",
                "price": 64.6695,
                "share": 0.46,
                "remain_portion": -1
            }
        ],
        "CEG": [
            {
                "uuid": "556b7589-15a4-4f2e-9c8c-6f47e56d7d1d",
                "stock": "CEG",
                "time": "2024-07-15T08:00:54.099960-04:00",
                "price": 215.03240000000002,
                "share": 0.0,
                "remain_portion": 52
            },
            {
                "uuid": "12e4abaf-8823-444f-a2dc-22a7462484d9",
                "stock": "CEG",
                "time": "2024-07-15T08:16:17.024637-04:00",
                "price": 215.03240000000002,
                "share": 0.0,
                "remain_portion": 50
            }
        ],
        "MU": [
            {
                "uuid": "3a964db8-a05a-402a-9bfb-93465f43174a",
                "stock": "MU",
                "time": "2024-07-15T08:55:41.732735-04:00",
                "price": 133.35000000000002,
                "share": 7.0,
                "remain_portion": 47
            }
        ],
        "HIMS": []
    },
    "active_pnl": {
        "TSLA": 0,
        "NVDA": 47.88,
        "META": -73.45,
        "MSFT": -36.58,
        "IBM": 0,
        "PLTR": 0,
        "BA": 2.9,
        "SNOW": -29.6,
        "GOOGL": -48.56,
        "COIN": 0,
        "SMCI": 0,
        "HOOD": 0,
        "CRWD": -41.69,
        "LULU": -41.8,
        "PANW": 0,
        "AMD": 2.3,
        "ARM": 7.17,
        "BABA": -20.87,
        "CELH": -206.15,
        "QCOM": 0.0,
        "AAPL": 0,
        "DELL": -1.37,
        "SHOP": 0.02,
        "CEG": 0.0,
        "MU": 8.75,
        "HIMS": 0
    },
    "active_pnl_percentage": {
        "TSLA": 0,
        "NVDA": 2.81,
        "META": -2.54,
        "MSFT": -1.22,
        "IBM": 0,
        "PLTR": 0,
        "BA": 0.02,
        "SNOW": -1.48,
        "GOOGL": -0.84,
        "COIN": 0,
        "SMCI": 0,
        "HOOD": 0,
        "CRWD": -1.97,
        "LULU": -1.03,
        "PANW": 0,
        "AMD": 2.36,
        "ARM": 5.36,
        "BABA": -1.1,
        "CELH": -4.74,
        "QCOM": 0,
        "AAPL": 0,
        "DELL": -0.25,
        "SHOP": 0.09,
        "CEG": 0,
        "MU": 0.85,
        "HIMS": 0
    }
}