{
    "time": "2024-07-08T19:21:04.047887-04:00",
    "daily_start_net_value": 84146.741,
    "current_net_value": 84225.1358,
    "daily_pnl": 78.39480000000913,
    "daily_pnl_percentage": 0.09,
    "remain_portion": 28,
    "positions": {
        "TSLA": 0,
        "NVDA": 0,
        "META": 4.0,
        "MSFT": 0,
        "IBM": 0,
        "PLTR": 0,
        "BA": 27.19,
        "SNOW": 0,
        "GOOGL": 8.0,
        "COIN": 0,
        "SMCI": 0,
        "HOOD": 250.07,
        "CRWD": 0,
        "LULU": 12.18,
        "PANW": 0,
        "AMD": 0,
        "ARM": 0,
        "BABA": 104.93,
        "CELH": 52.0,
        "QCOM": 0.96,
        "AAPL": 0,
        "DELL": 0,
        "SHOP": 29.78,
        "CEG": 0,
        "MU": 37.06,
        "HIMS": 144.62
    },
    "cash_position": 28305.94,
    "active_orders": {
        "TSLA": [],
        "NVDA": [],
        "META": [
            {
                "uuid": "00000000-0000-0000-0000-0000000000",
                "stock": "META",
                "time": "2024-07-08T07:27:03.689540-04:00",
                "price": 508.9325,
                "share": 4.0,
                "remain_portion": -1
            }
        ],
        "MSFT": [],
        "IBM": [],
        "PLTR": [],
        "BA": [
            {
                "uuid": "2c283cbf-3809-4df3-8ba9-4714ea48ecd1",
                "stock": "BA",
                "time": "2024-07-08T13:17:39.508610-04:00",
                "price": 182.94,
                "share": 5.470000000000002,
                "remain_portion": 40
            }
        ],
        "SNOW": [],
        "GOOGL": [
            {
                "uuid": "00000000-0000-0000-0000-0000000000",
                "stock": "GOOGL",
                "time": "2024-07-08T07:27:03.689684-04:00",
                "price": 182.34,
                "share": 3.0,
                "remain_portion": -1
            },
            {
                "uuid": "bb73a409-ccea-4717-bc00-7486c1bdbe56",
                "stock": "GOOGL",
                "time": "2024-07-08T08:06:44.743122-04:00",
                "price": 188.95000000000002,
                "share": 0.0,
                "remain_portion": 58
            }
        ],
        "COIN": [],
        "SMCI": [],
        "HOOD": [
            {
                "uuid": "00000000-0000-0000-0000-0000000000",
                "stock": "HOOD",
                "time": "2024-07-08T07:27:03.689723-04:00",
                "price": 22.68,
                "share": 26.0,
                "remain_portion": -1
            },
            {
                "uuid": "c6a42e54-5ab2-4309-adea-b3339b603460",
                "stock": "HOOD",
                "time": "2024-07-08T10:07:49.393352-04:00",
                "price": 22.5,
                "share": 44.44,
                "remain_portion": 50
            },
            {
                "uuid": "86264253-8b4a-46ab-b2de-dc848903e268",
                "stock": "HOOD",
                "time": "2024-07-08T12:10:40.550821-04:00",
                "price": 22.28,
                "share": 89.46000000000001,
                "remain_portion": 48
            },
            {
                "uuid": "7679c9f6-9833-4b75-82df-1855fde2da2e",
                "stock": "HOOD",
                "time": "2024-07-08T12:25:50.376419-04:00",
                "price": 22.23,
                "share": 45.0,
                "remain_portion": 46
            },
            {
                "uuid": "fffecbcc-b24b-4601-aff4-c6deadfd2bdf",
                "stock": "HOOD",
                "time": "2024-07-08T13:30:46.365490-04:00",
                "price": 22.14,
                "share": 45.16999999999999,
                "remain_portion": 39
            }
        ],
        "CRWD": [],
        "LULU": [
            {
                "uuid": "00000000-0000-0000-0000-0000000000",
                "stock": "LULU",
                "time": "2024-07-08T07:27:03.689807-04:00",
                "price": 303.486,
                "share": 5.0,
                "remain_portion": -1
            },
            {
                "uuid": "18d6b44f-ae76-4680-9335-227b9e7990e9",
                "stock": "LULU",
                "time": "2024-07-08T10:06:43.304613-04:00",
                "price": 296.2,
                "share": 3.380000000000001,
                "remain_portion": 52
            },
            {
                "uuid": "3c0bce5e-ac72-433c-80f5-39e7766dace8",
                "stock": "LULU",
                "time": "2024-07-08T14:36:29.455859-04:00",
                "price": 293.94,
                "share": 3.3999999999999986,
                "remain_portion": 37
            },
            {
                "uuid": "dcd85fbe-d8d6-4055-98f5-f99a8bc1b76d",
                "stock": "LULU",
                "time": "2024-07-08T14:51:43.024427-04:00",
                "price": 294.09,
                "share": 3.4000000000000004,
                "remain_portion": 35
            }
        ],
        "PANW": [],
        "AMD": [],
        "ARM": [],
        "BABA": [
            {
                "uuid": "00000000-0000-0000-0000-0000000000",
                "stock": "BABA",
                "time": "2024-07-08T07:27:03.689761-04:00",
                "price": 72.688,
                "share": 65.25,
                "remain_portion": -1
            },
            {
                "uuid": "b20bbc04-16d8-4383-a141-e1877a9ef7f9",
                "stock": "BABA",
                "time": "2024-07-08T07:56:29.968187-04:00",
                "price": 73.7,
                "share": 13.0,
                "remain_portion": 59
            },
            {
                "uuid": "b474a295-e2f7-4cd7-ac56-68497dec292a",
                "stock": "BABA",
                "time": "2024-07-08T08:56:10.886180-04:00",
                "price": 73.71,
                "share": 13.0,
                "remain_portion": 53
            },
            {
                "uuid": "90ef669c-a320-4e16-89cc-513ddd7dc691",
                "stock": "BABA",
                "time": "2024-07-08T12:10:44.123964-04:00",
                "price": 73.12,
                "share": 13.680000000000007,
                "remain_portion": 47
            }
        ],
        "CELH": [
            {
                "uuid": "1916c7b8-d51d-4ebd-9736-6e4f87c5ea6d",
                "stock": "CELH",
                "time": "2024-07-08T08:06:47.638096-04:00",
                "price": 56.559999999999995,
                "share": 17.0,
                "remain_portion": 57
            },
            {
                "uuid": "bfa85ce6-2751-41bd-b336-51602f89802f",
                "stock": "CELH",
                "time": "2024-07-08T08:36:02.071109-04:00",
                "price": 55.849999999999994,
                "share": 17.0,
                "remain_portion": 55
            },
            {
                "uuid": "f8877ae8-989e-43e3-9872-2a5fe9f45cff",
                "stock": "CELH",
                "time": "2024-07-08T08:51:06.405161-04:00",
                "price": 55.4,
                "share": 18.0,
                "remain_portion": 54
            }
        ],
        "QCOM": [
            {
                "uuid": "00000000-0000-0000-0000-0000000000",
                "stock": "QCOM",
                "time": "2024-07-08T16:06:58.517744-04:00",
                "price": 205.0916,
                "share": 0.96,
                "remain_portion": -1
            }
        ],
        "AAPL": [],
        "DELL": [],
        "SHOP": [
            {
                "uuid": "9ed52730-6a12-4c4e-b26c-f359edc7cf49",
                "stock": "SHOP",
                "time": "2024-07-08T11:55:34.492176-04:00",
                "price": 67.31,
                "share": 14.86,
                "remain_portion": 49
            },
            {
                "uuid": "1d6f6c3e-afa5-4a12-b518-2183e51b600d",
                "stock": "SHOP",
                "time": "2024-07-08T15:05:50.523424-04:00",
                "price": 67.04,
                "share": 14.920000000000002,
                "remain_portion": 34
            }
        ],
        "CEG": [],
        "MU": [
            {
                "uuid": "00000000-0000-0000-0000-0000000000",
                "stock": "MU",
                "time": "2024-07-08T07:27:03.689927-04:00",
                "price": 140.8356,
                "share": 21.72,
                "remain_portion": -1
            },
            {
                "uuid": "b937c548-0812-455f-9767-bbdf09eb494b",
                "stock": "MU",
                "time": "2024-07-08T15:31:10.438038-04:00",
                "price": 130.41,
                "share": 7.670000000000002,
                "remain_portion": 33
            },
            {
                "uuid": "89072f83-4808-43d8-b2fe-8ecb11aac427",
                "stock": "MU",
                "time": "2024-07-08T15:46:16.999555-04:00",
                "price": 130.39,
                "share": 7.670000000000002,
                "remain_portion": 32
            }
        ],
        "HIMS": [
            {
                "uuid": "13124ad7-c561-4098-b79d-c2cb5cc53489",
                "stock": "HIMS",
                "time": "2024-07-08T08:30:47.377351-04:00",
                "price": 20.74072,
                "share": 0.0,
                "remain_portion": 56
            },
            {
                "uuid": "db6fd2f6-a76f-4116-9726-8c7cbe5c196c",
                "stock": "HIMS",
                "time": "2024-07-08T14:11:08.874675-04:00",
                "price": 20.75,
                "share": 48.19,
                "remain_portion": 38
            },
            {
                "uuid": "a09561b9-969d-4dab-b98b-973a37165c44",
                "stock": "HIMS",
                "time": "2024-07-08T14:41:37.921707-04:00",
                "price": 20.65,
                "share": 48.43000000000001,
                "remain_portion": 36
            },
            {
                "uuid": "63c146c1-88b0-4318-8d43-31db0694632b",
                "stock": "HIMS",
                "time": "2024-07-08T16:12:15.874203-04:00",
                "price": 20.45043,
                "share": 0.0,
                "remain_portion": 31
            },
            {
                "uuid": "af0f73f0-d26f-4e8b-9177-935afb85f7d3",
                "stock": "HIMS",
                "time": "2024-07-08T16:25:34.251898-04:00",
                "price": 20.45043,
                "share": 48.0,
                "remain_portion": 30
            },
            {
                "uuid": "d14f2d73-79d9-4b55-bcd3-7a7d90b4bc7a",
                "stock": "HIMS",
                "time": "2024-07-08T16:40:51.348090-04:00",
                "price": 20.45043,
                "share": 0.0,
                "remain_portion": 29
            },
            {
                "uuid": "6f4459ba-df2a-46f4-a3a5-00100b6e101d",
                "stock": "HIMS",
                "time": "2024-07-08T18:30:51.307250-04:00",
                "price": 20.48046,
                "share": 0.0,
                "remain_portion": 28
            }
        ]
    },
    "active_pnl": {
        "TSLA": 0,
        "NVDA": 0,
        "META": 84.27,
        "MSFT": 0,
        "IBM": 0,
        "PLTR": 0,
        "BA": 18.05,
        "SNOW": 0,
        "GOOGL": 20.73,
        "COIN": 0,
        "SMCI": 0,
        "HOOD": -59.12,
        "CRWD": 0,
        "LULU": -49.05,
        "PANW": 0,
        "AMD": 0,
        "ARM": 0,
        "BABA": 58.14,
        "CELH": 4.35,
        "QCOM": 2.89,
        "AAPL": 0,
        "DELL": 0,
        "SHOP": 5.52,
        "CEG": 0,
        "MU": -204.43,
        "HIMS": -18.38
    },
    "active_pnl_percentage": {
        "TSLA": 0,
        "NVDA": 0,
        "META": 4.14,
        "MSFT": 0,
        "IBM": 0,
        "PLTR": 0,
        "BA": 1.8,
        "SNOW": 0,
        "GOOGL": 3.79,
        "COIN": 0,
        "SMCI": 0,
        "HOOD": -1.06,
        "CRWD": 0,
        "LULU": -1.09,
        "PANW": 0,
        "AMD": 0,
        "ARM": 0,
        "BABA": 0.76,
        "CELH": 0.15,
        "QCOM": 1.47,
        "AAPL": 0,
        "DELL": 0,
        "SHOP": 0.28,
        "CEG": 0,
        "MU": -4.04,
        "HIMS": -0.62
    }
}