{
    "time": "2024-07-09T10:32:05.443090-04:00",
    "daily_start_net_value": 84225.1358,
    "current_net_value": 84041.5963,
    "daily_pnl": -183.53949999999895,
    "daily_pnl_percentage": -0.22,
    "remain_portion": 32,
    "positions": {
        "TSLA": 0,
        "NVDA": 0,
        "META": 0,
        "MSFT": 0,
        "IBM": 5.0,
        "PLTR": 0,
        "BA": 27.19,
        "SNOW": 14.36,
        "GOOGL": 0,
        "COIN": 0,
        "SMCI": 0,
        "HOOD": 147.54,
        "CRWD": 0,
        "LULU": 18.18,
        "PANW": 0,
        "AMD": 0,
        "ARM": 0,
        "BABA": 52.46,
        "CELH": 123.66,
        "QCOM": 4.96,
        "AAPL": 0,
        "DELL": 0,
        "SHOP": 15.85,
        "CEG": 0,
        "MU": 37.06,
        "HIMS": 384.62
    },
    "cash_position": 32340.14,
    "active_orders": {
        "TSLA": [],
        "NVDA": [],
        "META": [],
        "MSFT": [],
        "IBM": [
            {
                "uuid": "85b5f1ef-b0ad-42e8-835a-d1d165dbca44",
                "stock": "IBM",
                "time": "2024-07-09T08:55:44.164916-04:00",
                "price": 177.75330000000002,
                "share": 0.0,
                "remain_portion": 40
            },
            {
                "uuid": "b28815e5-7972-4714-a35d-017522a24395",
                "stock": "IBM",
                "time": "2024-07-09T10:25:56.781445-04:00",
                "price": 176.19,
                "share": 5.0,
                "remain_portion": 34
            }
        ],
        "PLTR": [],
        "BA": [
            {
                "uuid": "00000000-0000-0000-0000-0000000000",
                "stock": "BA",
                "time": "2024-07-09T07:03:23.966835-04:00",
                "price": 183.8738,
                "share": 27.19,
                "remain_portion": -1
            }
        ],
        "SNOW": [
            {
                "uuid": "68b67208-97dd-4cb9-aad7-93d9a9045261",
                "stock": "SNOW",
                "time": "2024-07-09T08:40:18.205175-04:00",
                "price": 141.35000000000002,
                "share": 7.0,
                "remain_portion": 43
            },
            {
                "uuid": "c14f1d0a-16c9-4fd4-b260-e998564da29f",
                "stock": "SNOW",
                "time": "2024-07-09T09:36:24.472415-04:00",
                "price": 140.65,
                "share": 7.109999999999999,
                "remain_portion": 37
            },
            {
                "uuid": "0367d703-de0a-4f5e-9762-1ccaaec8c6a3",
                "stock": "SNOW",
                "time": "2024-07-09T10:26:00.118557-04:00",
                "price": 137.88,
                "share": 7.25,
                "remain_portion": 33
            }
        ],
        "GOOGL": [],
        "COIN": [],
        "SMCI": [],
        "HOOD": [
            {
                "uuid": "9f0596df-6cc9-4f41-aa75-d11b70021a38",
                "stock": "HOOD",
                "time": "2024-07-09T10:10:47.269173-04:00",
                "price": 22.3169,
                "share": 147.54,
                "remain_portion": -1
            }
        ],
        "CRWD": [],
        "LULU": [
            {
                "uuid": "00000000-0000-0000-0000-0000000000",
                "stock": "LULU",
                "time": "2024-07-09T07:03:23.967022-04:00",
                "price": 297.5685,
                "share": 15.18,
                "remain_portion": -1
            },
            {
                "uuid": "9b2a277f-8428-4c42-ab9a-5a8d54a1fd0b",
                "stock": "LULU",
                "time": "2024-07-09T08:45:25.145807-04:00",
                "price": 294.55,
                "share": 3.0,
                "remain_portion": 41
            }
        ],
        "PANW": [],
        "AMD": [],
        "ARM": [],
        "BABA": [
            {
                "uuid": "ffb4cdc9-ab53-43bb-b272-e69a08b5891a",
                "stock": "BABA",
                "time": "2024-07-09T09:40:32.699532-04:00",
                "price": 72.9901,
                "share": 52.46,
                "remain_portion": -1
            }
        ],
        "CELH": [
            {
                "uuid": "00000000-0000-0000-0000-0000000000",
                "stock": "CELH",
                "time": "2024-07-09T07:03:23.967048-04:00",
                "price": 55.8796,
                "share": 52.0,
                "remain_portion": -1
            },
            {
                "uuid": "3110943d-bea6-4c34-a2d8-b3597e615131",
                "stock": "CELH",
                "time": "2024-07-09T08:00:50.318100-04:00",
                "price": 55.61,
                "share": 0.0,
                "remain_portion": 45
            },
            {
                "uuid": "8a2087fb-1605-4e3c-b9eb-f7d304cb5bb6",
                "stock": "CELH",
                "time": "2024-07-09T08:40:20.902315-04:00",
                "price": 55.75,
                "share": 34.0,
                "remain_portion": 42
            },
            {
                "uuid": "8dfc85b2-660e-4f08-925f-c4677d54e3c8",
                "stock": "CELH",
                "time": "2024-07-09T10:05:42.138218-04:00",
                "price": 53.55,
                "share": 18.680000000000007,
                "remain_portion": 36
            },
            {
                "uuid": "7be15c1b-386e-48e0-b43f-630c1bcbb6e4",
                "stock": "CELH",
                "time": "2024-07-09T10:26:03.612444-04:00",
                "price": 52.67,
                "share": 18.97999999999999,
                "remain_portion": 32
            }
        ],
        "QCOM": [
            {
                "uuid": "00000000-0000-0000-0000-0000000000",
                "stock": "QCOM",
                "time": "2024-07-09T07:03:23.967125-04:00",
                "price": 205.0916,
                "share": 0.96,
                "remain_portion": -1
            },
            {
                "uuid": "e5bea606-2925-48be-866c-86e25b16d443",
                "stock": "QCOM",
                "time": "2024-07-09T08:35:11.119568-04:00",
                "price": 206.70000000000002,
                "share": 4.0,
                "remain_portion": 44
            }
        ],
        "AAPL": [],
        "DELL": [],
        "SHOP": [
            {
                "uuid": "00000000-0000-0000-0000-0000000000",
                "stock": "SHOP",
                "time": "2024-07-09T07:03:23.967099-04:00",
                "price": 67.1672,
                "share": 0.78,
                "remain_portion": -1
            },
            {
                "uuid": "044aad96-18d6-497d-a125-e120944f318f",
                "stock": "SHOP",
                "time": "2024-07-09T10:20:53.280663-04:00",
                "price": 66.34,
                "share": 15.07,
                "remain_portion": 35
            }
        ],
        "CEG": [],
        "MU": [
            {
                "uuid": "00000000-0000-0000-0000-0000000000",
                "stock": "MU",
                "time": "2024-07-09T07:03:23.967151-04:00",
                "price": 136.5127,
                "share": 37.06,
                "remain_portion": -1
            }
        ],
        "HIMS": [
            {
                "uuid": "00000000-0000-0000-0000-0000000000",
                "stock": "HIMS",
                "time": "2024-07-09T07:03:23.967074-04:00",
                "price": 20.6147,
                "share": 144.62,
                "remain_portion": -1
            },
            {
                "uuid": "36765718-880e-4f93-ae76-51aa8364969e",
                "stock": "HIMS",
                "time": "2024-07-09T07:40:33.775013-04:00",
                "price": 20.530510000000003,
                "share": 0.0,
                "remain_portion": 46
            },
            {
                "uuid": "4caac4fc-d6a1-49f8-b0a1-2f59828feb3b",
                "stock": "HIMS",
                "time": "2024-07-09T08:50:29.281164-04:00",
                "price": 20.54052,
                "share": 240.0,
                "remain_portion": 41
            }
        ]
    },
    "active_pnl": {
        "TSLA": 0,
        "NVDA": 0,
        "META": 0,
        "MSFT": 0,
        "IBM": 1.0,
        "PLTR": 0,
        "BA": 33.07,
        "SNOW": -41.21,
        "GOOGL": 0,
        "COIN": 0,
        "SMCI": 0,
        "HOOD": 46.93,
        "CRWD": 0,
        "LULU": -127.09,
        "PANW": 0,
        "AMD": 0,
        "ARM": 0,
        "BABA": 68.19,
        "CELH": -337.52,
        "QCOM": 3.54,
        "AAPL": 0,
        "DELL": 0,
        "SHOP": -9.52,
        "CEG": 0,
        "MU": -122.4,
        "HIMS": -34.01
    },
    "active_pnl_percentage": {
        "TSLA": 0,
        "NVDA": 0,
        "META": 0,
        "MSFT": 0,
        "IBM": 0.11,
        "PLTR": 0,
        "BA": 0.68,
        "SNOW": -1.43,
        "GOOGL": 0,
        "COIN": 0,
        "SMCI": 0,
        "HOOD": 1.34,
        "CRWD": 0,
        "LULU": -2.35,
        "PANW": 0,
        "AMD": 0,
        "ARM": 0,
        "BABA": 1.79,
        "CELH": -4.9,
        "QCOM": 0.3,
        "AAPL": 0,
        "DELL": 0,
        "SHOP": -0.89,
        "CEG": 0,
        "MU": -2.5,
        "HIMS": -0.48
    }
}