{
    "time": "2024-08-02T13:33:22.791845-04:00",
    "daily_start_net_value": 113913.923,
    "current_net_value": 108026.7811,
    "daily_pnl": -5887.141900000002,
    "daily_pnl_percentage": -5.17,
    "remain_portion": 0,
    "positions": {
        "TSLA": 13.25,
        "NVDA": 0.57,
        "META": 5.0,
        "MSFT": 19.29,
        "IBM": 0.31,
        "PLTR": 77.57,
        "BA": 11.28,
        "SNOW": 14.0,
        "GOOGL": 36.41,
        "COIN": 0,
        "SMCI": 4.0,
        "HOOD": 443.47,
        "CRWD": 15.49,
        "LULU": 17.83,
        "PANW": 0,
        "AMD": 53.44,
        "ARM": 0,
        "BABA": 24.84,
        "CELH": 301.82,
        "QCOM": 19.25,
        "AAPL": 0,
        "DELL": 113.51,
        "SHOP": 126.55,
        "CEG": 59.09,
        "MU": 96.73,
        "HIMS": 0
    },
    "cash_position": 493.02,
    "active_orders": {
        "TSLA": [
            {
                "uuid": "00000000-0000-0000-0000-0000000000",
                "stock": "TSLA",
                "time": "2024-08-02T07:01:12.519093-04:00",
                "price": 215.8739,
                "share": 13.25,
                "remain_portion": -1
            }
        ],
        "NVDA": [
            {
                "uuid": "00000000-0000-0000-0000-0000000000",
                "stock": "NVDA",
                "time": "2024-08-02T07:01:12.519136-04:00",
                "price": 117.7549,
                "share": 0.57,
                "remain_portion": -1
            }
        ],
        "META": [
            {
                "uuid": "00000000-0000-0000-0000-0000000000",
                "stock": "META",
                "time": "2024-08-02T07:01:12.518784-04:00",
                "price": 498.0661,
                "share": 5.0,
                "remain_portion": -1
            }
        ],
        "MSFT": [
            {
                "uuid": "00000000-0000-0000-0000-0000000000",
                "stock": "MSFT",
                "time": "2024-08-02T07:01:12.519004-04:00",
                "price": 446.5873,
                "share": 19.29,
                "remain_portion": -1
            }
        ],
        "IBM": [
            {
                "uuid": "795c1ea1-3cd6-4118-ae5b-1ad414250be1",
                "stock": "IBM",
                "time": "2024-08-02T08:35:41.404928-04:00",
                "price": 188.4557,
                "share": 0.31,
                "remain_portion": -1
            }
        ],
        "PLTR": [
            {
                "uuid": "00000000-0000-0000-0000-0000000000",
                "stock": "PLTR",
                "time": "2024-08-02T07:01:12.519515-04:00",
                "price": 25.9251,
                "share": 38.57,
                "remain_portion": -1
            },
            {
                "uuid": "7dc70022-aab8-44cc-931d-4a6d3fbf097b",
                "stock": "PLTR",
                "time": "2024-08-02T07:50:55.033146-04:00",
                "price": 25.06504,
                "share": 38.99999999999999,
                "remain_portion": 0
            }
        ],
        "BA": [
            {
                "uuid": "00000000-0000-0000-0000-0000000000",
                "stock": "BA",
                "time": "2024-08-02T07:01:12.519229-04:00",
                "price": 177.125,
                "share": 11.28,
                "remain_portion": -1
            },
            {
                "uuid": "16857f6c-9300-46a5-b8cc-b5579b90c657",
                "stock": "BA",
                "time": "2024-08-02T07:35:32.364588-04:00",
                "price": 176.55,
                "share": 0.0,
                "remain_portion": 2
            }
        ],
        "SNOW": [
            {
                "uuid": "00000000-0000-0000-0000-0000000000",
                "stock": "SNOW",
                "time": "2024-08-02T07:01:12.519565-04:00",
                "price": 129.91,
                "share": 14.0,
                "remain_portion": -1
            }
        ],
        "GOOGL": [
            {
                "uuid": "00000000-0000-0000-0000-0000000000",
                "stock": "GOOGL",
                "time": "2024-08-02T07:01:12.519188-04:00",
                "price": 178.1352,
                "share": 36.41,
                "remain_portion": -1
            },
            {
                "uuid": "19bad4a8-47d7-4c6c-98ec-8d4b4ca0f956",
                "stock": "GOOGL",
                "time": "2024-08-02T07:35:44.442451-04:00",
                "price": 167.71,
                "share": 0.0,
                "remain_portion": 2
            }
        ],
        "COIN": [],
        "SMCI": [
            {
                "uuid": "00000000-0000-0000-0000-0000000000",
                "stock": "SMCI",
                "time": "2024-08-02T07:01:12.519408-04:00",
                "price": 835.2433,
                "share": 3.0,
                "remain_portion": -1
            },
            {
                "uuid": "aec9bc64-396f-4ef8-a367-d9ce750ce833",
                "stock": "SMCI",
                "time": "2024-08-02T07:45:50.388211-04:00",
                "price": 641.05,
                "share": 1.0,
                "remain_portion": 1
            }
        ],
        "HOOD": [
            {
                "uuid": "00000000-0000-0000-0000-0000000000",
                "stock": "HOOD",
                "time": "2024-08-02T07:01:12.519326-04:00",
                "price": 22.4114,
                "share": 443.47,
                "remain_portion": -1
            }
        ],
        "CRWD": [
            {
                "uuid": "00000000-0000-0000-0000-0000000000",
                "stock": "CRWD",
                "time": "2024-08-02T07:01:12.519666-04:00",
                "price": 307.4512,
                "share": 15.49,
                "remain_portion": -1
            }
        ],
        "LULU": [
            {
                "uuid": "00000000-0000-0000-0000-0000000000",
                "stock": "LULU",
                "time": "2024-08-02T07:01:12.519476-04:00",
                "price": 280.291,
                "share": 17.83,
                "remain_portion": -1
            }
        ],
        "PANW": [],
        "AMD": [
            {
                "uuid": "00000000-0000-0000-0000-0000000000",
                "stock": "AMD",
                "time": "2024-08-02T07:01:12.518961-04:00",
                "price": 148.6707,
                "share": 53.44,
                "remain_portion": -1
            }
        ],
        "ARM": [],
        "BABA": [
            {
                "uuid": "00000000-0000-0000-0000-0000000000",
                "stock": "BABA",
                "time": "2024-08-02T07:01:12.519362-04:00",
                "price": 77.8321,
                "share": 24.84,
                "remain_portion": -1
            }
        ],
        "CELH": [
            {
                "uuid": "00000000-0000-0000-0000-0000000000",
                "stock": "CELH",
                "time": "2024-08-02T07:01:12.519627-04:00",
                "price": 52.0913,
                "share": 301.82,
                "remain_portion": -1
            }
        ],
        "QCOM": [
            {
                "uuid": "00000000-0000-0000-0000-0000000000",
                "stock": "QCOM",
                "time": "2024-08-02T07:01:12.519780-04:00",
                "price": 177.3508,
                "share": 19.25,
                "remain_portion": -1
            }
        ],
        "AAPL": [],
        "DELL": [
            {
                "uuid": "00000000-0000-0000-0000-0000000000",
                "stock": "DELL",
                "time": "2024-08-02T07:01:12.519830-04:00",
                "price": 126.8585,
                "share": 113.51,
                "remain_portion": -1
            }
        ],
        "SHOP": [
            {
                "uuid": "00000000-0000-0000-0000-0000000000",
                "stock": "SHOP",
                "time": "2024-08-02T07:01:12.519734-04:00",
                "price": 62.6069,
                "share": 126.55,
                "remain_portion": -1
            }
        ],
        "CEG": [
            {
                "uuid": "00000000-0000-0000-0000-0000000000",
                "stock": "CEG",
                "time": "2024-08-02T07:01:12.519955-04:00",
                "price": 191.8425,
                "share": 59.09,
                "remain_portion": -1
            }
        ],
        "MU": [
            {
                "uuid": "00000000-0000-0000-0000-0000000000",
                "stock": "MU",
                "time": "2024-08-02T07:01:12.519905-04:00",
                "price": 122.8553,
                "share": 96.73,
                "remain_portion": -1
            }
        ],
        "HIMS": []
    },
    "active_pnl": {
        "TSLA": -114.93,
        "NVDA": -7.32,
        "META": -53.86,
        "MSFT": -786.11,
        "IBM": -0.52,
        "PLTR": -91.35,
        "BA": -98.36,
        "SNOW": -145.41,
        "GOOGL": -470.24,
        "COIN": 0,
        "SMCI": -696.78,
        "HOOD": -1940.8,
        "CRWD": -1394.35,
        "LULU": -798.62,
        "PANW": 0,
        "AMD": -845.99,
        "ARM": 0,
        "BABA": -19.43,
        "CELH": -2876.74,
        "QCOM": -374.62,
        "AAPL": 0,
        "DELL": -2787.64,
        "SHOP": -1087.94,
        "CEG": -1394.67,
        "MU": -2990.44,
        "HIMS": 0
    },
    "active_pnl_percentage": {
        "TSLA": -4.08,
        "NVDA": -11.08,
        "META": -2.21,
        "MSFT": -9.12,
        "IBM": -0.88,
        "PLTR": -4.62,
        "BA": -4.91,
        "SNOW": -8.03,
        "GOOGL": -7.24,
        "COIN": 0,
        "SMCI": -22.14,
        "HOOD": -19.53,
        "CRWD": -29.28,
        "LULU": -15.98,
        "PANW": 0,
        "AMD": -10.63,
        "ARM": 0,
        "BABA": -1.0,
        "CELH": -18.25,
        "QCOM": -10.98,
        "AAPL": 0,
        "DELL": -19.34,
        "SHOP": -13.73,
        "CEG": -12.3,
        "MU": -25.17,
        "HIMS": 0
    }
}