{
    "time": "2024-07-12T09:31:17.160712-04:00",
    "daily_start_net_value": 85094.821,
    "current_net_value": 85261.0217,
    "daily_pnl": 166.20070000000123,
    "daily_pnl_percentage": 0.2,
    "remain_portion": 29,
    "positions": {
        "TSLA": 8.0,
        "NVDA": 29.63,
        "META": 3.96,
        "MSFT": 6.55,
        "IBM": 0,
        "PLTR": 37.21,
        "BA": 5.0,
        "SNOW": 14.59,
        "GOOGL": 32.07,
        "COIN": 13.84,
        "SMCI": 1.0,
        "HOOD": 90.28,
        "CRWD": 5.29,
        "LULU": 13.84,
        "PANW": 5.0,
        "AMD": 0,
        "ARM": 31.44,
        "BABA": 0,
        "CELH": 0,
        "QCOM": 24.76,
        "AAPL": 0.79,
        "DELL": 14.33,
        "SHOP": 0.0,
        "CEG": 0.0,
        "MU": 23.15,
        "HIMS": 0.59
    },
    "cash_position": 29007.95,
    "active_orders": {
        "TSLA": [
            {
                "uuid": "00000000-0000-0000-0000-0000000000",
                "stock": "TSLA",
                "time": "2024-07-12T07:01:34.409101-04:00",
                "price": 236.945,
                "share": 8.0,
                "remain_portion": -1
            }
        ],
        "NVDA": [
            {
                "uuid": "00000000-0000-0000-0000-0000000000",
                "stock": "NVDA",
                "time": "2024-07-12T07:01:34.409128-04:00",
                "price": 127.3415,
                "share": 29.63,
                "remain_portion": -1
            }
        ],
        "META": [
            {
                "uuid": "00000000-0000-0000-0000-0000000000",
                "stock": "META",
                "time": "2024-07-12T07:01:34.408919-04:00",
                "price": 518.5169,
                "share": 2.96,
                "remain_portion": -1
            },
            {
                "uuid": "495ed8ae-f3ba-4dc0-87d7-c0975c3b4d7d",
                "stock": "META",
                "time": "2024-07-12T08:45:51.654779-04:00",
                "price": 502.05,
                "share": 0.0,
                "remain_portion": 31
            },
            {
                "uuid": "b6729fab-c52e-42fa-aa26-74574e7bd3b7",
                "stock": "META",
                "time": "2024-07-12T09:26:14.970928-04:00",
                "price": 499.29,
                "share": 1.0,
                "remain_portion": 29
            }
        ],
        "MSFT": [
            {
                "uuid": "00000000-0000-0000-0000-0000000000",
                "stock": "MSFT",
                "time": "2024-07-12T07:01:34.409041-04:00",
                "price": 458.3649,
                "share": 6.55,
                "remain_portion": -1
            }
        ],
        "IBM": [],
        "PLTR": [
            {
                "uuid": "00000000-0000-0000-0000-0000000000",
                "stock": "PLTR",
                "time": "2024-07-12T07:01:34.409321-04:00",
                "price": 27.294,
                "share": 37.21,
                "remain_portion": -1
            }
        ],
        "BA": [
            {
                "uuid": "bb932c61-0e00-485b-8425-5a9fd0ab193f",
                "stock": "BA",
                "time": "2024-07-12T08:35:52.933182-04:00",
                "price": 183.97,
                "share": 5.0,
                "remain_portion": -1
            }
        ],
        "SNOW": [
            {
                "uuid": "00000000-0000-0000-0000-0000000000",
                "stock": "SNOW",
                "time": "2024-07-12T07:01:34.409347-04:00",
                "price": 137.0089,
                "share": 14.59,
                "remain_portion": -1
            }
        ],
        "GOOGL": [
            {
                "uuid": "00000000-0000-0000-0000-0000000000",
                "stock": "GOOGL",
                "time": "2024-07-12T07:01:34.409155-04:00",
                "price": 187.1272,
                "share": 32.07,
                "remain_portion": -1
            }
        ],
        "COIN": [
            {
                "uuid": "00000000-0000-0000-0000-0000000000",
                "stock": "COIN",
                "time": "2024-07-12T07:01:34.409476-04:00",
                "price": 216.5982,
                "share": 13.84,
                "remain_portion": -1
            }
        ],
        "SMCI": [
            {
                "uuid": "00000000-0000-0000-0000-0000000000",
                "stock": "SMCI",
                "time": "2024-07-12T07:01:34.409269-04:00",
                "price": 880.11,
                "share": 1.0,
                "remain_portion": -1
            },
            {
                "uuid": "9f732ce5-8a9c-455f-bd64-48dbc2ddcf5c",
                "stock": "SMCI",
                "time": "2024-07-12T07:40:34.727105-04:00",
                "price": 882.9399999999999,
                "share": 0.0,
                "remain_portion": 33
            }
        ],
        "HOOD": [
            {
                "uuid": "00000000-0000-0000-0000-0000000000",
                "stock": "HOOD",
                "time": "2024-07-12T07:01:34.409242-04:00",
                "price": 22.1537,
                "share": 90.28,
                "remain_portion": -1
            }
        ],
        "CRWD": [
            {
                "uuid": "00000000-0000-0000-0000-0000000000",
                "stock": "CRWD",
                "time": "2024-07-12T07:01:34.409428-04:00",
                "price": 377.7316,
                "share": 5.29,
                "remain_portion": -1
            }
        ],
        "LULU": [
            {
                "uuid": "00000000-0000-0000-0000-0000000000",
                "stock": "LULU",
                "time": "2024-07-12T07:01:34.409295-04:00",
                "price": 293.6294,
                "share": 13.84,
                "remain_portion": -1
            }
        ],
        "PANW": [
            {
                "uuid": "495d52d9-449d-40a5-b056-44662968edbc",
                "stock": "PANW",
                "time": "2024-07-12T09:22:11.260011-04:00",
                "price": 333.806,
                "share": 5.0,
                "remain_portion": -1
            }
        ],
        "AMD": [],
        "ARM": [
            {
                "uuid": "1c5045ff-0365-491b-ab13-1743cb5eeac4",
                "stock": "ARM",
                "time": "2024-07-12T08:41:37.609345-04:00",
                "price": 173.7049,
                "share": 31.44,
                "remain_portion": -1
            }
        ],
        "BABA": [],
        "CELH": [],
        "QCOM": [
            {
                "uuid": "00000000-0000-0000-0000-0000000000",
                "stock": "QCOM",
                "time": "2024-07-12T07:01:34.409550-04:00",
                "price": 201.901,
                "share": 24.76,
                "remain_portion": -1
            }
        ],
        "AAPL": [
            {
                "uuid": "00000000-0000-0000-0000-0000000000",
                "stock": "AAPL",
                "time": "2024-07-12T07:01:34.409072-04:00",
                "price": 227.5358,
                "share": 0.79,
                "remain_portion": -1
            }
        ],
        "DELL": [
            {
                "uuid": "00000000-0000-0000-0000-0000000000",
                "stock": "DELL",
                "time": "2024-07-12T07:01:34.409577-04:00",
                "price": 140.9909,
                "share": 14.33,
                "remain_portion": -1
            },
            {
                "uuid": "a195b4a4-fdce-4faa-b49d-2473d47f981b",
                "stock": "DELL",
                "time": "2024-07-12T08:05:54.774181-04:00",
                "price": 139.85000000000002,
                "share": 0.0,
                "remain_portion": 32
            }
        ],
        "SHOP": [
            {
                "uuid": "37e0e3bc-a51b-469a-8dc1-38b2a838c646",
                "stock": "SHOP",
                "time": "2024-07-12T08:51:06.711178-04:00",
                "price": 65.39999999999999,
                "share": 0.0,
                "remain_portion": 30
            }
        ],
        "CEG": [
            {
                "uuid": "d0745c06-3ad9-47a4-b392-cd1826ca1bb9",
                "stock": "CEG",
                "time": "2024-07-12T08:56:22.264621-04:00",
                "price": 216.0128,
                "share": 0.0,
                "remain_portion": 30
            }
        ],
        "MU": [
            {
                "uuid": "00000000-0000-0000-0000-0000000000",
                "stock": "MU",
                "time": "2024-07-12T07:01:34.409612-04:00",
                "price": 131.4972,
                "share": 23.15,
                "remain_portion": -1
            }
        ],
        "HIMS": [
            {
                "uuid": "00000000-0000-0000-0000-0000000000",
                "stock": "HIMS",
                "time": "2024-07-12T07:01:34.409521-04:00",
                "price": 20.2633,
                "share": 0.59,
                "remain_portion": -1
            }
        ]
    },
    "active_pnl": {
        "TSLA": -5.7,
        "NVDA": 48.31,
        "META": -56.0,
        "MSFT": -35.66,
        "IBM": 0,
        "PLTR": 14.74,
        "BA": 1.68,
        "SNOW": -60.24,
        "GOOGL": -34.1,
        "COIN": -18.69,
        "SMCI": 9.73,
        "HOOD": -10.26,
        "CRWD": -49.52,
        "LULU": -7.92,
        "PANW": -9.0,
        "AMD": 0,
        "ARM": 49.21,
        "BABA": 0,
        "CELH": 0,
        "QCOM": -23.55,
        "AAPL": 1.35,
        "DELL": -21.36,
        "SHOP": 0.0,
        "CEG": 0.0,
        "MU": 15.81,
        "HIMS": 0.61
    },
    "active_pnl_percentage": {
        "TSLA": -0.54,
        "NVDA": 1.21,
        "META": -2.58,
        "MSFT": -1.17,
        "IBM": 0,
        "PLTR": 1.27,
        "BA": 0.27,
        "SNOW": -2.94,
        "GOOGL": -0.56,
        "COIN": -0.72,
        "SMCI": 1.2,
        "HOOD": -0.6,
        "CRWD": -2.54,
        "LULU": 0.08,
        "PANW": -0.54,
        "AMD": 0,
        "ARM": 1.08,
        "BABA": 0,
        "CELH": 0,
        "QCOM": -0.43,
        "AAPL": 0.7,
        "DELL": -1.11,
        "SHOP": 0,
        "CEG": 0,
        "MU": 0.59,
        "HIMS": 6.5
    }
}