{
    "time": "2024-06-10T15:05:06.095401-04:00",
    "daily_start_net_value": 27259.31,
    "current_net_value": 27260.7158,
    "daily_pnl": 1.405800000000454,
    "daily_pnl_percentage": 0.062222536969271734,
    "remain_portion": 8,
    "positions": {
        "TSLA": 0.3,
        "NVDA": 0,
        "META": 0,
        "MSFT": 0,
        "IBM": 0,
        "PLTR": 0,
        "BA": 0,
        "SNOW": 0,
        "GOOGL": 0,
        "COIN": 0,
        "SMCI": 0,
        "HOOD": 0,
        "CRWD": 0,
        "LULU": 0,
        "PANW": 0,
        "C": 0,
        "AMD": 0.41,
        "ARM": 0,
        "BABA": 0
    },
    "cash_position": 1967.8100000000013,
    "active_orders": {
        "TSLA": [
            {
                "uuid": "b0695aab-5d90-4509-bc72-cdff99ec35ed",
                "stock": "TSLA",
                "time": "2024-06-10T14:10:56.663385-04:00",
                "price": 173.67,
                "share": 1.3,
                "remain_portion": 9
            }
        ],
        "NVDA": [],
        "META": [],
        "MSFT": [],
        "IBM": [],
        "PLTR": [],
        "BA": [],
        "SNOW": [],
        "GOOGL": [],
        "COIN": [],
        "SMCI": [],
        "HOOD": [],
        "CRWD": [],
        "LULU": [],
        "PANW": [],
        "C": [],
        "AMD": [
            {
                "uuid": "38968576-53f0-40d1-8650-b63876fce5fb",
                "stock": "AMD",
                "time": "2024-06-10T14:36:02.234567-04:00",
                "price": 160.37,
                "share": 1.41,
                "remain_portion": 8
            }
        ],
        "ARM": [],
        "BABA": []
    },
    "active_pnl": {
        "TSLA": 0.8580000000000325,
        "NVDA": 0,
        "META": 0,
        "MSFT": 0,
        "IBM": 0,
        "PLTR": 0,
        "BA": 0,
        "SNOW": 0,
        "GOOGL": 0,
        "COIN": 0,
        "SMCI": 0,
        "HOOD": 0,
        "CRWD": 0,
        "LULU": 0,
        "PANW": 0,
        "C": 0,
        "AMD": 0.5638590000000033,
        "ARM": 0,
        "BABA": 0
    },
    "active_pnl_percentage": {
        "TSLA": 0.39730523406462037,
        "NVDA": 0,
        "META": 0,
        "MSFT": 0,
        "IBM": 0,
        "PLTR": 0,
        "BA": 0,
        "SNOW": 0,
        "GOOGL": 0,
        "COIN": 0,
        "SMCI": 0,
        "HOOD": 0,
        "CRWD": 0,
        "LULU": 0,
        "PANW": 0,
        "C": 0,
        "AMD": 0.22448088794661422,
        "ARM": 0,
        "BABA": 0
    }
}