{
    "time": "2024-06-21T08:30:46.645122-04:00",
    "daily_start_net_value": 82346.6333,
    "current_net_value": 82346.6333,
    "daily_pnl": 0.0,
    "daily_pnl_percentage": 0.0,
    "remain_portion": 87,
    "positions": {
        "TSLA": 0.33,
        "NVDA": 4.43,
        "META": 0,
        "MSFT": 0,
        "IBM": 0,
        "PLTR": 47.49,
        "BA": 0,
        "SNOW": 67.58,
        "GOOGL": 0.43,
        "COIN": 4.52,
        "SMCI": 0,
        "HOOD": 41.01,
        "CRWD": 0,
        "LULU": 1.93,
        "PANW": 4.85,
        "AMD": 0,
        "ARM": 3.67,
        "BABA": 24.96,
        "CELH": 0.76,
        "QCOM": 8.14,
        "AAPL": 8.55,
        "DELL": 4.12,
        "SHOP": 36.81,
        "CEG": 0,
        "MU": 13.18,
        "HIMS": 181.23
    },
    "cash_position": 52281.41,
    "active_orders": {
        "TSLA": [
            {
                "uuid": "00000000-0000-0000-0000-0000000000",
                "stock": "TSLA",
                "time": "2024-06-21T07:20:22.928636-04:00",
                "price": 180.1892,
                "share": 0.33,
                "remain_portion": -1
            }
        ],
        "NVDA": [
            {
                "uuid": "00000000-0000-0000-0000-0000000000",
                "stock": "NVDA",
                "time": "2024-06-21T07:20:22.928660-04:00",
                "price": 135.2009,
                "share": 4.43,
                "remain_portion": -1
            }
        ],
        "META": [],
        "MSFT": [],
        "IBM": [],
        "PLTR": [
            {
                "uuid": "00000000-0000-0000-0000-0000000000",
                "stock": "PLTR",
                "time": "2024-06-21T07:20:22.928770-04:00",
                "price": 25.2655,
                "share": 47.49,
                "remain_portion": -1
            }
        ],
        "BA": [],
        "SNOW": [
            {
                "uuid": "00000000-0000-0000-0000-0000000000",
                "stock": "SNOW",
                "time": "2024-06-21T07:20:22.928796-04:00",
                "price": 128.7756,
                "share": 67.58,
                "remain_portion": -1
            }
        ],
        "GOOGL": [
            {
                "uuid": "00000000-0000-0000-0000-0000000000",
                "stock": "GOOGL",
                "time": "2024-06-21T07:20:22.928682-04:00",
                "price": 175.1108,
                "share": 0.43,
                "remain_portion": -1
            }
        ],
        "COIN": [
            {
                "uuid": "00000000-0000-0000-0000-0000000000",
                "stock": "COIN",
                "time": "2024-06-21T07:20:22.928913-04:00",
                "price": 237.1925,
                "share": 4.52,
                "remain_portion": -1
            }
        ],
        "SMCI": [],
        "HOOD": [
            {
                "uuid": "00000000-0000-0000-0000-0000000000",
                "stock": "HOOD",
                "time": "2024-06-21T07:20:22.928703-04:00",
                "price": 21.6608,
                "share": 41.01,
                "remain_portion": -1
            }
        ],
        "CRWD": [],
        "LULU": [
            {
                "uuid": "00000000-0000-0000-0000-0000000000",
                "stock": "LULU",
                "time": "2024-06-21T07:20:22.928750-04:00",
                "price": 310.8601,
                "share": 1.93,
                "remain_portion": -1
            }
        ],
        "PANW": [
            {
                "uuid": "00000000-0000-0000-0000-0000000000",
                "stock": "PANW",
                "time": "2024-06-21T08:19:23.869143-04:00",
                "price": 4.85,
                "share": 312.3113,
                "remain_portion": -1
            }
        ],
        "AMD": [],
        "ARM": [
            {
                "uuid": "00000000-0000-0000-0000-0000000000",
                "stock": "ARM",
                "time": "2024-06-21T07:20:22.928858-04:00",
                "price": 163.3597,
                "share": 3.67,
                "remain_portion": -1
            }
        ],
        "BABA": [
            {
                "uuid": "00000000-0000-0000-0000-0000000000",
                "stock": "BABA",
                "time": "2024-06-21T07:20:22.928729-04:00",
                "price": 74.5194,
                "share": 24.96,
                "remain_portion": -1
            }
        ],
        "CELH": [
            {
                "uuid": "00000000-0000-0000-0000-0000000000",
                "stock": "CELH",
                "time": "2024-06-21T08:29:45.791825-04:00",
                "price": 0.76,
                "share": 61.4867,
                "remain_portion": -1
            }
        ],
        "QCOM": [
            {
                "uuid": "00000000-0000-0000-0000-0000000000",
                "stock": "QCOM",
                "time": "2024-06-21T07:20:22.928984-04:00",
                "price": 221.6217,
                "share": 8.14,
                "remain_portion": -1
            }
        ],
        "AAPL": [
            {
                "uuid": "00000000-0000-0000-0000-0000000000",
                "stock": "AAPL",
                "time": "2024-06-21T07:20:22.928479-04:00",
                "price": 210.7509,
                "share": 8.55,
                "remain_portion": -1
            }
        ],
        "DELL": [
            {
                "uuid": "00000000-0000-0000-0000-0000000000",
                "stock": "DELL",
                "time": "2024-06-21T07:20:22.929014-04:00",
                "price": 145.5898,
                "share": 4.12,
                "remain_portion": -1
            }
        ],
        "SHOP": [
            {
                "uuid": "00000000-0000-0000-0000-0000000000",
                "stock": "SHOP",
                "time": "2024-06-21T07:20:22.928963-04:00",
                "price": 64.5748,
                "share": 36.81,
                "remain_portion": -1
            }
        ],
        "CEG": [],
        "MU": [
            {
                "uuid": "00000000-0000-0000-0000-0000000000",
                "stock": "MU",
                "time": "2024-06-21T07:20:22.929044-04:00",
                "price": 146.4128,
                "share": 13.18,
                "remain_portion": -1
            }
        ],
        "HIMS": [
            {
                "uuid": "00000000-0000-0000-0000-0000000000",
                "stock": "HIMS",
                "time": "2024-06-21T07:20:22.928943-04:00",
                "price": 23.1429,
                "share": 181.23,
                "remain_portion": -1
            }
        ]
    },
    "active_pnl": {
        "TSLA": 0.21,
        "NVDA": -29.51,
        "META": 0,
        "MSFT": 0,
        "IBM": 0,
        "PLTR": -25.43,
        "BA": 0,
        "SNOW": -165.28,
        "GOOGL": 0.4,
        "COIN": -36.13,
        "SMCI": 0,
        "HOOD": 7.76,
        "CRWD": 0,
        "LULU": -0.17,
        "PANW": 96197.28,
        "AMD": 0,
        "ARM": -24.44,
        "BABA": -18.46,
        "CELH": 3734.7,
        "QCOM": -72.04,
        "AAPL": -8.9,
        "DELL": 3.83,
        "SHOP": -29.62,
        "CEG": 0,
        "MU": -99.68,
        "HIMS": -158.2
    },
    "active_pnl_percentage": {
        "TSLA": 0.34,
        "NVDA": -4.93,
        "META": 0,
        "MSFT": 0,
        "IBM": 0,
        "PLTR": -2.12,
        "BA": 0,
        "SNOW": -1.9,
        "GOOGL": 0.53,
        "COIN": -3.37,
        "SMCI": 0,
        "HOOD": 0.87,
        "CRWD": 0,
        "LULU": -0.03,
        "PANW": 6350.87,
        "AMD": 0,
        "ARM": -4.08,
        "BABA": -0.99,
        "CELH": 7992.11,
        "QCOM": -3.99,
        "AAPL": -0.49,
        "DELL": 0.64,
        "SHOP": -1.25,
        "CEG": 0,
        "MU": -5.17,
        "HIMS": -3.77
    }
}