{
    "time": "2024-06-24T15:35:41.186430-04:00",
    "daily_start_net_value": 82251.5756,
    "current_net_value": 81933.6956,
    "daily_pnl": -317.8799999999901,
    "daily_pnl_percentage": -0.39,
    "remain_portion": 63,
    "positions": {
        "TSLA": 0,
        "NVDA": 4.48,
        "META": 0,
        "MSFT": 0,
        "IBM": 0,
        "PLTR": 97.72,
        "BA": 0,
        "SNOW": 93.16,
        "GOOGL": 3.35,
        "COIN": 12.04,
        "SMCI": 0,
        "HOOD": 56.48,
        "CRWD": 0,
        "LULU": 1.92,
        "PANW": 0.9,
        "AMD": 0,
        "ARM": 3.67,
        "BABA": 0,
        "CELH": 9.95,
        "QCOM": 12.98,
        "AAPL": 0,
        "DELL": 12.54,
        "SHOP": 28.58,
        "CEG": 0,
        "MU": 13.18,
        "HIMS": 181.23
    },
    "cash_position": 38036.88,
    "active_orders": {
        "TSLA": [],
        "NVDA": [
            {
                "uuid": "00000000-0000-0000-0000-0000000000",
                "stock": "NVDA",
                "time": "2024-06-24T07:19:51.134655-04:00",
                "price": 135.2009,
                "share": 4.43,
                "remain_portion": -1
            },
            {
                "uuid": "2817daca-9edc-4e79-a80b-32264a5d37b1",
                "stock": "NVDA",
                "time": "2024-06-24T14:37:19.799013-04:00",
                "price": 118.89,
                "share": 5.050000000000001,
                "remain_portion": 66
            }
        ],
        "META": [],
        "MSFT": [],
        "IBM": [],
        "PLTR": [
            {
                "uuid": "00000000-0000-0000-0000-0000000000",
                "stock": "PLTR",
                "time": "2024-06-24T07:19:51.134873-04:00",
                "price": 24.7467,
                "share": 72.72,
                "remain_portion": -1
            },
            {
                "uuid": "31414226-3457-40c5-b08b-948608530b21",
                "stock": "PLTR",
                "time": "2024-06-24T09:16:23.103521-04:00",
                "price": 23.443420000000003,
                "share": 25.0,
                "remain_portion": 80
            }
        ],
        "BA": [],
        "SNOW": [
            {
                "uuid": "00000000-0000-0000-0000-0000000000",
                "stock": "SNOW",
                "time": "2024-06-24T07:19:51.134903-04:00",
                "price": 128.459,
                "share": 75.58,
                "remain_portion": -1
            },
            {
                "uuid": "0fb9250a-a442-482f-8a08-e7215df9a644",
                "stock": "SNOW",
                "time": "2024-06-24T08:55:49.509463-04:00",
                "price": 127.05,
                "share": 4.0,
                "remain_portion": 84
            },
            {
                "uuid": "957110a8-1acf-4720-8113-eef71b242eee",
                "stock": "SNOW",
                "time": "2024-06-24T09:12:01.939646-04:00",
                "price": 127.02,
                "share": 4.0,
                "remain_portion": 82
            },
            {
                "uuid": "4e6bf724-f088-453b-a602-102699666e47",
                "stock": "SNOW",
                "time": "2024-06-24T13:15:56.478452-04:00",
                "price": 125.46,
                "share": 4.780000000000001,
                "remain_portion": 73
            },
            {
                "uuid": "85ce7ec7-b712-45b9-8eb3-0bfbb657b3e2",
                "stock": "SNOW",
                "time": "2024-06-24T14:05:44.600750-04:00",
                "price": 125.01,
                "share": 4.799999999999997,
                "remain_portion": 69
            }
        ],
        "GOOGL": [
            {
                "uuid": "e680f361-22f5-4d07-83a9-28de7f67d2ee",
                "stock": "GOOGL",
                "time": "2024-06-24T14:41:24.110963-04:00",
                "price": 178.94,
                "share": 3.35,
                "remain_portion": 65
            }
        ],
        "COIN": [
            {
                "uuid": "00000000-0000-0000-0000-0000000000",
                "stock": "COIN",
                "time": "2024-06-24T07:19:51.134977-04:00",
                "price": 232.759,
                "share": 7.22,
                "remain_portion": -1
            },
            {
                "uuid": "a88b4fd2-d807-4ade-8a7c-d3864caf1dda",
                "stock": "COIN",
                "time": "2024-06-24T09:26:27.826175-04:00",
                "price": 216.11,
                "share": 2.000000000000001,
                "remain_portion": 79
            },
            {
                "uuid": "c59fefc0-20fb-49df-a204-db970f363cd9",
                "stock": "COIN",
                "time": "2024-06-24T12:01:08.051304-04:00",
                "price": 213.0,
                "share": 2.8199999999999985,
                "remain_portion": 76
            }
        ],
        "SMCI": [],
        "HOOD": [
            {
                "uuid": "20507785-fc97-4e62-9bbb-13e1aeca3cde",
                "stock": "HOOD",
                "time": "2024-06-24T11:11:44.886496-04:00",
                "price": 21.5,
                "share": 27.91,
                "remain_portion": 77
            },
            {
                "uuid": "25a5c231-e4a1-4627-a72b-61146c19590d",
                "stock": "HOOD",
                "time": "2024-06-24T12:01:11.448279-04:00",
                "price": 21.0,
                "share": 28.569999999999997,
                "remain_portion": 75
            }
        ],
        "CRWD": [],
        "LULU": [
            {
                "uuid": "75f6c85a-99fc-49c1-acb7-e3548378ffa7",
                "stock": "LULU",
                "time": "2024-06-24T13:31:07.036929-04:00",
                "price": 312.07,
                "share": 1.92,
                "remain_portion": 71
            }
        ],
        "PANW": [
            {
                "uuid": "49ba4da4-5d4a-4f30-bcf6-958d7fe50cfa",
                "stock": "PANW",
                "time": "2024-06-24T14:41:26.730719-04:00",
                "price": 316.04,
                "share": 1.9,
                "remain_portion": 64
            }
        ],
        "AMD": [],
        "ARM": [
            {
                "uuid": "00000000-0000-0000-0000-0000000000",
                "stock": "ARM",
                "time": "2024-06-24T07:19:51.134952-04:00",
                "price": 163.3597,
                "share": 3.67,
                "remain_portion": -1
            }
        ],
        "BABA": [],
        "CELH": [
            {
                "uuid": "8a545791-b533-449a-bbff-6afc51df8c37",
                "stock": "CELH",
                "time": "2024-06-24T14:41:29.466226-04:00",
                "price": 60.3,
                "share": 9.95,
                "remain_portion": 63
            }
        ],
        "QCOM": [
            {
                "uuid": "00000000-0000-0000-0000-0000000000",
                "stock": "QCOM",
                "time": "2024-06-24T07:19:51.135045-04:00",
                "price": 219.0073,
                "share": 10.98,
                "remain_portion": -1
            },
            {
                "uuid": "fd083965-a479-4843-b410-1b86a9c00a2e",
                "stock": "QCOM",
                "time": "2024-06-24T09:06:09.118530-04:00",
                "price": 208.15,
                "share": 0.0,
                "remain_portion": 83
            },
            {
                "uuid": "279aa253-ce22-4bcd-a91f-e8c0017a6e33",
                "stock": "QCOM",
                "time": "2024-06-24T14:36:16.728680-04:00",
                "price": 202.96,
                "share": 2.0,
                "remain_portion": 67
            }
        ],
        "AAPL": [],
        "DELL": [
            {
                "uuid": "00000000-0000-0000-0000-0000000000",
                "stock": "DELL",
                "time": "2024-06-24T07:19:51.135121-04:00",
                "price": 145.4068,
                "share": 8.21,
                "remain_portion": -1
            },
            {
                "uuid": "a2b6f495-aab7-4121-a763-dfb1b1c85d59",
                "stock": "DELL",
                "time": "2024-06-24T09:12:05.173054-04:00",
                "price": 143.05,
                "share": 4.0,
                "remain_portion": 81
            },
            {
                "uuid": "b6c7a891-da9a-4a3b-af2e-f8ff2080b4ad",
                "stock": "DELL",
                "time": "2024-06-24T10:55:26.554991-04:00",
                "price": 138.6,
                "share": 4.329999999999998,
                "remain_portion": 78
            }
        ],
        "SHOP": [
            {
                "uuid": "3dd77a7e-22de-4d50-ad88-d6d124c628a5",
                "stock": "SHOP",
                "time": "2024-06-24T13:11:51.862007-04:00",
                "price": 64.19,
                "share": 9.35,
                "remain_portion": 74
            },
            {
                "uuid": "f5950e2f-2932-4f39-bf41-6a9fb6e3f74c",
                "stock": "SHOP",
                "time": "2024-06-24T13:26:02.557095-04:00",
                "price": 64.01,
                "share": 9.38,
                "remain_portion": 72
            },
            {
                "uuid": "64580cd4-5a1e-4eb5-9e94-ab0032a196e9",
                "stock": "SHOP",
                "time": "2024-06-24T13:42:36.317608-04:00",
                "price": 63.76,
                "share": 9.41,
                "remain_portion": 70
            },
            {
                "uuid": "ac7faf47-8eaa-4d42-85a8-bf47687854c4",
                "stock": "SHOP",
                "time": "2024-06-24T14:20:50.778034-04:00",
                "price": 63.55,
                "share": 9.439999999999998,
                "remain_portion": 68
            }
        ],
        "CEG": [],
        "MU": [
            {
                "uuid": "00000000-0000-0000-0000-0000000000",
                "stock": "MU",
                "time": "2024-06-24T07:19:51.135149-04:00",
                "price": 146.4128,
                "share": 13.18,
                "remain_portion": -1
            }
        ],
        "HIMS": [
            {
                "uuid": "00000000-0000-0000-0000-0000000000",
                "stock": "HIMS",
                "time": "2024-06-24T07:19:51.135014-04:00",
                "price": 23.1429,
                "share": 181.23,
                "remain_portion": -1
            },
            {
                "uuid": "92a9370a-6419-4301-b019-c711d868dbeb",
                "stock": "HIMS",
                "time": "2024-06-24T09:06:20.555528-04:00",
                "price": 22.1221,
                "share": 0.0,
                "remain_portion": 82
            }
        ]
    },
    "active_pnl": {
        "TSLA": 0,
        "NVDA": -56.9,
        "META": 0,
        "MSFT": 0,
        "IBM": 0,
        "PLTR": -6.67,
        "BA": 0,
        "SNOW": -311.17,
        "GOOGL": 1.47,
        "COIN": -132.17,
        "SMCI": 0,
        "HOOD": 20.78,
        "CRWD": 0,
        "LULU": 1.61,
        "PANW": 1.5,
        "AMD": 0,
        "ARM": -36.9,
        "BABA": 0,
        "CELH": -0.8,
        "QCOM": -166.14,
        "AAPL": 0,
        "DELL": -65.29,
        "SHOP": 15.72,
        "CEG": 0,
        "MU": -78.72,
        "HIMS": -150.04
    },
    "active_pnl_percentage": {
        "TSLA": 0,
        "NVDA": -4.72,
        "META": 0,
        "MSFT": 0,
        "IBM": 0,
        "PLTR": -0.28,
        "BA": 0,
        "SNOW": -2.6,
        "GOOGL": 0.24,
        "COIN": -4.9,
        "SMCI": 0,
        "HOOD": 1.73,
        "CRWD": 0,
        "LULU": 0.27,
        "PANW": 0.25,
        "AMD": 0,
        "ARM": -6.15,
        "BABA": 0,
        "CELH": -0.13,
        "QCOM": -5.92,
        "AAPL": 0,
        "DELL": -2.69,
        "SHOP": 0.66,
        "CEG": 0,
        "MU": -4.07,
        "HIMS": -3.62
    }
}