{
    "time": "2024-06-24T08:30:32.027632-04:00",
    "daily_start_net_value": 82251.5756,
    "current_net_value": 82251.5756,
    "daily_pnl": 0.0,
    "daily_pnl_percentage": 0.0,
    "remain_portion": 85,
    "positions": {
        "TSLA": 0,
        "NVDA": 4.43,
        "META": 0.22,
        "MSFT": 0,
        "IBM": 0.96,
        "PLTR": 72.72,
        "BA": 3.0,
        "SNOW": 75.58,
        "GOOGL": 0,
        "COIN": 7.22,
        "SMCI": 0,
        "HOOD": 41.01,
        "CRWD": 0,
        "LULU": 0.93,
        "PANW": 0,
        "AMD": 0,
        "ARM": 3.67,
        "BABA": 24.96,
        "CELH": 0,
        "QCOM": 10.98,
        "AAPL": 6.55,
        "DELL": 8.21,
        "SHOP": 0,
        "CEG": 0,
        "MU": 13.18,
        "HIMS": 181.23
    },
    "cash_position": 51254.07,
    "active_orders": {
        "TSLA": [],
        "NVDA": [
            {
                "uuid": "00000000-0000-0000-0000-0000000000",
                "stock": "NVDA",
                "time": "2024-06-24T07:19:51.134655-04:00",
                "price": 135.2009,
                "share": 4.43,
                "remain_portion": -1
            }
        ],
        "META": [
            {
                "uuid": "00000000-0000-0000-0000-0000000000",
                "stock": "META",
                "time": "2024-06-24T07:19:51.134434-04:00",
                "price": 492.877,
                "share": 0.22,
                "remain_portion": -1
            }
        ],
        "MSFT": [],
        "IBM": [
            {
                "uuid": "00000000-0000-0000-0000-0000000000",
                "stock": "IBM",
                "time": "2024-06-24T08:25:30.253998-04:00",
                "price": 0.96,
                "share": 171.9333,
                "remain_portion": -1
            }
        ],
        "PLTR": [
            {
                "uuid": "00000000-0000-0000-0000-0000000000",
                "stock": "PLTR",
                "time": "2024-06-24T07:19:51.134873-04:00",
                "price": 24.7467,
                "share": 72.72,
                "remain_portion": -1
            }
        ],
        "BA": [
            {
                "uuid": "00000000-0000-0000-0000-0000000000",
                "stock": "BA",
                "time": "2024-06-24T07:19:51.134704-04:00",
                "price": 176.1667,
                "share": 3.0,
                "remain_portion": -1
            }
        ],
        "SNOW": [
            {
                "uuid": "00000000-0000-0000-0000-0000000000",
                "stock": "SNOW",
                "time": "2024-06-24T07:19:51.134903-04:00",
                "price": 128.459,
                "share": 75.58,
                "remain_portion": -1
            }
        ],
        "GOOGL": [],
        "COIN": [
            {
                "uuid": "00000000-0000-0000-0000-0000000000",
                "stock": "COIN",
                "time": "2024-06-24T07:19:51.134977-04:00",
                "price": 232.759,
                "share": 7.22,
                "remain_portion": -1
            }
        ],
        "SMCI": [],
        "HOOD": [
            {
                "uuid": "00000000-0000-0000-0000-0000000000",
                "stock": "HOOD",
                "time": "2024-06-24T07:19:51.134777-04:00",
                "price": 21.6608,
                "share": 41.01,
                "remain_portion": -1
            }
        ],
        "CRWD": [],
        "LULU": [
            {
                "uuid": "00000000-0000-0000-0000-0000000000",
                "stock": "LULU",
                "time": "2024-06-24T07:19:51.134836-04:00",
                "price": 310.8601,
                "share": 0.93,
                "remain_portion": -1
            }
        ],
        "PANW": [],
        "AMD": [],
        "ARM": [
            {
                "uuid": "00000000-0000-0000-0000-0000000000",
                "stock": "ARM",
                "time": "2024-06-24T07:19:51.134952-04:00",
                "price": 163.3597,
                "share": 3.67,
                "remain_portion": -1
            }
        ],
        "BABA": [
            {
                "uuid": "00000000-0000-0000-0000-0000000000",
                "stock": "BABA",
                "time": "2024-06-24T07:19:51.134809-04:00",
                "price": 74.5194,
                "share": 24.96,
                "remain_portion": -1
            }
        ],
        "CELH": [],
        "QCOM": [
            {
                "uuid": "00000000-0000-0000-0000-0000000000",
                "stock": "QCOM",
                "time": "2024-06-24T07:19:51.135045-04:00",
                "price": 219.0073,
                "share": 10.98,
                "remain_portion": -1
            }
        ],
        "AAPL": [
            {
                "uuid": "00000000-0000-0000-0000-0000000000",
                "stock": "AAPL",
                "time": "2024-06-24T07:19:51.134611-04:00",
                "price": 207.6691,
                "share": 6.55,
                "remain_portion": -1
            }
        ],
        "DELL": [
            {
                "uuid": "00000000-0000-0000-0000-0000000000",
                "stock": "DELL",
                "time": "2024-06-24T07:19:51.135121-04:00",
                "price": 145.4068,
                "share": 8.21,
                "remain_portion": -1
            }
        ],
        "SHOP": [],
        "CEG": [],
        "MU": [
            {
                "uuid": "00000000-0000-0000-0000-0000000000",
                "stock": "MU",
                "time": "2024-06-24T07:19:51.135149-04:00",
                "price": 146.4128,
                "share": 13.18,
                "remain_portion": -1
            }
        ],
        "HIMS": [
            {
                "uuid": "00000000-0000-0000-0000-0000000000",
                "stock": "HIMS",
                "time": "2024-06-24T07:19:51.135014-04:00",
                "price": 23.1429,
                "share": 181.23,
                "remain_portion": -1
            }
        ]
    },
    "active_pnl": {
        "TSLA": 0,
        "NVDA": -47.32,
        "META": 1.24,
        "MSFT": 0,
        "IBM": 29871.69,
        "PLTR": -91.39,
        "BA": -4.37,
        "SNOW": -76.26,
        "GOOGL": 0,
        "COIN": -108.87,
        "SMCI": 0,
        "HOOD": 15.96,
        "CRWD": 0,
        "LULU": 1.06,
        "PANW": 0,
        "AMD": 0,
        "ARM": -21.14,
        "BABA": -20.7,
        "CELH": 0,
        "QCOM": -105.05,
        "AAPL": 1.12,
        "DELL": -11.14,
        "SHOP": 0,
        "CEG": 0,
        "MU": -42.34,
        "HIMS": -152.76
    },
    "active_pnl_percentage": {
        "TSLA": 0,
        "NVDA": -7.93,
        "META": 1.14,
        "MSFT": 0,
        "IBM": 18097.92,
        "PLTR": -5.08,
        "BA": -0.83,
        "SNOW": -0.79,
        "GOOGL": 0,
        "COIN": -6.48,
        "SMCI": 0,
        "HOOD": 1.8,
        "CRWD": 0,
        "LULU": 0.37,
        "PANW": 0,
        "AMD": 0,
        "ARM": -3.53,
        "BABA": -1.11,
        "CELH": 0,
        "QCOM": -4.37,
        "AAPL": 0.06,
        "DELL": -0.93,
        "SHOP": 0,
        "CEG": 0,
        "MU": -2.19,
        "HIMS": -3.64
    }
}