{
    "time": "2024-06-26T08:30:50.785154-04:00",
    "daily_start_net_value": 82593.4952,
    "current_net_value": 82593.4952,
    "daily_pnl": 0.0,
    "daily_pnl_percentage": 0.0,
    "remain_portion": 81,
    "positions": {
        "TSLA": 0,
        "NVDA": 0,
        "META": 0.0,
        "MSFT": 2.0,
        "IBM": 13.91,
        "PLTR": 0,
        "BA": 0,
        "SNOW": 98.01,
        "GOOGL": 0,
        "COIN": 12.04,
        "SMCI": 0,
        "HOOD": 0,
        "CRWD": 0,
        "LULU": 0.82,
        "PANW": 0,
        "AMD": 0.82,
        "ARM": 0,
        "BABA": 0.37,
        "CELH": 82.31,
        "QCOM": 17.94,
        "AAPL": 0,
        "DELL": 0,
        "SHOP": 28.0,
        "CEG": 0,
        "MU": 13.18,
        "HIMS": 0
    },
    "cash_position": 48608.78,
    "active_orders": {
        "TSLA": [],
        "NVDA": [],
        "META": [
            {
                "uuid": "5a5d589d-7919-4f4b-9608-1e9a3a729e20",
                "stock": "META",
                "time": "2024-06-26T08:11:11.641465-04:00",
                "price": 508.25,
                "share": 0.0,
                "remain_portion": 81
            }
        ],
        "MSFT": [
            {
                "uuid": "7c5b5383-a2fc-444a-987b-d2063db08f01",
                "stock": "MSFT",
                "time": "2024-06-26T07:35:22.737598-04:00",
                "price": 450.05,
                "share": 1.0,
                "remain_portion": 86
            },
            {
                "uuid": "e86c21e2-6bc5-4423-8e9f-4ceeb8ec6f1c",
                "stock": "MSFT",
                "time": "2024-06-26T07:50:51.119290-04:00",
                "price": 449.5,
                "share": 0.0,
                "remain_portion": 83
            },
            {
                "uuid": "1743b93c-210c-4ed8-9b99-9463e4e30ed6",
                "stock": "MSFT",
                "time": "2024-06-26T08:05:59.001311-04:00",
                "price": 449.55,
                "share": 1.0,
                "remain_portion": 81
            }
        ],
        "IBM": [
            {
                "uuid": "00000000-0000-0000-0000-0000000000",
                "stock": "IBM",
                "time": "2024-06-26T07:14:06.576637-04:00",
                "price": 172.6355,
                "share": 13.91,
                "remain_portion": -1
            },
            {
                "uuid": "1897b170-37c9-47e3-a5fd-9200e035887f",
                "stock": "IBM",
                "time": "2024-06-26T07:40:37.363856-04:00",
                "price": 172.44,
                "share": 0.0,
                "remain_portion": 84
            }
        ],
        "PLTR": [],
        "BA": [],
        "SNOW": [
            {
                "uuid": "00000000-0000-0000-0000-0000000000",
                "stock": "SNOW",
                "time": "2024-06-26T07:14:06.576751-04:00",
                "price": 127.7745,
                "share": 98.01,
                "remain_portion": -1
            }
        ],
        "GOOGL": [],
        "COIN": [
            {
                "uuid": "00000000-0000-0000-0000-0000000000",
                "stock": "COIN",
                "time": "2024-06-26T07:14:06.576822-04:00",
                "price": 225.3405,
                "share": 12.04,
                "remain_portion": -1
            }
        ],
        "SMCI": [],
        "HOOD": [],
        "CRWD": [],
        "LULU": [
            {
                "uuid": "00000000-0000-0000-0000-0000000000",
                "stock": "LULU",
                "time": "2024-06-26T08:15:46.782216-04:00",
                "price": 0.82,
                "share": 309.7577,
                "remain_portion": -1
            }
        ],
        "PANW": [],
        "AMD": [
            {
                "uuid": "00000000-0000-0000-0000-0000000000",
                "stock": "AMD",
                "time": "2024-06-26T07:14:06.576492-04:00",
                "price": 157.0288,
                "share": 0.82,
                "remain_portion": -1
            }
        ],
        "ARM": [],
        "BABA": [
            {
                "uuid": "00000000-0000-0000-0000-0000000000",
                "stock": "BABA",
                "time": "2024-06-26T08:14:07.026012-04:00",
                "price": 0.37,
                "share": 73.8667,
                "remain_portion": -1
            }
        ],
        "CELH": [
            {
                "uuid": "00000000-0000-0000-0000-0000000000",
                "stock": "CELH",
                "time": "2024-06-26T07:14:06.576785-04:00",
                "price": 57.7174,
                "share": 62.31,
                "remain_portion": -1
            },
            {
                "uuid": "172068fd-e81e-489a-9f48-75ba096f2878",
                "stock": "CELH",
                "time": "2024-06-26T07:35:25.048636-04:00",
                "price": 55.739999999999995,
                "share": 10.0,
                "remain_portion": 85
            },
            {
                "uuid": "e62bfd8d-14ea-4e4a-ab2f-07e8547f2ddb",
                "stock": "CELH",
                "time": "2024-06-26T07:55:54.893961-04:00",
                "price": 55.55,
                "share": 10.0,
                "remain_portion": 82
            }
        ],
        "QCOM": [
            {
                "uuid": "00000000-0000-0000-0000-0000000000",
                "stock": "QCOM",
                "time": "2024-06-26T07:14:06.576892-04:00",
                "price": 213.0742,
                "share": 17.94,
                "remain_portion": -1
            }
        ],
        "AAPL": [],
        "DELL": [],
        "SHOP": [
            {
                "uuid": "00000000-0000-0000-0000-0000000000",
                "stock": "SHOP",
                "time": "2024-06-26T07:14:06.576857-04:00",
                "price": 64.7928,
                "share": 28.0,
                "remain_portion": -1
            }
        ],
        "CEG": [],
        "MU": [
            {
                "uuid": "00000000-0000-0000-0000-0000000000",
                "stock": "MU",
                "time": "2024-06-26T07:14:06.576937-04:00",
                "price": 146.4128,
                "share": 13.18,
                "remain_portion": -1
            }
        ],
        "HIMS": []
    },
    "active_pnl": {
        "TSLA": 0,
        "NVDA": 0,
        "META": 0.0,
        "MSFT": 0.2,
        "IBM": -8.14,
        "PLTR": 0,
        "BA": 0,
        "SNOW": -355.24,
        "GOOGL": 0,
        "COIN": -60.15,
        "SMCI": 0,
        "HOOD": 0,
        "CRWD": 0,
        "LULU": 95646.95,
        "PANW": 0,
        "AMD": 2.93,
        "ARM": 0,
        "BABA": 5468.35,
        "CELH": -136.95,
        "QCOM": -203.01,
        "AAPL": 0,
        "DELL": 0,
        "SHOP": 28.2,
        "CEG": 0,
        "MU": -25.21,
        "HIMS": 0
    },
    "active_pnl_percentage": {
        "TSLA": 0,
        "NVDA": 0,
        "META": 0,
        "MSFT": 0.02,
        "IBM": -0.34,
        "PLTR": 0,
        "BA": 0,
        "SNOW": -2.84,
        "GOOGL": 0,
        "COIN": -2.22,
        "SMCI": 0,
        "HOOD": 0,
        "CRWD": 0,
        "LULU": 37656.09,
        "PANW": 0,
        "AMD": 2.27,
        "ARM": 0,
        "BABA": 20008.11,
        "CELH": -2.91,
        "QCOM": -5.31,
        "AAPL": 0,
        "DELL": 0,
        "SHOP": 1.55,
        "CEG": 0,
        "MU": -1.31,
        "HIMS": 0
    }
}