{
    "time": "2024-06-14T11:31:14.776926-04:00",
    "daily_start_net_value": 57419.9524,
    "current_net_value": 57398.4214,
    "daily_pnl": -21.531000000002678,
    "daily_pnl_percentage": -0.04,
    "remain_portion": 177,
    "positions": {
        "TSLA": 0,
        "NVDA": 0,
        "META": 0,
        "MSFT": 0,
        "IBM": 0,
        "PLTR": 12.9,
        "BA": 1.69,
        "SNOW": 5.49,
        "GOOGL": 0,
        "COIN": 0,
        "SMCI": 0,
        "HOOD": 0,
        "CRWD": 0,
        "LULU": 1.9345,
        "PANW": 0,
        "C": 0,
        "AMD": 0,
        "ARM": 0,
        "BABA": 15.68,
        "CELH": 0
    },
    "cash_position": 53197.48,
    "active_orders": {
        "TSLA": [],
        "NVDA": [],
        "META": [],
        "MSFT": [],
        "IBM": [],
        "PLTR": [
            {
                "uuid": "00000000-0000-0000-0000-0000000000",
                "stock": "PLTR",
                "time": "2024-06-14T09:08:33.899417-04:00",
                "price": 23.2504,
                "share": 12.9,
                "remain_portion": -1
            }
        ],
        "BA": [
            {
                "uuid": "ed439d09-3abf-4453-9ba9-6aefe14a3e81",
                "stock": "BA",
                "time": "2024-06-14T10:20:46.571780-04:00",
                "price": 177.78,
                "share": 1.69,
                "remain_portion": 178
            },
            {
                "uuid": "d2f4f102-8f44-4cf2-88d8-7b149547846f",
                "stock": "BA",
                "time": "2024-06-14T10:36:02.402597-04:00",
                "price": 177.1,
                "share": 1.0,
                "remain_portion": 178
            }
        ],
        "SNOW": [
            {
                "uuid": "00000000-0000-0000-0000-0000000000",
                "stock": "SNOW",
                "time": "2024-06-14T09:08:33.899452-04:00",
                "price": 127.8251,
                "share": 4.69,
                "remain_portion": -1
            },
            {
                "uuid": "072867d5-cadd-4100-bb0c-d1c1d4ac5ccb",
                "stock": "SNOW",
                "time": "2024-06-14T10:25:50.118472-04:00",
                "price": 125.05,
                "share": 0.39999999999999947,
                "remain_portion": 178
            },
            {
                "uuid": "9ab5bc94-0372-4abc-86a2-2ee51788846c",
                "stock": "SNOW",
                "time": "2024-06-14T10:41:06.120449-04:00",
                "price": 124.96,
                "share": 2.4000000000000004,
                "remain_portion": 177
            }
        ],
        "GOOGL": [],
        "COIN": [],
        "SMCI": [],
        "HOOD": [],
        "CRWD": [],
        "LULU": [
            {
                "uuid": "00000000-0000-0000-0000-0000000000",
                "stock": "LULU",
                "time": "2024-06-14T09:08:33.899380-04:00",
                "price": 310.1008,
                "share": 1.9345,
                "remain_portion": -1
            },
            {
                "uuid": "9266b97d-8850-469b-9943-0680ff8b5540",
                "stock": "LULU",
                "time": "2024-06-14T09:30:23.208214-04:00",
                "price": 305.46,
                "share": 0.0,
                "remain_portion": 180
            }
        ],
        "PANW": [],
        "C": [],
        "AMD": [],
        "ARM": [],
        "BABA": [
            {
                "uuid": "00000000-0000-0000-0000-0000000000",
                "stock": "BABA",
                "time": "2024-06-14T09:08:33.899328-04:00",
                "price": 76.5044,
                "share": 15.68,
                "remain_portion": -1
            },
            {
                "uuid": "c2af0c89-1ac4-424d-8d4d-4c5a0468681a",
                "stock": "BABA",
                "time": "2024-06-14T09:30:32.928939-04:00",
                "price": 74.27,
                "share": 0.0,
                "remain_portion": 179
            }
        ],
        "CELH": []
    },
    "active_pnl": {
        "TSLA": 0,
        "NVDA": 0,
        "META": 0,
        "MSFT": 0,
        "IBM": 0,
        "PLTR": 1.09,
        "BA": 1.68,
        "SNOW": 4.28,
        "GOOGL": 0,
        "COIN": 0,
        "SMCI": 0,
        "HOOD": 0,
        "CRWD": 0,
        "LULU": -11.42,
        "PANW": 0,
        "C": 0,
        "AMD": 0,
        "ARM": 0,
        "BABA": -43.19,
        "CELH": 0
    },
    "active_pnl_percentage": {
        "TSLA": 0,
        "NVDA": 0,
        "META": 0,
        "MSFT": 0,
        "IBM": 0,
        "PLTR": 0.36,
        "BA": 0.35,
        "SNOW": 0.45,
        "GOOGL": 0,
        "COIN": 0,
        "SMCI": 0,
        "HOOD": 0,
        "CRWD": 0,
        "LULU": -1.9,
        "PANW": 0,
        "C": 0,
        "AMD": 0,
        "ARM": 0,
        "BABA": -3.59,
        "CELH": 0
    }
}