{
    "time": "2024-06-26T10:31:52.571988-04:00",
    "daily_start_net_value": 82593.4952,
    "current_net_value": 82606.6173,
    "daily_pnl": 13.122099999993225,
    "daily_pnl_percentage": 0.02,
    "remain_portion": 61,
    "positions": {
        "TSLA": 0,
        "NVDA": 4.0,
        "META": 0,
        "MSFT": 0,
        "IBM": 16.91,
        "PLTR": 0,
        "BA": 3.0,
        "SNOW": 102.87,
        "GOOGL": 6.28,
        "COIN": 12.04,
        "SMCI": 0,
        "HOOD": 0,
        "CRWD": 1.56,
        "LULU": 0.82,
        "PANW": 1.0,
        "AMD": 0.82,
        "ARM": 0,
        "BABA": 16.37,
        "CELH": 102.31,
        "QCOM": 21.94,
        "AAPL": 0,
        "DELL": 8.0,
        "SHOP": 28.0,
        "CEG": 0,
        "MU": 13.18,
        "HIMS": 26.0
    },
    "cash_position": 37009.28,
    "active_orders": {
        "TSLA": [],
        "NVDA": [
            {
                "uuid": "7a360e8f-7ead-4841-819f-0dc4e876f666",
                "stock": "NVDA",
                "time": "2024-06-26T09:10:59.776289-04:00",
                "price": 124.89999999999999,
                "share": 4.0,
                "remain_portion": 71
            }
        ],
        "META": [],
        "MSFT": [],
        "IBM": [
            {
                "uuid": "00000000-0000-0000-0000-0000000000",
                "stock": "IBM",
                "time": "2024-06-26T07:14:06.576637-04:00",
                "price": 172.6355,
                "share": 13.91,
                "remain_portion": -1
            },
            {
                "uuid": "1897b170-37c9-47e3-a5fd-9200e035887f",
                "stock": "IBM",
                "time": "2024-06-26T07:40:37.363856-04:00",
                "price": 172.44,
                "share": 0.0,
                "remain_portion": 84
            },
            {
                "uuid": "26a50649-90ef-402c-98a5-08ed02c78b0f",
                "stock": "IBM",
                "time": "2024-06-26T08:32:01.401507-04:00",
                "price": 172.10000000000002,
                "share": 3.0,
                "remain_portion": 80
            }
        ],
        "PLTR": [],
        "BA": [
            {
                "uuid": "91f7fbc8-aaeb-4e4a-b702-a145da62cfd5",
                "stock": "BA",
                "time": "2024-06-26T08:50:31.344813-04:00",
                "price": 174.32000000000002,
                "share": 3.0,
                "remain_portion": 76
            }
        ],
        "SNOW": [
            {
                "uuid": "00000000-0000-0000-0000-0000000000",
                "stock": "SNOW",
                "time": "2024-06-26T07:14:06.576751-04:00",
                "price": 127.7745,
                "share": 98.01,
                "remain_portion": -1
            },
            {
                "uuid": "82f1f1d6-c029-41df-b211-0840bb5cba22",
                "stock": "SNOW",
                "time": "2024-06-26T09:41:27.715728-04:00",
                "price": 123.4,
                "share": 4.859999999999999,
                "remain_portion": 62
            }
        ],
        "GOOGL": [
            {
                "uuid": "f8468751-8565-42a9-b114-34f291e0707c",
                "stock": "GOOGL",
                "time": "2024-06-26T08:32:03.981921-04:00",
                "price": 183.20000000000002,
                "share": 3.0,
                "remain_portion": 79
            },
            {
                "uuid": "1dbf1969-080b-4ece-b910-5bf6908b5568",
                "stock": "GOOGL",
                "time": "2024-06-26T09:31:02.600534-04:00",
                "price": 182.89,
                "share": 3.2800000000000002,
                "remain_portion": 65
            }
        ],
        "COIN": [
            {
                "uuid": "00000000-0000-0000-0000-0000000000",
                "stock": "COIN",
                "time": "2024-06-26T07:14:06.576822-04:00",
                "price": 225.3405,
                "share": 12.04,
                "remain_portion": -1
            }
        ],
        "SMCI": [],
        "HOOD": [],
        "CRWD": [
            {
                "uuid": "6f6aa135-31db-4c62-97e6-0f02e4d1802e",
                "stock": "CRWD",
                "time": "2024-06-26T09:36:18.419079-04:00",
                "price": 384.69,
                "share": 1.56,
                "remain_portion": 64
            }
        ],
        "LULU": [
            {
                "uuid": "00000000-0000-0000-0000-0000000000",
                "stock": "LULU",
                "time": "2024-06-26T08:15:46.782216-04:00",
                "price": 0.82,
                "share": 309.7577,
                "remain_portion": -1
            },
            {
                "uuid": "671638fa-f104-4ea0-abcd-02c08c3f4238",
                "stock": "LULU",
                "time": "2024-06-26T08:55:46.983905-04:00",
                "price": 309.06,
                "share": 0.0,
                "remain_portion": 75
            }
        ],
        "PANW": [
            {
                "uuid": "245fbfcb-899f-4949-8e0e-cdbc7a8bd3c2",
                "stock": "PANW",
                "time": "2024-06-26T09:21:20.843372-04:00",
                "price": 322.05,
                "share": 0.0,
                "remain_portion": 69
            },
            {
                "uuid": "f038a0d1-a4e2-40ba-8a4d-c1220ed221d8",
                "stock": "PANW",
                "time": "2024-06-26T09:36:20.620520-04:00",
                "price": 321.17,
                "share": 1.0,
                "remain_portion": 63
            }
        ],
        "AMD": [
            {
                "uuid": "00000000-0000-0000-0000-0000000000",
                "stock": "AMD",
                "time": "2024-06-26T07:14:06.576492-04:00",
                "price": 157.0288,
                "share": 0.82,
                "remain_portion": -1
            }
        ],
        "ARM": [],
        "BABA": [
            {
                "uuid": "00000000-0000-0000-0000-0000000000",
                "stock": "BABA",
                "time": "2024-06-26T08:14:07.026012-04:00",
                "price": 0.37,
                "share": 73.8667,
                "remain_portion": -1
            },
            {
                "uuid": "5ce5cd69-9a79-4ab5-aa26-e9d179cff83b",
                "stock": "BABA",
                "time": "2024-06-26T08:50:34.244991-04:00",
                "price": 74.39999999999999,
                "share": 7.999999999999999,
                "remain_portion": 75
            },
            {
                "uuid": "3a2bb5ae-e647-4272-a2f7-a0964baf229b",
                "stock": "BABA",
                "time": "2024-06-26T09:11:02.472456-04:00",
                "price": 74.32,
                "share": 8.000000000000002,
                "remain_portion": 70
            }
        ],
        "CELH": [
            {
                "uuid": "00000000-0000-0000-0000-0000000000",
                "stock": "CELH",
                "time": "2024-06-26T07:14:06.576785-04:00",
                "price": 57.7174,
                "share": 62.31,
                "remain_portion": -1
            },
            {
                "uuid": "172068fd-e81e-489a-9f48-75ba096f2878",
                "stock": "CELH",
                "time": "2024-06-26T07:35:25.048636-04:00",
                "price": 55.739999999999995,
                "share": 10.0,
                "remain_portion": 85
            },
            {
                "uuid": "e62bfd8d-14ea-4e4a-ab2f-07e8547f2ddb",
                "stock": "CELH",
                "time": "2024-06-26T07:55:54.893961-04:00",
                "price": 55.55,
                "share": 10.0,
                "remain_portion": 82
            },
            {
                "uuid": "e7542556-461a-4bf5-87e8-cf5bebcd7138",
                "stock": "CELH",
                "time": "2024-06-26T09:00:50.902992-04:00",
                "price": 55.199999999999996,
                "share": 10.0,
                "remain_portion": 74
            },
            {
                "uuid": "100b5ce5-85c4-4228-a078-6ffd43654603",
                "stock": "CELH",
                "time": "2024-06-26T09:21:33.165053-04:00",
                "price": 55.0503,
                "share": 0.0,
                "remain_portion": 68
            },
            {
                "uuid": "af899173-d896-4adf-a00e-2f3c23728e5e",
                "stock": "CELH",
                "time": "2024-06-26T09:36:23.562304-04:00",
                "price": 52.58,
                "share": 10.0,
                "remain_portion": 63
            }
        ],
        "QCOM": [
            {
                "uuid": "00000000-0000-0000-0000-0000000000",
                "stock": "QCOM",
                "time": "2024-06-26T07:14:06.576892-04:00",
                "price": 213.0742,
                "share": 17.94,
                "remain_portion": -1
            },
            {
                "uuid": "e70038dc-b108-4aef-8859-dac2ba5e963f",
                "stock": "QCOM",
                "time": "2024-06-26T08:40:25.628766-04:00",
                "price": 201.08,
                "share": 0.0,
                "remain_portion": 77
            },
            {
                "uuid": "3471e5e0-1182-4959-afe4-c46dbe9c06ec",
                "stock": "QCOM",
                "time": "2024-06-26T09:05:53.944413-04:00",
                "price": 201.02,
                "share": 2.0,
                "remain_portion": 73
            },
            {
                "uuid": "e6b489de-1521-4c28-ba96-2da4cfdf1cdd",
                "stock": "QCOM",
                "time": "2024-06-26T10:30:51.543286-04:00",
                "price": 198.49,
                "share": 2.0,
                "remain_portion": 61
            }
        ],
        "AAPL": [],
        "DELL": [
            {
                "uuid": "9ae1c477-f9d7-4d7a-97dd-6c32d6500b63",
                "stock": "DELL",
                "time": "2024-06-26T09:11:05.204573-04:00",
                "price": 139.51000000000002,
                "share": 4.0,
                "remain_portion": 70
            },
            {
                "uuid": "f22487be-4e27-4bff-8cdc-da687ef93fb8",
                "stock": "DELL",
                "time": "2024-06-26T09:25:57.213067-04:00",
                "price": 138.87,
                "share": 0.0,
                "remain_portion": 66
            },
            {
                "uuid": "1e41bc27-3108-44af-a2fe-ccb8ddd04c3f",
                "stock": "DELL",
                "time": "2024-06-26T09:41:29.744697-04:00",
                "price": 139.15,
                "share": 4.0,
                "remain_portion": 61
            }
        ],
        "SHOP": [
            {
                "uuid": "00000000-0000-0000-0000-0000000000",
                "stock": "SHOP",
                "time": "2024-06-26T07:14:06.576857-04:00",
                "price": 64.7928,
                "share": 28.0,
                "remain_portion": -1
            }
        ],
        "CEG": [],
        "MU": [
            {
                "uuid": "00000000-0000-0000-0000-0000000000",
                "stock": "MU",
                "time": "2024-06-26T07:14:06.576937-04:00",
                "price": 146.4128,
                "share": 13.18,
                "remain_portion": -1
            }
        ],
        "HIMS": [
            {
                "uuid": "c1ac8388-133d-4e7c-8145-4b23f9bd9139",
                "stock": "HIMS",
                "time": "2024-06-26T09:05:56.442478-04:00",
                "price": 23.043820800000002,
                "share": 26.0,
                "remain_portion": 72
            },
            {
                "uuid": "452f688e-3e51-4d21-8c69-e77642d1e600",
                "stock": "HIMS",
                "time": "2024-06-26T09:21:44.670993-04:00",
                "price": 22.9229,
                "share": 0.0,
                "remain_portion": 67
            }
        ]
    },
    "active_pnl": {
        "TSLA": 0,
        "NVDA": 2.57,
        "META": 0,
        "MSFT": 0,
        "IBM": -20.81,
        "PLTR": 0,
        "BA": 3.9,
        "SNOW": -239.46,
        "GOOGL": 7.05,
        "COIN": -43.77,
        "SMCI": 0,
        "HOOD": 0,
        "CRWD": 0.97,
        "LULU": 94595.36,
        "PANW": 1.58,
        "AMD": 1.29,
        "ARM": 0,
        "BABA": 5434.84,
        "CELH": -134.96,
        "QCOM": -271.76,
        "AAPL": 0,
        "DELL": 6.48,
        "SHOP": 5.38,
        "CEG": 0,
        "MU": -61.39,
        "HIMS": -14.92
    },
    "active_pnl_percentage": {
        "TSLA": 0,
        "NVDA": 0.56,
        "META": 0,
        "MSFT": 0,
        "IBM": -0.75,
        "PLTR": 0,
        "BA": 0.75,
        "SNOW": -1.82,
        "GOOGL": 0.63,
        "COIN": -1.61,
        "SMCI": 0,
        "HOOD": 0,
        "CRWD": 0.11,
        "LULU": 37278.05,
        "PANW": 0.49,
        "AMD": 1.03,
        "ARM": 0,
        "BABA": 446.54,
        "CELH": -2.34,
        "QCOM": -5.93,
        "AAPL": 0,
        "DELL": 0.58,
        "SHOP": 0.27,
        "CEG": 0,
        "MU": -3.18,
        "HIMS": -2.49
    }
}