{
    "time": "2024-06-20T11:32:56.730698-04:00",
    "daily_start_net_value": 82493.9383,
    "current_net_value": 82509.2803,
    "daily_pnl": 15.342000000004191,
    "daily_pnl_percentage": 0.02,
    "remain_portion": 83,
    "positions": {
        "TSLA": 0,
        "NVDA": 0,
        "META": 4.82,
        "MSFT": 0,
        "IBM": 0,
        "PLTR": 0,
        "BA": 0,
        "SNOW": 67.58,
        "GOOGL": 3.43,
        "COIN": 4.52,
        "SMCI": 0,
        "HOOD": 13.01,
        "CRWD": 0,
        "LULU": 0,
        "PANW": 2.92,
        "AMD": 0,
        "ARM": 0,
        "BABA": 8.81,
        "CELH": 0,
        "QCOM": 5.33,
        "AAPL": 5.69,
        "DELL": 0,
        "SHOP": 36.81,
        "CEG": 0,
        "MU": 0.86,
        "HIMS": 73.61
    },
    "cash_position": 50232.47,
    "active_orders": {
        "TSLA": [],
        "NVDA": [],
        "META": [
            {
                "uuid": "00000000-0000-0000-0000-0000000000",
                "stock": "META",
                "time": "2024-06-20T07:14:33.999455-04:00",
                "price": 498.4524,
                "share": 4.82,
                "remain_portion": -1
            }
        ],
        "MSFT": [],
        "IBM": [],
        "PLTR": [],
        "BA": [],
        "SNOW": [
            {
                "uuid": "00000000-0000-0000-0000-0000000000",
                "stock": "SNOW",
                "time": "2024-06-20T07:14:33.999883-04:00",
                "price": 128.7756,
                "share": 67.58,
                "remain_portion": -1
            }
        ],
        "GOOGL": [
            {
                "uuid": "5d8c7a32-014d-45ab-a520-171942f4c969",
                "stock": "GOOGL",
                "time": "2024-06-20T10:16:18.063610-04:00",
                "price": 175.11,
                "share": 3.43,
                "remain_portion": 87
            }
        ],
        "COIN": [
            {
                "uuid": "00000000-0000-0000-0000-0000000000",
                "stock": "COIN",
                "time": "2024-06-20T07:14:33.999994-04:00",
                "price": 236.19,
                "share": 2.0,
                "remain_portion": -1
            },
            {
                "uuid": "9fa1fca6-bd03-42fa-838b-f2008d325f19",
                "stock": "COIN",
                "time": "2024-06-20T09:36:45.667591-04:00",
                "price": 238.11,
                "share": 2.5199999999999996,
                "remain_portion": 90
            }
        ],
        "SMCI": [],
        "HOOD": [
            {
                "uuid": "00000000-0000-0000-0000-0000000000",
                "stock": "HOOD",
                "time": "2024-06-20T07:14:33.999792-04:00",
                "price": 22.18,
                "share": 13.0,
                "remain_portion": -1
            },
            {
                "uuid": "3962a388-3eca-4aac-ad84-5841efd5ff45",
                "stock": "HOOD",
                "time": "2024-06-20T10:16:20.320960-04:00",
                "price": 21.42,
                "share": 28.009999999999998,
                "remain_portion": 86
            }
        ],
        "CRWD": [],
        "LULU": [],
        "PANW": [
            {
                "uuid": "00000000-0000-0000-0000-0000000000",
                "stock": "PANW",
                "time": "2024-06-20T07:14:33.999928-04:00",
                "price": 316.88,
                "share": 1.0,
                "remain_portion": -1
            },
            {
                "uuid": "49f3c8c2-9b09-45f5-848f-e25ec16ad232",
                "stock": "PANW",
                "time": "2024-06-20T10:16:23.431209-04:00",
                "price": 312.27,
                "share": 1.92,
                "remain_portion": 85
            }
        ],
        "AMD": [],
        "ARM": [],
        "BABA": [
            {
                "uuid": "00000000-0000-0000-0000-0000000000",
                "stock": "BABA",
                "time": "2024-06-20T08:17:34.937677-04:00",
                "price": 0.81,
                "share": 75.2889,
                "remain_portion": -1
            },
            {
                "uuid": "5cd1d5f9-c174-4ab3-a2e9-026eba3cf2fd",
                "stock": "BABA",
                "time": "2024-06-20T09:21:22.744142-04:00",
                "price": 74.96,
                "share": 8.0,
                "remain_portion": 94
            }
        ],
        "CELH": [],
        "QCOM": [
            {
                "uuid": "00000000-0000-0000-0000-0000000000",
                "stock": "QCOM",
                "time": "2024-06-20T07:14:34.000076-04:00",
                "price": 227.7567,
                "share": 2.63,
                "remain_portion": -1
            },
            {
                "uuid": "bc8269dd-6e39-4190-8e51-7e5fce639487",
                "stock": "QCOM",
                "time": "2024-06-20T09:21:25.260157-04:00",
                "price": 225.55,
                "share": 2.0,
                "remain_portion": 93
            },
            {
                "uuid": "1b7f402e-1d95-45b7-bda8-d1debba15447",
                "stock": "QCOM",
                "time": "2024-06-20T09:36:48.123290-04:00",
                "price": 221.86,
                "share": 0.7000000000000002,
                "remain_portion": 90
            }
        ],
        "AAPL": [
            {
                "uuid": "512f0c94-742e-4f97-86f8-8fbc0f221285",
                "stock": "AAPL",
                "time": "2024-06-20T10:30:28.808648-04:00",
                "price": 211.64,
                "share": 2.84,
                "remain_portion": 84
            },
            {
                "uuid": "f2158f31-20ff-4507-a383-798458052494",
                "stock": "AAPL",
                "time": "2024-06-20T10:45:47.013412-04:00",
                "price": 210.89,
                "share": 2.8500000000000005,
                "remain_portion": 83
            }
        ],
        "DELL": [],
        "SHOP": [
            {
                "uuid": "00000000-0000-0000-0000-0000000000",
                "stock": "SHOP",
                "time": "2024-06-20T07:14:34.000031-04:00",
                "price": 64.7188,
                "share": 27.81,
                "remain_portion": -1
            },
            {
                "uuid": "e7e09d7b-fd2e-4109-b5b2-1e876c620d26",
                "stock": "SHOP",
                "time": "2024-06-20T09:21:27.748699-04:00",
                "price": 64.1793,
                "share": 9.000000000000004,
                "remain_portion": 92
            }
        ],
        "CEG": [],
        "MU": [
            {
                "uuid": "00000000-0000-0000-0000-0000000000",
                "stock": "MU",
                "time": "2024-06-20T07:14:34.000184-04:00",
                "price": 152.7455,
                "share": 0.86,
                "remain_portion": -1
            }
        ],
        "HIMS": [
            {
                "uuid": "7dcb29ce-ca14-4c63-ac61-63ec5a31ec7e",
                "stock": "HIMS",
                "time": "2024-06-20T09:01:52.330446-04:00",
                "price": 24.89487,
                "share": 24.0,
                "remain_portion": 97
            },
            {
                "uuid": "37da7ab2-5e22-4906-965f-b3e03f264d7e",
                "stock": "HIMS",
                "time": "2024-06-20T09:16:19.221442-04:00",
                "price": 24.8249001,
                "share": 0.0,
                "remain_portion": 95
            },
            {
                "uuid": "dd005833-238e-4197-b814-4245061c5bcf",
                "stock": "HIMS",
                "time": "2024-06-20T09:36:50.099796-04:00",
                "price": 23.43,
                "share": 24.0,
                "remain_portion": 89
            },
            {
                "uuid": "c77f85d0-e1b8-4988-a87b-02665abda494",
                "stock": "HIMS",
                "time": "2024-06-20T10:06:05.979739-04:00",
                "price": 22.84,
                "share": 25.930000000000007,
                "remain_portion": 88
            }
        ]
    },
    "active_pnl": {
        "TSLA": 0,
        "NVDA": 0,
        "META": 16.28,
        "MSFT": 0,
        "IBM": 0,
        "PLTR": 0,
        "BA": 0,
        "SNOW": -126.1,
        "GOOGL": 2.92,
        "COIN": 3.75,
        "SMCI": 0,
        "HOOD": 3.24,
        "CRWD": 0,
        "LULU": 0,
        "PANW": 0.38,
        "AMD": 0,
        "ARM": 0,
        "BABA": 5528.12,
        "CELH": 0,
        "QCOM": -46.53,
        "AAPL": -8.13,
        "DELL": 0,
        "SHOP": -8.35,
        "CEG": 0,
        "MU": -2.37,
        "HIMS": -23.55
    },
    "active_pnl_percentage": {
        "TSLA": 0,
        "NVDA": 0,
        "META": 0.68,
        "MSFT": 0,
        "IBM": 0,
        "PLTR": 0,
        "BA": 0,
        "SNOW": -1.44,
        "GOOGL": 0.49,
        "COIN": 0.29,
        "SMCI": 0,
        "HOOD": 0.32,
        "CRWD": 0,
        "LULU": 0,
        "PANW": 0.06,
        "AMD": 0,
        "ARM": 0,
        "BABA": 836.81,
        "CELH": 0,
        "QCOM": -3.86,
        "AAPL": -0.67,
        "DELL": 0,
        "SHOP": -0.35,
        "CEG": 0,
        "MU": -1.81,
        "HIMS": -1.39
    }
}