{
    "time": "2024-06-26T16:36:10.803913-04:00",
    "daily_start_net_value": 82593.4952,
    "current_net_value": 82818.1506,
    "daily_pnl": 224.65539999998873,
    "daily_pnl_percentage": 0.27,
    "remain_portion": 42,
    "positions": {
        "TSLA": 0,
        "NVDA": 0.89,
        "META": 0,
        "MSFT": 0,
        "IBM": 16.91,
        "PLTR": 148.98,
        "BA": 0,
        "SNOW": 0,
        "GOOGL": 0,
        "COIN": 14.85,
        "SMCI": 0,
        "HOOD": 0,
        "CRWD": 4.13,
        "LULU": 2.82,
        "PANW": 0,
        "AMD": 12.2,
        "ARM": 0,
        "BABA": 16.37,
        "CELH": 102.31,
        "QCOM": 25.03,
        "AAPL": 0,
        "DELL": 12.31,
        "SHOP": 0,
        "CEG": 2.86,
        "MU": 13.18,
        "HIMS": 79.88
    },
    "cash_position": 25602.19,
    "active_orders": {
        "TSLA": [],
        "NVDA": [
            {
                "uuid": "00000000-0000-0000-0000-0000000000",
                "stock": "NVDA",
                "time": "2024-06-26T16:14:58.369319-04:00",
                "price": 0.89,
                "share": 123.6839,
                "remain_portion": -1
            }
        ],
        "META": [],
        "MSFT": [],
        "IBM": [
            {
                "uuid": "00000000-0000-0000-0000-0000000000",
                "stock": "IBM",
                "time": "2024-06-26T07:14:06.576637-04:00",
                "price": 172.6355,
                "share": 13.91,
                "remain_portion": -1
            },
            {
                "uuid": "1897b170-37c9-47e3-a5fd-9200e035887f",
                "stock": "IBM",
                "time": "2024-06-26T07:40:37.363856-04:00",
                "price": 172.44,
                "share": 0.0,
                "remain_portion": 84
            },
            {
                "uuid": "26a50649-90ef-402c-98a5-08ed02c78b0f",
                "stock": "IBM",
                "time": "2024-06-26T08:32:01.401507-04:00",
                "price": 172.10000000000002,
                "share": 3.0,
                "remain_portion": 80
            }
        ],
        "PLTR": [
            {
                "uuid": "cf42ee93-ea08-4816-b59d-355d68fa88bc",
                "stock": "PLTR",
                "time": "2024-06-26T12:25:36.831608-04:00",
                "price": 24.32,
                "share": 24.67,
                "remain_portion": 52
            },
            {
                "uuid": "b065b392-6ef5-4787-bb83-91dd8d9e033c",
                "stock": "PLTR",
                "time": "2024-06-26T12:40:52.287486-04:00",
                "price": 24.27,
                "share": 24.72,
                "remain_portion": 51
            },
            {
                "uuid": "75653913-c530-4b16-933e-2429001f2de6",
                "stock": "PLTR",
                "time": "2024-06-26T12:56:01.936752-04:00",
                "price": 24.16,
                "share": 24.83,
                "remain_portion": 49
            },
            {
                "uuid": "29459a02-4782-4553-9ee0-05c37f2c1a8b",
                "stock": "PLTR",
                "time": "2024-06-26T13:10:08.203093-04:00",
                "price": 24.09,
                "share": 24.909999999999997,
                "remain_portion": 48
            },
            {
                "uuid": "5833a60e-a466-4dfb-87dd-6d987b3c71eb",
                "stock": "PLTR",
                "time": "2024-06-26T13:26:15.422196-04:00",
                "price": 24.08,
                "share": 24.92,
                "remain_portion": 47
            },
            {
                "uuid": "902a9856-0338-47f2-9e0b-086d7010cf41",
                "stock": "PLTR",
                "time": "2024-06-26T15:30:17.111652-04:00",
                "price": 24.07,
                "share": 24.929999999999993,
                "remain_portion": 44
            }
        ],
        "BA": [],
        "SNOW": [],
        "GOOGL": [],
        "COIN": [
            {
                "uuid": "00000000-0000-0000-0000-0000000000",
                "stock": "COIN",
                "time": "2024-06-26T07:14:06.576822-04:00",
                "price": 225.3405,
                "share": 12.04,
                "remain_portion": -1
            },
            {
                "uuid": "2a4ac171-2d75-4f30-ba6d-c1bc43d10aec",
                "stock": "COIN",
                "time": "2024-06-26T15:16:10.552834-04:00",
                "price": 213.2,
                "share": 2.8100000000000005,
                "remain_portion": 45
            }
        ],
        "SMCI": [],
        "HOOD": [],
        "CRWD": [
            {
                "uuid": "6f6aa135-31db-4c62-97e6-0f02e4d1802e",
                "stock": "CRWD",
                "time": "2024-06-26T09:36:18.419079-04:00",
                "price": 384.69,
                "share": 1.56,
                "remain_portion": 64
            },
            {
                "uuid": "9453a6ec-1adf-461f-acca-67d97cbdad23",
                "stock": "CRWD",
                "time": "2024-06-26T12:45:56.291964-04:00",
                "price": 381.68,
                "share": 1.5699999999999998,
                "remain_portion": 50
            },
            {
                "uuid": "b0f3f8c3-8814-4c00-86da-e610bebfa0ff",
                "stock": "CRWD",
                "time": "2024-06-26T16:36:08.231144-04:00",
                "price": 379.55,
                "share": 1.0,
                "remain_portion": 43
            }
        ],
        "LULU": [
            {
                "uuid": "00000000-0000-0000-0000-0000000000",
                "stock": "LULU",
                "time": "2024-06-26T08:15:46.782216-04:00",
                "price": 0.82,
                "share": 309.7577,
                "remain_portion": -1
            },
            {
                "uuid": "671638fa-f104-4ea0-abcd-02c08c3f4238",
                "stock": "LULU",
                "time": "2024-06-26T08:55:46.983905-04:00",
                "price": 309.06,
                "share": 0.0,
                "remain_portion": 75
            },
            {
                "uuid": "e96a2dfa-4da1-4ba4-a651-24dc2bfb1ebf",
                "stock": "LULU",
                "time": "2024-06-26T16:26:03.526616-04:00",
                "price": 304.86,
                "share": 2.0,
                "remain_portion": 44
            }
        ],
        "PANW": [],
        "AMD": [
            {
                "uuid": "00000000-0000-0000-0000-0000000000",
                "stock": "AMD",
                "time": "2024-06-26T07:14:06.576492-04:00",
                "price": 157.0288,
                "share": 0.82,
                "remain_portion": -1
            },
            {
                "uuid": "290c3cde-bd59-41e8-abee-2bc6da212853",
                "stock": "AMD",
                "time": "2024-06-26T10:47:29.388752-04:00",
                "price": 158.62,
                "share": 3.78,
                "remain_portion": 58
            },
            {
                "uuid": "f170296e-688c-4e89-8f29-4fa366e63282",
                "stock": "AMD",
                "time": "2024-06-26T11:15:57.650582-04:00",
                "price": 157.16,
                "share": 3.780000000000001,
                "remain_portion": 55
            },
            {
                "uuid": "d9a74cdb-d3e1-4e89-90ba-e8779c400a92",
                "stock": "AMD",
                "time": "2024-06-26T16:36:10.133336-04:00",
                "price": 156.27,
                "share": 6.8199999999999985,
                "remain_portion": 42
            }
        ],
        "ARM": [],
        "BABA": [
            {
                "uuid": "00000000-0000-0000-0000-0000000000",
                "stock": "BABA",
                "time": "2024-06-26T08:14:07.026012-04:00",
                "price": 0.37,
                "share": 73.8667,
                "remain_portion": -1
            },
            {
                "uuid": "5ce5cd69-9a79-4ab5-aa26-e9d179cff83b",
                "stock": "BABA",
                "time": "2024-06-26T08:50:34.244991-04:00",
                "price": 74.39999999999999,
                "share": 7.999999999999999,
                "remain_portion": 75
            },
            {
                "uuid": "3a2bb5ae-e647-4272-a2f7-a0964baf229b",
                "stock": "BABA",
                "time": "2024-06-26T09:11:02.472456-04:00",
                "price": 74.32,
                "share": 8.000000000000002,
                "remain_portion": 70
            }
        ],
        "CELH": [
            {
                "uuid": "00000000-0000-0000-0000-0000000000",
                "stock": "CELH",
                "time": "2024-06-26T07:14:06.576785-04:00",
                "price": 57.7174,
                "share": 62.31,
                "remain_portion": -1
            },
            {
                "uuid": "172068fd-e81e-489a-9f48-75ba096f2878",
                "stock": "CELH",
                "time": "2024-06-26T07:35:25.048636-04:00",
                "price": 55.739999999999995,
                "share": 10.0,
                "remain_portion": 85
            },
            {
                "uuid": "e62bfd8d-14ea-4e4a-ab2f-07e8547f2ddb",
                "stock": "CELH",
                "time": "2024-06-26T07:55:54.893961-04:00",
                "price": 55.55,
                "share": 10.0,
                "remain_portion": 82
            },
            {
                "uuid": "e7542556-461a-4bf5-87e8-cf5bebcd7138",
                "stock": "CELH",
                "time": "2024-06-26T09:00:50.902992-04:00",
                "price": 55.199999999999996,
                "share": 10.0,
                "remain_portion": 74
            },
            {
                "uuid": "100b5ce5-85c4-4228-a078-6ffd43654603",
                "stock": "CELH",
                "time": "2024-06-26T09:21:33.165053-04:00",
                "price": 55.0503,
                "share": 0.0,
                "remain_portion": 68
            },
            {
                "uuid": "af899173-d896-4adf-a00e-2f3c23728e5e",
                "stock": "CELH",
                "time": "2024-06-26T09:36:23.562304-04:00",
                "price": 52.58,
                "share": 10.0,
                "remain_portion": 63
            }
        ],
        "QCOM": [
            {
                "uuid": "00000000-0000-0000-0000-0000000000",
                "stock": "QCOM",
                "time": "2024-06-26T07:14:06.576892-04:00",
                "price": 213.0742,
                "share": 17.94,
                "remain_portion": -1
            },
            {
                "uuid": "e70038dc-b108-4aef-8859-dac2ba5e963f",
                "stock": "QCOM",
                "time": "2024-06-26T08:40:25.628766-04:00",
                "price": 201.08,
                "share": 0.0,
                "remain_portion": 77
            },
            {
                "uuid": "3471e5e0-1182-4959-afe4-c46dbe9c06ec",
                "stock": "QCOM",
                "time": "2024-06-26T09:05:53.944413-04:00",
                "price": 201.02,
                "share": 2.0,
                "remain_portion": 73
            },
            {
                "uuid": "e6b489de-1521-4c28-ba96-2da4cfdf1cdd",
                "stock": "QCOM",
                "time": "2024-06-26T10:30:51.543286-04:00",
                "price": 198.49,
                "share": 2.0,
                "remain_portion": 61
            },
            {
                "uuid": "a09e54b3-cc14-48db-8901-ea062aaa01a6",
                "stock": "QCOM",
                "time": "2024-06-26T10:46:26.851401-04:00",
                "price": 198.11,
                "share": 3.0299999999999976,
                "remain_portion": 59
            },
            {
                "uuid": "3531378d-577f-48b0-9ab9-4e24f97ce239",
                "stock": "QCOM",
                "time": "2024-06-26T11:11:54.381607-04:00",
                "price": 196.31,
                "share": 3.0600000000000023,
                "remain_portion": 56
            }
        ],
        "AAPL": [],
        "DELL": [
            {
                "uuid": "9ae1c477-f9d7-4d7a-97dd-6c32d6500b63",
                "stock": "DELL",
                "time": "2024-06-26T09:11:05.204573-04:00",
                "price": 139.51000000000002,
                "share": 4.0,
                "remain_portion": 70
            },
            {
                "uuid": "f22487be-4e27-4bff-8cdc-da687ef93fb8",
                "stock": "DELL",
                "time": "2024-06-26T09:25:57.213067-04:00",
                "price": 138.87,
                "share": 0.0,
                "remain_portion": 66
            },
            {
                "uuid": "1e41bc27-3108-44af-a2fe-ccb8ddd04c3f",
                "stock": "DELL",
                "time": "2024-06-26T09:41:29.744697-04:00",
                "price": 139.15,
                "share": 4.0,
                "remain_portion": 61
            },
            {
                "uuid": "357eefea-a76b-443f-856e-9f8c29e93890",
                "stock": "DELL",
                "time": "2024-06-26T12:20:32.587945-04:00",
                "price": 135.86,
                "share": 4.3100000000000005,
                "remain_portion": 52
            }
        ],
        "SHOP": [],
        "CEG": [
            {
                "uuid": "3568316d-05d5-4fff-b1e0-b7d1dec22083",
                "stock": "CEG",
                "time": "2024-06-26T14:15:40.394664-04:00",
                "price": 209.62,
                "share": 2.86,
                "remain_portion": 46
            }
        ],
        "MU": [
            {
                "uuid": "00000000-0000-0000-0000-0000000000",
                "stock": "MU",
                "time": "2024-06-26T07:14:06.576937-04:00",
                "price": 146.4128,
                "share": 13.18,
                "remain_portion": -1
            }
        ],
        "HIMS": [
            {
                "uuid": "c1ac8388-133d-4e7c-8145-4b23f9bd9139",
                "stock": "HIMS",
                "time": "2024-06-26T09:05:56.442478-04:00",
                "price": 23.043820800000002,
                "share": 26.0,
                "remain_portion": 72
            },
            {
                "uuid": "452f688e-3e51-4d21-8c69-e77642d1e600",
                "stock": "HIMS",
                "time": "2024-06-26T09:21:44.670993-04:00",
                "price": 22.9229,
                "share": 0.0,
                "remain_portion": 67
            },
            {
                "uuid": "37dcff00-2c99-4623-850b-6bcebda4c9d2",
                "stock": "HIMS",
                "time": "2024-06-26T12:01:20.835476-04:00",
                "price": 21.52,
                "share": 26.0,
                "remain_portion": 54
            },
            {
                "uuid": "87910857-c9c4-4fc2-a687-5dec33da7438",
                "stock": "HIMS",
                "time": "2024-06-26T12:15:28.904755-04:00",
                "price": 21.11,
                "share": 27.879999999999995,
                "remain_portion": 53
            }
        ]
    },
    "active_pnl": {
        "TSLA": 0,
        "NVDA": 15234.15,
        "META": 0,
        "MSFT": 0,
        "IBM": -14.17,
        "PLTR": -30.48,
        "BA": 0,
        "SNOW": 0,
        "GOOGL": 0,
        "COIN": -140.97,
        "SMCI": 0,
        "HOOD": 0,
        "CRWD": -11.57,
        "LULU": 94163.14,
        "PANW": 0,
        "AMD": -13.63,
        "ARM": 0,
        "BABA": 5440.23,
        "CELH": -20.88,
        "QCOM": -325.87,
        "AAPL": 0,
        "DELL": -19.39,
        "SHOP": 0,
        "CEG": -0.34,
        "MU": -187.32,
        "HIMS": -32.98
    },
    "active_pnl_percentage": {
        "TSLA": 0,
        "NVDA": 13846.07,
        "META": 0,
        "MSFT": 0,
        "IBM": -0.49,
        "PLTR": -0.85,
        "BA": 0,
        "SNOW": 0,
        "GOOGL": 0,
        "COIN": -4.26,
        "SMCI": 0,
        "HOOD": 0,
        "CRWD": -0.73,
        "LULU": 10902.03,
        "PANW": 0,
        "AMD": -0.57,
        "ARM": 0,
        "BABA": 446.99,
        "CELH": -0.36,
        "QCOM": -5.6,
        "AAPL": 0,
        "DELL": -1.14,
        "SHOP": 0,
        "CEG": -0.06,
        "MU": -9.67,
        "HIMS": -1.89
    }
}