{
    "time": "2024-06-27T10:31:59.066903-04:00",
    "daily_start_net_value": 82818.1506,
    "current_net_value": 82813.0572,
    "daily_pnl": -5.093399999997928,
    "daily_pnl_percentage": -0.01,
    "remain_portion": 58,
    "positions": {
        "TSLA": 0,
        "NVDA": 0.89,
        "META": 0,
        "MSFT": 0,
        "IBM": 19.91,
        "PLTR": 173.98,
        "BA": 0,
        "SNOW": 0,
        "GOOGL": 0,
        "COIN": 14.85,
        "SMCI": 0,
        "HOOD": 0.0,
        "CRWD": 0,
        "LULU": 0,
        "PANW": 0,
        "AMD": 0,
        "ARM": 0,
        "BABA": 16.37,
        "CELH": 0,
        "QCOM": 28.03,
        "AAPL": 0,
        "DELL": 0.0,
        "SHOP": 0,
        "CEG": 0,
        "MU": 13.18,
        "HIMS": 224.3
    },
    "cash_position": 35196.5,
    "active_orders": {
        "TSLA": [],
        "NVDA": [
            {
                "uuid": "00000000-0000-0000-0000-0000000000",
                "stock": "NVDA",
                "time": "2024-06-27T08:55:51.271520-04:00",
                "price": 0.89,
                "share": 123.6839,
                "remain_portion": -1
            }
        ],
        "META": [],
        "MSFT": [],
        "IBM": [
            {
                "uuid": "00000000-0000-0000-0000-0000000000",
                "stock": "IBM",
                "time": "2024-06-27T07:01:10.129616-04:00",
                "price": 172.5253,
                "share": 19.91,
                "remain_portion": -1
            },
            {
                "uuid": "22e710ad-5ca6-4eaa-94e4-faceb236d83e",
                "stock": "IBM",
                "time": "2024-06-27T08:26:16.417478-04:00",
                "price": 171.55,
                "share": 0.0,
                "remain_portion": 59
            }
        ],
        "PLTR": [
            {
                "uuid": "00000000-0000-0000-0000-0000000000",
                "stock": "PLTR",
                "time": "2024-06-27T07:01:10.129732-04:00",
                "price": 24.1343,
                "share": 173.98,
                "remain_portion": -1
            },
            {
                "uuid": "dca25b77-0299-44c5-9b69-ccd6a439406f",
                "stock": "PLTR",
                "time": "2024-06-27T07:30:31.712483-04:00",
                "price": 24.003980000000002,
                "share": 0.0,
                "remain_portion": 61
            }
        ],
        "BA": [],
        "SNOW": [],
        "GOOGL": [],
        "COIN": [
            {
                "uuid": "00000000-0000-0000-0000-0000000000",
                "stock": "COIN",
                "time": "2024-06-27T07:01:10.129897-04:00",
                "price": 223.0363,
                "share": 14.85,
                "remain_portion": -1
            }
        ],
        "SMCI": [],
        "HOOD": [],
        "CRWD": [],
        "LULU": [],
        "PANW": [],
        "AMD": [],
        "ARM": [],
        "BABA": [
            {
                "uuid": "00000000-0000-0000-0000-0000000000",
                "stock": "BABA",
                "time": "2024-06-27T07:01:10.129678-04:00",
                "price": 74.3049,
                "share": 16.37,
                "remain_portion": -1
            }
        ],
        "CELH": [],
        "QCOM": [
            {
                "uuid": "00000000-0000-0000-0000-0000000000",
                "stock": "QCOM",
                "time": "2024-06-27T07:01:10.129988-04:00",
                "price": 207.9079,
                "share": 28.03,
                "remain_portion": -1
            }
        ],
        "AAPL": [],
        "DELL": [],
        "SHOP": [],
        "CEG": [],
        "MU": [
            {
                "uuid": "00000000-0000-0000-0000-0000000000",
                "stock": "MU",
                "time": "2024-06-27T07:01:10.130069-04:00",
                "price": 146.4128,
                "share": 13.18,
                "remain_portion": -1
            }
        ],
        "HIMS": [
            {
                "uuid": "00000000-0000-0000-0000-0000000000",
                "stock": "HIMS",
                "time": "2024-06-27T07:01:10.129922-04:00",
                "price": 21.7562,
                "share": 192.3,
                "remain_portion": -1
            },
            {
                "uuid": "bc1980e6-85f0-4f48-9689-bc4c38bf28e3",
                "stock": "HIMS",
                "time": "2024-06-27T08:35:40.940112-04:00",
                "price": 18.5185,
                "share": 32.0,
                "remain_portion": 58
            }
        ]
    },
    "active_pnl": {
        "TSLA": 0,
        "NVDA": 15305.89,
        "META": 0,
        "MSFT": 0,
        "IBM": -20.02,
        "PLTR": 143.43,
        "BA": 0,
        "SNOW": 0,
        "GOOGL": 0,
        "COIN": -19.55,
        "SMCI": 0,
        "HOOD": 0,
        "CRWD": 0,
        "LULU": 0,
        "PANW": 0,
        "AMD": 0,
        "ARM": 0,
        "BABA": -20.95,
        "CELH": 0,
        "QCOM": -295.8,
        "AAPL": 0,
        "DELL": 0,
        "SHOP": 0,
        "CEG": 0,
        "MU": -162.56,
        "HIMS": -393.49
    },
    "active_pnl_percentage": {
        "TSLA": 0,
        "NVDA": 13887.35,
        "META": 0,
        "MSFT": 0,
        "IBM": -0.58,
        "PLTR": 3.38,
        "BA": 0,
        "SNOW": 0,
        "GOOGL": 0,
        "COIN": -0.69,
        "SMCI": 0,
        "HOOD": 0,
        "CRWD": 0,
        "LULU": 0,
        "PANW": 0,
        "AMD": 0,
        "ARM": 0,
        "BABA": -1.72,
        "CELH": 0,
        "QCOM": -5.08,
        "AAPL": 0,
        "DELL": 0,
        "SHOP": 0,
        "CEG": 0,
        "MU": -8.41,
        "HIMS": -8.12
    }
}