{
    "time": "2024-06-26T11:33:02.123017-04:00",
    "daily_start_net_value": 82593.4952,
    "current_net_value": 82618.3259,
    "daily_pnl": 24.83069999999134,
    "daily_pnl_percentage": 0.03,
    "remain_portion": 55,
    "positions": {
        "TSLA": 0,
        "NVDA": 8.89,
        "META": 0,
        "MSFT": 0,
        "IBM": 16.91,
        "PLTR": 0,
        "BA": 0,
        "SNOW": 102.87,
        "GOOGL": 0,
        "COIN": 12.04,
        "SMCI": 0,
        "HOOD": 0,
        "CRWD": 1.56,
        "LULU": 0.82,
        "PANW": 0,
        "AMD": 8.38,
        "ARM": 0,
        "BABA": 16.37,
        "CELH": 102.31,
        "QCOM": 25.03,
        "AAPL": 0,
        "DELL": 8.0,
        "SHOP": 28.0,
        "CEG": 0,
        "MU": 13.18,
        "HIMS": 26.0
    },
    "cash_position": 33409.11,
    "active_orders": {
        "TSLA": [],
        "NVDA": [
            {
                "uuid": "7a360e8f-7ead-4841-819f-0dc4e876f666",
                "stock": "NVDA",
                "time": "2024-06-26T09:10:59.776289-04:00",
                "price": 124.89999999999999,
                "share": 4.0,
                "remain_portion": 71
            },
            {
                "uuid": "633a304a-ae8a-4a9f-b420-f4e20c8ca17d",
                "stock": "NVDA",
                "time": "2024-06-26T11:10:40.269508-04:00",
                "price": 122.81,
                "share": 4.890000000000001,
                "remain_portion": 57
            }
        ],
        "META": [],
        "MSFT": [],
        "IBM": [
            {
                "uuid": "00000000-0000-0000-0000-0000000000",
                "stock": "IBM",
                "time": "2024-06-26T07:14:06.576637-04:00",
                "price": 172.6355,
                "share": 13.91,
                "remain_portion": -1
            },
            {
                "uuid": "1897b170-37c9-47e3-a5fd-9200e035887f",
                "stock": "IBM",
                "time": "2024-06-26T07:40:37.363856-04:00",
                "price": 172.44,
                "share": 0.0,
                "remain_portion": 84
            },
            {
                "uuid": "26a50649-90ef-402c-98a5-08ed02c78b0f",
                "stock": "IBM",
                "time": "2024-06-26T08:32:01.401507-04:00",
                "price": 172.10000000000002,
                "share": 3.0,
                "remain_portion": 80
            }
        ],
        "PLTR": [],
        "BA": [],
        "SNOW": [
            {
                "uuid": "00000000-0000-0000-0000-0000000000",
                "stock": "SNOW",
                "time": "2024-06-26T07:14:06.576751-04:00",
                "price": 127.7745,
                "share": 98.01,
                "remain_portion": -1
            },
            {
                "uuid": "82f1f1d6-c029-41df-b211-0840bb5cba22",
                "stock": "SNOW",
                "time": "2024-06-26T09:41:27.715728-04:00",
                "price": 123.4,
                "share": 4.859999999999999,
                "remain_portion": 62
            }
        ],
        "GOOGL": [],
        "COIN": [
            {
                "uuid": "00000000-0000-0000-0000-0000000000",
                "stock": "COIN",
                "time": "2024-06-26T07:14:06.576822-04:00",
                "price": 225.3405,
                "share": 12.04,
                "remain_portion": -1
            }
        ],
        "SMCI": [],
        "HOOD": [],
        "CRWD": [
            {
                "uuid": "6f6aa135-31db-4c62-97e6-0f02e4d1802e",
                "stock": "CRWD",
                "time": "2024-06-26T09:36:18.419079-04:00",
                "price": 384.69,
                "share": 1.56,
                "remain_portion": 64
            }
        ],
        "LULU": [
            {
                "uuid": "00000000-0000-0000-0000-0000000000",
                "stock": "LULU",
                "time": "2024-06-26T08:15:46.782216-04:00",
                "price": 0.82,
                "share": 309.7577,
                "remain_portion": -1
            },
            {
                "uuid": "671638fa-f104-4ea0-abcd-02c08c3f4238",
                "stock": "LULU",
                "time": "2024-06-26T08:55:46.983905-04:00",
                "price": 309.06,
                "share": 0.0,
                "remain_portion": 75
            }
        ],
        "PANW": [],
        "AMD": [
            {
                "uuid": "00000000-0000-0000-0000-0000000000",
                "stock": "AMD",
                "time": "2024-06-26T07:14:06.576492-04:00",
                "price": 157.0288,
                "share": 0.82,
                "remain_portion": -1
            },
            {
                "uuid": "290c3cde-bd59-41e8-abee-2bc6da212853",
                "stock": "AMD",
                "time": "2024-06-26T10:47:29.388752-04:00",
                "price": 158.62,
                "share": 3.78,
                "remain_portion": 58
            },
            {
                "uuid": "f170296e-688c-4e89-8f29-4fa366e63282",
                "stock": "AMD",
                "time": "2024-06-26T11:15:57.650582-04:00",
                "price": 157.16,
                "share": 3.780000000000001,
                "remain_portion": 55
            }
        ],
        "ARM": [],
        "BABA": [
            {
                "uuid": "00000000-0000-0000-0000-0000000000",
                "stock": "BABA",
                "time": "2024-06-26T08:14:07.026012-04:00",
                "price": 0.37,
                "share": 73.8667,
                "remain_portion": -1
            },
            {
                "uuid": "5ce5cd69-9a79-4ab5-aa26-e9d179cff83b",
                "stock": "BABA",
                "time": "2024-06-26T08:50:34.244991-04:00",
                "price": 74.39999999999999,
                "share": 7.999999999999999,
                "remain_portion": 75
            },
            {
                "uuid": "3a2bb5ae-e647-4272-a2f7-a0964baf229b",
                "stock": "BABA",
                "time": "2024-06-26T09:11:02.472456-04:00",
                "price": 74.32,
                "share": 8.000000000000002,
                "remain_portion": 70
            }
        ],
        "CELH": [
            {
                "uuid": "00000000-0000-0000-0000-0000000000",
                "stock": "CELH",
                "time": "2024-06-26T07:14:06.576785-04:00",
                "price": 57.7174,
                "share": 62.31,
                "remain_portion": -1
            },
            {
                "uuid": "172068fd-e81e-489a-9f48-75ba096f2878",
                "stock": "CELH",
                "time": "2024-06-26T07:35:25.048636-04:00",
                "price": 55.739999999999995,
                "share": 10.0,
                "remain_portion": 85
            },
            {
                "uuid": "e62bfd8d-14ea-4e4a-ab2f-07e8547f2ddb",
                "stock": "CELH",
                "time": "2024-06-26T07:55:54.893961-04:00",
                "price": 55.55,
                "share": 10.0,
                "remain_portion": 82
            },
            {
                "uuid": "e7542556-461a-4bf5-87e8-cf5bebcd7138",
                "stock": "CELH",
                "time": "2024-06-26T09:00:50.902992-04:00",
                "price": 55.199999999999996,
                "share": 10.0,
                "remain_portion": 74
            },
            {
                "uuid": "100b5ce5-85c4-4228-a078-6ffd43654603",
                "stock": "CELH",
                "time": "2024-06-26T09:21:33.165053-04:00",
                "price": 55.0503,
                "share": 0.0,
                "remain_portion": 68
            },
            {
                "uuid": "af899173-d896-4adf-a00e-2f3c23728e5e",
                "stock": "CELH",
                "time": "2024-06-26T09:36:23.562304-04:00",
                "price": 52.58,
                "share": 10.0,
                "remain_portion": 63
            }
        ],
        "QCOM": [
            {
                "uuid": "00000000-0000-0000-0000-0000000000",
                "stock": "QCOM",
                "time": "2024-06-26T07:14:06.576892-04:00",
                "price": 213.0742,
                "share": 17.94,
                "remain_portion": -1
            },
            {
                "uuid": "e70038dc-b108-4aef-8859-dac2ba5e963f",
                "stock": "QCOM",
                "time": "2024-06-26T08:40:25.628766-04:00",
                "price": 201.08,
                "share": 0.0,
                "remain_portion": 77
            },
            {
                "uuid": "3471e5e0-1182-4959-afe4-c46dbe9c06ec",
                "stock": "QCOM",
                "time": "2024-06-26T09:05:53.944413-04:00",
                "price": 201.02,
                "share": 2.0,
                "remain_portion": 73
            },
            {
                "uuid": "e6b489de-1521-4c28-ba96-2da4cfdf1cdd",
                "stock": "QCOM",
                "time": "2024-06-26T10:30:51.543286-04:00",
                "price": 198.49,
                "share": 2.0,
                "remain_portion": 61
            },
            {
                "uuid": "a09e54b3-cc14-48db-8901-ea062aaa01a6",
                "stock": "QCOM",
                "time": "2024-06-26T10:46:26.851401-04:00",
                "price": 198.11,
                "share": 3.0299999999999976,
                "remain_portion": 59
            },
            {
                "uuid": "3531378d-577f-48b0-9ab9-4e24f97ce239",
                "stock": "QCOM",
                "time": "2024-06-26T11:11:54.381607-04:00",
                "price": 196.31,
                "share": 3.0600000000000023,
                "remain_portion": 56
            }
        ],
        "AAPL": [],
        "DELL": [
            {
                "uuid": "9ae1c477-f9d7-4d7a-97dd-6c32d6500b63",
                "stock": "DELL",
                "time": "2024-06-26T09:11:05.204573-04:00",
                "price": 139.51000000000002,
                "share": 4.0,
                "remain_portion": 70
            },
            {
                "uuid": "f22487be-4e27-4bff-8cdc-da687ef93fb8",
                "stock": "DELL",
                "time": "2024-06-26T09:25:57.213067-04:00",
                "price": 138.87,
                "share": 0.0,
                "remain_portion": 66
            },
            {
                "uuid": "1e41bc27-3108-44af-a2fe-ccb8ddd04c3f",
                "stock": "DELL",
                "time": "2024-06-26T09:41:29.744697-04:00",
                "price": 139.15,
                "share": 4.0,
                "remain_portion": 61
            }
        ],
        "SHOP": [
            {
                "uuid": "00000000-0000-0000-0000-0000000000",
                "stock": "SHOP",
                "time": "2024-06-26T07:14:06.576857-04:00",
                "price": 64.7928,
                "share": 28.0,
                "remain_portion": -1
            }
        ],
        "CEG": [],
        "MU": [
            {
                "uuid": "00000000-0000-0000-0000-0000000000",
                "stock": "MU",
                "time": "2024-06-26T07:14:06.576937-04:00",
                "price": 146.4128,
                "share": 13.18,
                "remain_portion": -1
            }
        ],
        "HIMS": [
            {
                "uuid": "c1ac8388-133d-4e7c-8145-4b23f9bd9139",
                "stock": "HIMS",
                "time": "2024-06-26T09:05:56.442478-04:00",
                "price": 23.043820800000002,
                "share": 26.0,
                "remain_portion": 72
            },
            {
                "uuid": "452f688e-3e51-4d21-8c69-e77642d1e600",
                "stock": "HIMS",
                "time": "2024-06-26T09:21:44.670993-04:00",
                "price": 22.9229,
                "share": 0.0,
                "remain_portion": 67
            }
        ]
    },
    "active_pnl": {
        "TSLA": 0,
        "NVDA": -6.14,
        "META": 0,
        "MSFT": 0,
        "IBM": -17.38,
        "PLTR": 0,
        "BA": 0,
        "SNOW": -121.68,
        "GOOGL": 0,
        "COIN": -78.87,
        "SMCI": 0,
        "HOOD": 0,
        "CRWD": -1.4,
        "LULU": 94494.68,
        "PANW": 0,
        "AMD": -9.77,
        "ARM": 0,
        "BABA": 5447.87,
        "CELH": -74.59,
        "QCOM": -306.81,
        "AAPL": 0,
        "DELL": -8.08,
        "SHOP": 3.28,
        "CEG": 0,
        "MU": -77.27,
        "HIMS": -27.53
    },
    "active_pnl_percentage": {
        "TSLA": 0,
        "NVDA": -0.57,
        "META": 0,
        "MSFT": 0,
        "IBM": -0.6,
        "PLTR": 0,
        "BA": 0,
        "SNOW": -0.91,
        "GOOGL": 0,
        "COIN": -2.97,
        "SMCI": 0,
        "HOOD": 0,
        "CRWD": -0.26,
        "LULU": 37195.12,
        "PANW": 0,
        "AMD": -0.72,
        "ARM": 0,
        "BABA": 447.61,
        "CELH": -1.36,
        "QCOM": -5.27,
        "AAPL": 0,
        "DELL": -0.78,
        "SHOP": 0.15,
        "CEG": 0,
        "MU": -4.01,
        "HIMS": -4.59
    }
}