{
    "time": "2024-06-28T19:02:03.993904-04:00",
    "daily_start_net_value": 82908.1195,
    "current_net_value": 83033.6606,
    "daily_pnl": 125.54110000000219,
    "daily_pnl_percentage": 0.15,
    "remain_portion": 86,
    "positions": {
        "TSLA": 0,
        "NVDA": 0.89,
        "META": 1.0,
        "MSFT": 1.0,
        "IBM": 29.43,
        "PLTR": 23.6,
        "BA": 0,
        "SNOW": 0,
        "GOOGL": 6.0,
        "COIN": 0,
        "SMCI": 0,
        "HOOD": 0.0,
        "CRWD": 0.55,
        "LULU": 5.0,
        "PANW": 0,
        "AMD": 0,
        "ARM": 0,
        "BABA": 40.92,
        "CELH": 0.0,
        "QCOM": 37.26,
        "AAPL": 0,
        "DELL": 4.0,
        "SHOP": 0,
        "CEG": 0,
        "MU": 21.72,
        "HIMS": 253.3
    },
    "cash_position": 51967.48,
    "active_orders": {
        "TSLA": [],
        "NVDA": [
            {
                "uuid": "00000000-0000-0000-0000-0000000000",
                "stock": "NVDA",
                "time": "2024-06-28T08:44:36.369930-04:00",
                "price": 123.6839,
                "share": 0.89,
                "remain_portion": -1
            }
        ],
        "META": [
            {
                "uuid": "045e1478-fdef-446b-9c75-0b3ca7819c40",
                "stock": "META",
                "time": "2024-06-28T09:05:54.202441-04:00",
                "price": 517.55,
                "share": 1.0,
                "remain_portion": 97
            },
            {
                "uuid": "7c8c3189-bf44-44a8-be20-3bb307582041",
                "stock": "META",
                "time": "2024-06-28T09:21:52.057455-04:00",
                "price": 517.05,
                "share": 0.0,
                "remain_portion": 91
            }
        ],
        "MSFT": [
            {
                "uuid": "8a9f69fc-2a81-468c-a258-3b927fce66b9",
                "stock": "MSFT",
                "time": "2024-06-28T08:55:38.057508-04:00",
                "price": 452.25,
                "share": 1.0,
                "remain_portion": 98
            }
        ],
        "IBM": [
            {
                "uuid": "00000000-0000-0000-0000-0000000000",
                "stock": "IBM",
                "time": "2024-06-28T07:00:32.048004-04:00",
                "price": 172.1005,
                "share": 29.43,
                "remain_portion": -1
            }
        ],
        "PLTR": [
            {
                "uuid": "4942c36d-3d21-427f-a619-0210e3f3e11d",
                "stock": "PLTR",
                "time": "2024-06-28T09:36:26.323718-04:00",
                "price": 25.42,
                "share": 23.6,
                "remain_portion": 88
            }
        ],
        "BA": [],
        "SNOW": [],
        "GOOGL": [
            {
                "uuid": "3d44932c-b8e2-479b-976c-489f749a7e22",
                "stock": "GOOGL",
                "time": "2024-06-28T08:55:40.899752-04:00",
                "price": 184.05010000000001,
                "share": 3.0,
                "remain_portion": 97
            },
            {
                "uuid": "854fbacc-736a-4658-943d-0b10665b4a4f",
                "stock": "GOOGL",
                "time": "2024-06-28T16:05:54.878330-04:00",
                "price": 182.20000000000002,
                "share": 3.0,
                "remain_portion": 87
            }
        ],
        "COIN": [],
        "SMCI": [],
        "HOOD": [
            {
                "uuid": "5b62b7f8-303b-459c-a628-70e31b0e4161",
                "stock": "HOOD",
                "time": "2024-06-28T09:06:05.608179-04:00",
                "price": 22.7227,
                "share": 0.0,
                "remain_portion": 96
            }
        ],
        "CRWD": [
            {
                "uuid": "00000000-0000-0000-0000-0000000000",
                "stock": "CRWD",
                "time": "2024-06-28T08:50:34.233629-04:00",
                "price": 386.8323,
                "share": 0.55,
                "remain_portion": -1
            }
        ],
        "LULU": [
            {
                "uuid": "00000000-0000-0000-0000-0000000000",
                "stock": "LULU",
                "time": "2024-06-28T07:00:32.048074-04:00",
                "price": 304.42,
                "share": 2.0,
                "remain_portion": -1
            },
            {
                "uuid": "2be12cef-c5d9-468f-b6ae-5fc0a7939220",
                "stock": "LULU",
                "time": "2024-06-28T09:11:20.845952-04:00",
                "price": 303.05,
                "share": 2.0,
                "remain_portion": 95
            },
            {
                "uuid": "8ba1dbfb-db8f-4474-bd63-c35acd79a944",
                "stock": "LULU",
                "time": "2024-06-28T09:25:56.387577-04:00",
                "price": 302.49,
                "share": 1.0,
                "remain_portion": 91
            }
        ],
        "PANW": [],
        "AMD": [],
        "ARM": [],
        "BABA": [
            {
                "uuid": "00000000-0000-0000-0000-0000000000",
                "stock": "BABA",
                "time": "2024-06-28T07:00:32.048036-04:00",
                "price": 73.3962,
                "share": 32.92,
                "remain_portion": -1
            },
            {
                "uuid": "4fcf25a2-707d-4962-954f-58e137a67a46",
                "stock": "BABA",
                "time": "2024-06-28T18:45:59.202827-04:00",
                "price": 72.0,
                "share": 8.0,
                "remain_portion": 86
            }
        ],
        "CELH": [
            {
                "uuid": "e109958f-c48a-4bea-9969-5c4d84dbc330",
                "stock": "CELH",
                "time": "2024-06-28T09:16:38.761972-04:00",
                "price": 57.559999999999995,
                "share": 0.0,
                "remain_portion": 92
            }
        ],
        "QCOM": [
            {
                "uuid": "00000000-0000-0000-0000-0000000000",
                "stock": "QCOM",
                "time": "2024-06-28T07:00:32.048194-04:00",
                "price": 204.7194,
                "share": 37.26,
                "remain_portion": -1
            }
        ],
        "AAPL": [],
        "DELL": [
            {
                "uuid": "39ea99ab-0272-4f73-9580-52f4b2530373",
                "stock": "DELL",
                "time": "2024-06-28T09:06:17.460429-04:00",
                "price": 139.98000000000002,
                "share": 0.0,
                "remain_portion": 95
            },
            {
                "uuid": "9c59a34c-39c4-494c-9e0d-e0c06bbe3760",
                "stock": "DELL",
                "time": "2024-06-28T09:31:11.853641-04:00",
                "price": 138.97,
                "share": 4.0,
                "remain_portion": 89
            }
        ],
        "SHOP": [],
        "CEG": [],
        "MU": [
            {
                "uuid": "00000000-0000-0000-0000-0000000000",
                "stock": "MU",
                "time": "2024-06-28T07:00:32.048220-04:00",
                "price": 142.7737,
                "share": 17.72,
                "remain_portion": -1
            },
            {
                "uuid": "b1c5e2bf-5e50-491e-9a00-c7e63d4ed521",
                "stock": "MU",
                "time": "2024-06-28T09:11:23.359330-04:00",
                "price": 132.25,
                "share": 4.0,
                "remain_portion": 94
            }
        ],
        "HIMS": [
            {
                "uuid": "00000000-0000-0000-0000-0000000000",
                "stock": "HIMS",
                "time": "2024-06-28T07:00:32.048166-04:00",
                "price": 21.2945,
                "share": 224.3,
                "remain_portion": -1
            },
            {
                "uuid": "99556a47-1d9a-450e-b1bd-6616d0e50fee",
                "stock": "HIMS",
                "time": "2024-06-28T09:11:25.596450-04:00",
                "price": 20.280260000000002,
                "share": 29.0,
                "remain_portion": 93
            },
            {
                "uuid": "3abbd09b-6df0-40fd-848d-0f8c3dfebee4",
                "stock": "HIMS",
                "time": "2024-06-28T09:26:08.675013-04:00",
                "price": 20.1403202,
                "share": 0.0,
                "remain_portion": 90
            }
        ]
    },
    "active_pnl": {
        "TSLA": 0,
        "NVDA": 0.03,
        "META": -12.55,
        "MSFT": -4.64,
        "IBM": 25.0,
        "PLTR": -0.47,
        "BA": 0,
        "SNOW": 0,
        "GOOGL": -4.17,
        "COIN": 0,
        "SMCI": 0,
        "HOOD": 0.0,
        "CRWD": -1.78,
        "LULU": -20.82,
        "PANW": 0,
        "AMD": 0,
        "ARM": 0,
        "BABA": -46.37,
        "CELH": 0.0,
        "QCOM": -188.89,
        "AAPL": 0,
        "DELL": -3.16,
        "SHOP": 0,
        "CEG": 0,
        "MU": -203.64,
        "HIMS": -245.27
    },
    "active_pnl_percentage": {
        "TSLA": 0,
        "NVDA": 0.03,
        "META": -2.42,
        "MSFT": -1.03,
        "IBM": 0.49,
        "PLTR": -0.08,
        "BA": 0,
        "SNOW": 0,
        "GOOGL": -0.38,
        "COIN": 0,
        "SMCI": 0,
        "HOOD": 0,
        "CRWD": -0.84,
        "LULU": -1.37,
        "PANW": 0,
        "AMD": 0,
        "ARM": 0,
        "BABA": -1.55,
        "CELH": 0,
        "QCOM": -2.48,
        "AAPL": 0,
        "DELL": -0.57,
        "SHOP": 0,
        "CEG": 0,
        "MU": -6.66,
        "HIMS": -4.57
    }
}