{
    "time": "2024-06-28T08:30:35.314092-04:00",
    "daily_start_net_value": 82908.1195,
    "current_net_value": 82908.1195,
    "daily_pnl": 0.0,
    "daily_pnl_percentage": 0.0,
    "remain_portion": 99,
    "positions": {
        "TSLA": 0,
        "NVDA": 0.89,
        "META": 0,
        "MSFT": 0,
        "IBM": 29.43,
        "PLTR": 0,
        "BA": 0,
        "SNOW": 0,
        "GOOGL": 0,
        "COIN": 0,
        "SMCI": 0,
        "HOOD": 0,
        "CRWD": 1.55,
        "LULU": 2.0,
        "PANW": 0,
        "AMD": 0,
        "ARM": 0,
        "BABA": 32.92,
        "CELH": 0,
        "QCOM": 37.26,
        "AAPL": 0,
        "DELL": 0,
        "SHOP": 0,
        "CEG": 0,
        "MU": 17.72,
        "HIMS": 224.3
    },
    "cash_position": 59769.62,
    "active_orders": {
        "TSLA": [],
        "NVDA": [
            {
                "uuid": "00000000-0000-0000-0000-0000000000",
                "stock": "NVDA",
                "time": "2024-06-28T07:00:32.047866-04:00",
                "price": 123.6839,
                "share": 0.89,
                "remain_portion": -1
            }
        ],
        "META": [],
        "MSFT": [],
        "IBM": [
            {
                "uuid": "00000000-0000-0000-0000-0000000000",
                "stock": "IBM",
                "time": "2024-06-28T07:00:32.048004-04:00",
                "price": 172.1005,
                "share": 29.43,
                "remain_portion": -1
            }
        ],
        "PLTR": [],
        "BA": [],
        "SNOW": [],
        "GOOGL": [],
        "COIN": [],
        "SMCI": [],
        "HOOD": [],
        "CRWD": [
            {
                "uuid": "00000000-0000-0000-0000-0000000000",
                "stock": "CRWD",
                "time": "2024-06-28T07:00:32.048112-04:00",
                "price": 386.8323,
                "share": 1.55,
                "remain_portion": -1
            }
        ],
        "LULU": [
            {
                "uuid": "00000000-0000-0000-0000-0000000000",
                "stock": "LULU",
                "time": "2024-06-28T07:00:32.048074-04:00",
                "price": 304.42,
                "share": 2.0,
                "remain_portion": -1
            }
        ],
        "PANW": [],
        "AMD": [],
        "ARM": [],
        "BABA": [
            {
                "uuid": "00000000-0000-0000-0000-0000000000",
                "stock": "BABA",
                "time": "2024-06-28T07:00:32.048036-04:00",
                "price": 73.3962,
                "share": 32.92,
                "remain_portion": -1
            }
        ],
        "CELH": [],
        "QCOM": [
            {
                "uuid": "00000000-0000-0000-0000-0000000000",
                "stock": "QCOM",
                "time": "2024-06-28T07:00:32.048194-04:00",
                "price": 204.7194,
                "share": 37.26,
                "remain_portion": -1
            }
        ],
        "AAPL": [],
        "DELL": [],
        "SHOP": [],
        "CEG": [],
        "MU": [
            {
                "uuid": "00000000-0000-0000-0000-0000000000",
                "stock": "MU",
                "time": "2024-06-28T07:00:32.048220-04:00",
                "price": 142.7737,
                "share": 17.72,
                "remain_portion": -1
            }
        ],
        "HIMS": [
            {
                "uuid": "00000000-0000-0000-0000-0000000000",
                "stock": "HIMS",
                "time": "2024-06-28T07:00:32.048166-04:00",
                "price": 21.2945,
                "share": 224.3,
                "remain_portion": -1
            }
        ]
    },
    "active_pnl": {
        "TSLA": 0,
        "NVDA": 1.52,
        "META": 0,
        "MSFT": 0,
        "IBM": -35.76,
        "PLTR": 0,
        "BA": 0,
        "SNOW": 0,
        "GOOGL": 0,
        "COIN": 0,
        "SMCI": 0,
        "HOOD": 0,
        "CRWD": 4.88,
        "LULU": -1.04,
        "PANW": 0,
        "AMD": 0,
        "ARM": 0,
        "BABA": -33.78,
        "CELH": 0,
        "QCOM": -339.79,
        "AAPL": 0,
        "DELL": 0,
        "SHOP": 0,
        "CEG": 0,
        "MU": -175.85,
        "HIMS": -164.73
    },
    "active_pnl_percentage": {
        "TSLA": 0,
        "NVDA": 1.27,
        "META": 0,
        "MSFT": 0,
        "IBM": -0.71,
        "PLTR": 0,
        "BA": 0,
        "SNOW": 0,
        "GOOGL": 0,
        "COIN": 0,
        "SMCI": 0,
        "HOOD": 0,
        "CRWD": 0.81,
        "LULU": -0.17,
        "PANW": 0,
        "AMD": 0,
        "ARM": 0,
        "BABA": -1.4,
        "CELH": 0,
        "QCOM": -4.45,
        "AAPL": 0,
        "DELL": 0,
        "SHOP": 0,
        "CEG": 0,
        "MU": -6.95,
        "HIMS": -3.45
    }
}