{
    "time": "2024-06-25T10:32:24.514642-04:00",
    "daily_start_net_value": 81738.0761,
    "current_net_value": 82431.3718,
    "daily_pnl": 693.2956999999878,
    "daily_pnl_percentage": 0.85,
    "remain_portion": 49,
    "positions": {
        "TSLA": 0,
        "NVDA": 49.48,
        "META": 0,
        "MSFT": 0,
        "IBM": 6.92,
        "PLTR": 97.72,
        "BA": 3.41,
        "SNOW": 93.16,
        "GOOGL": 0,
        "COIN": 12.04,
        "SMCI": 0,
        "HOOD": 0,
        "CRWD": 0,
        "LULU": 0,
        "PANW": 0,
        "AMD": 3.82,
        "ARM": 0,
        "BABA": 0,
        "CELH": 40.65,
        "QCOM": 17.94,
        "AAPL": 0,
        "DELL": 0,
        "SHOP": 0.58,
        "CEG": 0,
        "MU": 13.18,
        "HIMS": 0
    },
    "cash_position": 29631.65,
    "active_orders": {
        "TSLA": [],
        "NVDA": [
            {
                "uuid": "00000000-0000-0000-0000-0000000000",
                "stock": "NVDA",
                "time": "2024-06-25T07:20:02.130714-04:00",
                "price": 118.9103,
                "share": 49.48,
                "remain_portion": -1
            }
        ],
        "META": [],
        "MSFT": [],
        "IBM": [
            {
                "uuid": "c078e925-497f-4322-adc0-991db8038a54",
                "stock": "IBM",
                "time": "2024-06-25T10:00:58.960068-04:00",
                "price": 173.59,
                "share": 3.46,
                "remain_portion": 52
            },
            {
                "uuid": "293eb4ee-0401-47c2-9135-ba7e3fca4453",
                "stock": "IBM",
                "time": "2024-06-25T10:16:07.827048-04:00",
                "price": 173.56,
                "share": 3.46,
                "remain_portion": 50
            }
        ],
        "PLTR": [
            {
                "uuid": "00000000-0000-0000-0000-0000000000",
                "stock": "PLTR",
                "time": "2024-06-25T07:20:02.130939-04:00",
                "price": 24.4124,
                "share": 97.72,
                "remain_portion": -1
            }
        ],
        "BA": [
            {
                "uuid": "7289d980-f14d-4c58-9a69-f57f3bc99857",
                "stock": "BA",
                "time": "2024-06-25T10:16:10.962008-04:00",
                "price": 175.85,
                "share": 3.41,
                "remain_portion": 49
            }
        ],
        "SNOW": [
            {
                "uuid": "00000000-0000-0000-0000-0000000000",
                "stock": "SNOW",
                "time": "2024-06-25T07:20:02.130973-04:00",
                "price": 127.9895,
                "share": 93.16,
                "remain_portion": -1
            }
        ],
        "GOOGL": [],
        "COIN": [
            {
                "uuid": "00000000-0000-0000-0000-0000000000",
                "stock": "COIN",
                "time": "2024-06-25T07:20:02.131175-04:00",
                "price": 225.3405,
                "share": 12.04,
                "remain_portion": -1
            }
        ],
        "SMCI": [],
        "HOOD": [],
        "CRWD": [],
        "LULU": [],
        "PANW": [],
        "AMD": [
            {
                "uuid": "8b66dac4-ba8a-4dd6-9d69-d3f21ee7c72e",
                "stock": "AMD",
                "time": "2024-06-25T10:01:01.662245-04:00",
                "price": 157.05,
                "share": 3.82,
                "remain_portion": 51
            }
        ],
        "ARM": [],
        "BABA": [],
        "CELH": [
            {
                "uuid": "00000000-0000-0000-0000-0000000000",
                "stock": "CELH",
                "time": "2024-06-25T07:20:02.131105-04:00",
                "price": 59.961,
                "share": 29.98,
                "remain_portion": -1
            },
            {
                "uuid": "802672c4-4a69-452c-ba5d-c1cfaa854b5c",
                "stock": "CELH",
                "time": "2024-06-25T09:51:50.912501-04:00",
                "price": 56.25,
                "share": 10.669999999999998,
                "remain_portion": 53
            }
        ],
        "QCOM": [
            {
                "uuid": "00000000-0000-0000-0000-0000000000",
                "stock": "QCOM",
                "time": "2024-06-25T07:20:02.131366-04:00",
                "price": 213.0742,
                "share": 17.94,
                "remain_portion": -1
            }
        ],
        "AAPL": [],
        "DELL": [],
        "SHOP": [
            {
                "uuid": "00000000-0000-0000-0000-0000000000",
                "stock": "SHOP",
                "time": "2024-06-25T08:14:00.098670-04:00",
                "price": 0.58,
                "share": 63.8597,
                "remain_portion": -1
            }
        ],
        "CEG": [],
        "MU": [
            {
                "uuid": "00000000-0000-0000-0000-0000000000",
                "stock": "MU",
                "time": "2024-06-25T07:20:02.131436-04:00",
                "price": 146.4128,
                "share": 13.18,
                "remain_portion": -1
            }
        ],
        "HIMS": []
    },
    "active_pnl": {
        "TSLA": 0,
        "NVDA": 156.09,
        "META": 0,
        "MSFT": 0,
        "IBM": -1.2,
        "PLTR": 1.23,
        "BA": -1.23,
        "SNOW": -275.01,
        "GOOGL": 0,
        "COIN": -62.49,
        "SMCI": 0,
        "HOOD": 0,
        "CRWD": 0,
        "LULU": 0,
        "PANW": 0,
        "AMD": 5.92,
        "ARM": 0,
        "BABA": 0,
        "CELH": -78.13,
        "QCOM": -220.74,
        "AAPL": 0,
        "DELL": 0,
        "SHOP": 4071.69,
        "CEG": 0,
        "MU": -97.96,
        "HIMS": 0
    },
    "active_pnl_percentage": {
        "TSLA": 0,
        "NVDA": 2.69,
        "META": 0,
        "MSFT": 0,
        "IBM": -0.1,
        "PLTR": 0.05,
        "BA": -0.2,
        "SNOW": -2.32,
        "GOOGL": 0,
        "COIN": -2.33,
        "SMCI": 0,
        "HOOD": 0,
        "CRWD": 0,
        "LULU": 0,
        "PANW": 0,
        "AMD": 0.99,
        "ARM": 0,
        "BABA": 0,
        "CELH": -3.28,
        "QCOM": -5.74,
        "AAPL": 0,
        "DELL": 0,
        "SHOP": 10993.1,
        "CEG": 0,
        "MU": -5.06,
        "HIMS": 0
    }
}