{
    "time": "2024-06-18T12:35:19.662336-04:00",
    "daily_start_net_value": 82425.3281,
    "current_net_value": 82423.0278,
    "daily_pnl": -2.3003000000026077,
    "daily_pnl_percentage": -0.0,
    "remain_portion": 98,
    "positions": {
        "TSLA": 3.28,
        "NVDA": 0,
        "META": 3.61,
        "MSFT": 0,
        "IBM": 19.66,
        "PLTR": 0,
        "BA": 0,
        "SNOW": 48.69,
        "GOOGL": 6.85,
        "COIN": 0,
        "SMCI": 0,
        "HOOD": 13.0,
        "CRWD": 0,
        "LULU": 0,
        "PANW": 0,
        "C": 0,
        "AMD": 7.76,
        "ARM": 0,
        "BABA": 23.81,
        "CELH": 0,
        "QCOM": 0,
        "AAPL": 5.61,
        "DELL": 0,
        "SHOP": 27.81,
        "CEG": 0,
        "MU": 0,
        "HIMS": 0
    },
    "cash_position": 59089.71,
    "active_orders": {
        "TSLA": [
            {
                "uuid": "00000000-0000-0000-0000-0000000000",
                "stock": "TSLA",
                "time": "2024-06-18T11:34:22.836241-04:00",
                "price": 182.625,
                "share": 3.28,
                "remain_portion": -1
            }
        ],
        "NVDA": [],
        "META": [
            {
                "uuid": "00000000-0000-0000-0000-0000000000",
                "stock": "META",
                "time": "2024-06-18T11:34:22.836038-04:00",
                "price": 500.0584,
                "share": 2.4,
                "remain_portion": -1
            },
            {
                "uuid": "7025bc75-8697-4871-a45a-83663cf86f8a",
                "stock": "META",
                "time": "2024-06-18T12:31:15.704179-04:00",
                "price": 497.82,
                "share": 1.21,
                "remain_portion": 99
            }
        ],
        "MSFT": [],
        "IBM": [
            {
                "uuid": "00000000-0000-0000-0000-0000000000",
                "stock": "IBM",
                "time": "2024-06-18T11:34:22.836295-04:00",
                "price": 169.0025,
                "share": 19.66,
                "remain_portion": -1
            }
        ],
        "PLTR": [],
        "BA": [],
        "SNOW": [
            {
                "uuid": "00000000-0000-0000-0000-0000000000",
                "stock": "SNOW",
                "time": "2024-06-18T11:34:22.836374-04:00",
                "price": 130.1077,
                "share": 34.61,
                "remain_portion": -1
            },
            {
                "uuid": "79fcec77-caee-4fe8-a595-62f11d9d520d",
                "stock": "SNOW",
                "time": "2024-06-18T11:34:40.664034-04:00",
                "price": 127.95,
                "share": 4.689999999999998,
                "remain_portion": 103
            },
            {
                "uuid": "bbd3babc-fad3-49cc-bbdb-2bbcc77dae31",
                "stock": "SNOW",
                "time": "2024-06-18T11:46:58.096149-04:00",
                "price": 127.91,
                "share": 4.690000000000005,
                "remain_portion": 102
            },
            {
                "uuid": "3832be02-98af-4a08-bd04-226e372bb6b0",
                "stock": "SNOW",
                "time": "2024-06-18T12:06:04.952761-04:00",
                "price": 127.68,
                "share": 4.699999999999996,
                "remain_portion": 101
            }
        ],
        "GOOGL": [
            {
                "uuid": "00000000-0000-0000-0000-0000000000",
                "stock": "GOOGL",
                "time": "2024-06-18T11:34:22.836268-04:00",
                "price": 175.6813,
                "share": 3.42,
                "remain_portion": -1
            },
            {
                "uuid": "ad92aa28-0554-4c0b-9363-b422b2f61f2e",
                "stock": "GOOGL",
                "time": "2024-06-18T12:26:12.120869-04:00",
                "price": 174.92,
                "share": 3.4299999999999997,
                "remain_portion": 100
            }
        ],
        "COIN": [],
        "SMCI": [],
        "HOOD": [
            {
                "uuid": "00000000-0000-0000-0000-0000000000",
                "stock": "HOOD",
                "time": "2024-06-18T11:34:22.836321-04:00",
                "price": 22.18,
                "share": 13.0,
                "remain_portion": -1
            }
        ],
        "CRWD": [],
        "LULU": [],
        "PANW": [],
        "C": [],
        "AMD": [
            {
                "uuid": "00000000-0000-0000-0000-0000000000",
                "stock": "AMD",
                "time": "2024-06-18T11:34:22.836159-04:00",
                "price": 154.7642,
                "share": 7.76,
                "remain_portion": -1
            }
        ],
        "ARM": [],
        "BABA": [
            {
                "uuid": "00000000-0000-0000-0000-0000000000",
                "stock": "BABA",
                "time": "2024-06-18T11:34:22.836349-04:00",
                "price": 75.564,
                "share": 23.81,
                "remain_portion": -1
            }
        ],
        "CELH": [],
        "QCOM": [],
        "AAPL": [
            {
                "uuid": "00000000-0000-0000-0000-0000000000",
                "stock": "AAPL",
                "time": "2024-06-18T11:34:22.836204-04:00",
                "price": 214.5393,
                "share": 2.8,
                "remain_portion": -1
            },
            {
                "uuid": "456ff48b-9621-4e17-a695-834fe37a8d5b",
                "stock": "AAPL",
                "time": "2024-06-18T12:31:18.375553-04:00",
                "price": 213.38,
                "share": 2.8100000000000005,
                "remain_portion": 98
            }
        ],
        "DELL": [],
        "SHOP": [
            {
                "uuid": "00000000-0000-0000-0000-0000000000",
                "stock": "SHOP",
                "time": "2024-06-18T11:34:22.836401-04:00",
                "price": 64.7188,
                "share": 27.81,
                "remain_portion": -1
            }
        ],
        "CEG": [],
        "MU": [],
        "HIMS": []
    },
    "active_pnl": {
        "TSLA": 5.3,
        "NVDA": 0,
        "META": -5.52,
        "MSFT": 0,
        "IBM": 4.77,
        "PLTR": 0,
        "BA": 0,
        "SNOW": -90.29,
        "GOOGL": -2.88,
        "COIN": 0,
        "SMCI": 0,
        "HOOD": -2.4,
        "CRWD": 0,
        "LULU": 0,
        "PANW": 0,
        "C": 0,
        "AMD": -2.05,
        "ARM": 0,
        "BABA": -22.89,
        "CELH": 0,
        "QCOM": 0,
        "AAPL": -2.24,
        "DELL": 0,
        "SHOP": -11.75,
        "CEG": 0,
        "MU": 0,
        "HIMS": 0
    },
    "active_pnl_percentage": {
        "TSLA": 0.9,
        "NVDA": 0,
        "META": -0.31,
        "MSFT": 0,
        "IBM": 0.14,
        "PLTR": 0,
        "BA": 0,
        "SNOW": -1.43,
        "GOOGL": -0.23,
        "COIN": 0,
        "SMCI": 0,
        "HOOD": -0.83,
        "CRWD": 0,
        "LULU": 0,
        "PANW": 0,
        "C": 0,
        "AMD": -0.17,
        "ARM": 0,
        "BABA": -1.26,
        "CELH": 0,
        "QCOM": 0,
        "AAPL": -0.18,
        "DELL": 0,
        "SHOP": -0.65,
        "CEG": 0,
        "MU": 0,
        "HIMS": 0
    }
}