{
    "time": "2024-06-17T20:00:48.223754-04:00",
    "daily_start_net_value": 57396.1519,
    "current_net_value": 57457.2731,
    "daily_pnl": 61.12120000000141,
    "daily_pnl_percentage": 0.11,
    "remain_portion": 162,
    "positions": {
        "TSLA": 0,
        "NVDA": 0,
        "META": 0,
        "MSFT": 0,
        "IBM": 0,
        "PLTR": 0,
        "BA": 0,
        "SNOW": 0,
        "GOOGL": 0,
        "COIN": 0.0,
        "SMCI": 0,
        "HOOD": 13.0,
        "CRWD": 0,
        "LULU": 0,
        "PANW": 0,
        "C": 0,
        "AMD": 0,
        "ARM": 1.0,
        "BABA": 23.81,
        "CELH": 9.91
    },
    "cash_position": 48782.72,
    "active_orders": {
        "TSLA": [],
        "NVDA": [],
        "META": [],
        "MSFT": [],
        "IBM": [],
        "PLTR": [],
        "BA": [],
        "SNOW": [],
        "GOOGL": [],
        "COIN": [
            {
                "uuid": "cedb10e6-b81a-4290-bfff-f8b3353445f4",
                "stock": "COIN",
                "time": "2024-06-17T18:35:43.607443-04:00",
                "price": 244.3,
                "share": 0.0,
                "remain_portion": 163
            }
        ],
        "SMCI": [],
        "HOOD": [
            {
                "uuid": "d07378fb-fc30-4be9-a641-5551e088d7af",
                "stock": "HOOD",
                "time": "2024-06-17T16:45:49.082984-04:00",
                "price": 22.18216,
                "share": 13.0,
                "remain_portion": 164
            }
        ],
        "CRWD": [],
        "LULU": [],
        "PANW": [],
        "C": [],
        "AMD": [],
        "ARM": [
            {
                "uuid": "235e68b9-cd13-4949-8208-3ac2ae79d9da",
                "stock": "ARM",
                "time": "2024-06-17T19:31:33.900281-04:00",
                "price": 160.10000000000002,
                "share": 0.0,
                "remain_portion": 163
            },
            {
                "uuid": "71079fcb-f254-474e-89e9-d098030d3308",
                "stock": "ARM",
                "time": "2024-06-17T19:46:45.492855-04:00",
                "price": 160.18,
                "share": 1.0,
                "remain_portion": 162
            }
        ],
        "BABA": [
            {
                "uuid": "00000000-0000-0000-0000-0000000000",
                "stock": "BABA",
                "time": "2024-06-17T07:25:13.095112-04:00",
                "price": 75.564,
                "share": 23.81,
                "remain_portion": -1
            }
        ],
        "CELH": [
            {
                "uuid": "00000000-0000-0000-0000-0000000000",
                "stock": "CELH",
                "time": "2024-06-17T07:25:13.095244-04:00",
                "price": 60.5429,
                "share": 9.91,
                "remain_portion": -1
            }
        ]
    },
    "active_pnl": {
        "TSLA": 0,
        "NVDA": 0,
        "META": 0,
        "MSFT": 0,
        "IBM": 0,
        "PLTR": 0,
        "BA": 0,
        "SNOW": 0,
        "GOOGL": 0,
        "COIN": 0.0,
        "SMCI": 0,
        "HOOD": 0.75,
        "CRWD": 0,
        "LULU": 0,
        "PANW": 0,
        "C": 0,
        "AMD": 0,
        "ARM": 0.12,
        "BABA": -22.96,
        "CELH": -13.41
    },
    "active_pnl_percentage": {
        "TSLA": 0,
        "NVDA": 0,
        "META": 0,
        "MSFT": 0,
        "IBM": 0,
        "PLTR": 0,
        "BA": 0,
        "SNOW": 0,
        "GOOGL": 0,
        "COIN": 0,
        "SMCI": 0,
        "HOOD": 0.26,
        "CRWD": 0,
        "LULU": 0,
        "PANW": 0,
        "C": 0,
        "AMD": 0,
        "ARM": 0.07,
        "BABA": -1.28,
        "CELH": -2.23
    }
}