{
    "time": "2024-06-14T12:31:47.357216-04:00",
    "daily_start_net_value": 57419.9524,
    "current_net_value": 57396.3124,
    "daily_pnl": -23.639999999999418,
    "daily_pnl_percentage": -0.04,
    "remain_portion": 173,
    "positions": {
        "TSLA": 0,
        "NVDA": 0,
        "META": 0,
        "MSFT": 0,
        "IBM": 0,
        "PLTR": 0,
        "BA": 1.69,
        "SNOW": 5.49,
        "GOOGL": 0,
        "COIN": 0,
        "SMCI": 0,
        "HOOD": 13.19,
        "CRWD": 0,
        "LULU": 1.9345,
        "PANW": 0.9479,
        "C": 0,
        "AMD": 0,
        "ARM": 1.92,
        "BABA": 19.72,
        "CELH": 0
    },
    "cash_position": 51997.76,
    "active_orders": {
        "TSLA": [],
        "NVDA": [],
        "META": [],
        "MSFT": [],
        "IBM": [],
        "PLTR": [],
        "BA": [
            {
                "uuid": "ed439d09-3abf-4453-9ba9-6aefe14a3e81",
                "stock": "BA",
                "time": "2024-06-14T10:20:46.571780-04:00",
                "price": 177.78,
                "share": 1.69,
                "remain_portion": 178
            },
            {
                "uuid": "d2f4f102-8f44-4cf2-88d8-7b149547846f",
                "stock": "BA",
                "time": "2024-06-14T10:36:02.402597-04:00",
                "price": 177.1,
                "share": 1.0,
                "remain_portion": 178
            }
        ],
        "SNOW": [
            {
                "uuid": "00000000-0000-0000-0000-0000000000",
                "stock": "SNOW",
                "time": "2024-06-14T09:08:33.899452-04:00",
                "price": 127.8251,
                "share": 4.69,
                "remain_portion": -1
            },
            {
                "uuid": "072867d5-cadd-4100-bb0c-d1c1d4ac5ccb",
                "stock": "SNOW",
                "time": "2024-06-14T10:25:50.118472-04:00",
                "price": 125.05,
                "share": 0.39999999999999947,
                "remain_portion": 178
            },
            {
                "uuid": "9ab5bc94-0372-4abc-86a2-2ee51788846c",
                "stock": "SNOW",
                "time": "2024-06-14T10:41:06.120449-04:00",
                "price": 124.96,
                "share": 2.4000000000000004,
                "remain_portion": 177
            }
        ],
        "GOOGL": [],
        "COIN": [],
        "SMCI": [],
        "HOOD": [
            {
                "uuid": "dac01e9b-8619-4439-842b-17d3c7df3c07",
                "stock": "HOOD",
                "time": "2024-06-14T11:41:25.603917-04:00",
                "price": 22.75,
                "share": 13.19,
                "remain_portion": 176
            }
        ],
        "CRWD": [],
        "LULU": [
            {
                "uuid": "00000000-0000-0000-0000-0000000000",
                "stock": "LULU",
                "time": "2024-06-14T09:08:33.899380-04:00",
                "price": 310.1008,
                "share": 1.9345,
                "remain_portion": -1
            },
            {
                "uuid": "9266b97d-8850-469b-9943-0680ff8b5540",
                "stock": "LULU",
                "time": "2024-06-14T09:30:23.208214-04:00",
                "price": 305.46,
                "share": 0.0,
                "remain_portion": 180
            }
        ],
        "PANW": [
            {
                "uuid": "ed4a037d-d9e1-4e64-8fae-42e7310cde9f",
                "stock": "PANW",
                "time": "2024-06-14T12:25:41.604081-04:00",
                "price": 316.5,
                "share": 0.9479,
                "remain_portion": 173
            }
        ],
        "C": [],
        "AMD": [],
        "ARM": [
            {
                "uuid": "5fdf8805-ace5-4e95-8564-d000616982ab",
                "stock": "ARM",
                "time": "2024-06-14T11:46:29.409112-04:00",
                "price": 156.4,
                "share": 1.92,
                "remain_portion": 175
            }
        ],
        "BABA": [
            {
                "uuid": "00000000-0000-0000-0000-0000000000",
                "stock": "BABA",
                "time": "2024-06-14T09:08:33.899328-04:00",
                "price": 76.5044,
                "share": 15.68,
                "remain_portion": -1
            },
            {
                "uuid": "c2af0c89-1ac4-424d-8d4d-4c5a0468681a",
                "stock": "BABA",
                "time": "2024-06-14T09:30:32.928939-04:00",
                "price": 74.27,
                "share": 0.0,
                "remain_portion": 179
            },
            {
                "uuid": "d1504fba-c5e3-4d6d-b4e5-9c3c215f00fd",
                "stock": "BABA",
                "time": "2024-06-14T12:06:34.994894-04:00",
                "price": 73.34,
                "share": 8.129999999999999,
                "remain_portion": 174
            }
        ],
        "CELH": []
    },
    "active_pnl": {
        "TSLA": 0,
        "NVDA": 0,
        "META": 0,
        "MSFT": 0,
        "IBM": 0,
        "PLTR": 0,
        "BA": 0.03,
        "SNOW": 11.09,
        "GOOGL": 0,
        "COIN": 0,
        "SMCI": 0,
        "HOOD": -1.98,
        "CRWD": 0,
        "LULU": -9.87,
        "PANW": -0.62,
        "C": 0,
        "AMD": 0,
        "ARM": -1.93,
        "BABA": -46.57,
        "CELH": 0
    },
    "active_pnl_percentage": {
        "TSLA": 0,
        "NVDA": 0,
        "META": 0,
        "MSFT": 0,
        "IBM": 0,
        "PLTR": 0,
        "BA": 0.01,
        "SNOW": 1.16,
        "GOOGL": 0,
        "COIN": 0,
        "SMCI": 0,
        "HOOD": -0.66,
        "CRWD": 0,
        "LULU": -1.64,
        "PANW": -0.21,
        "C": 0,
        "AMD": 0,
        "ARM": -0.67,
        "BABA": -2.6,
        "CELH": 0
    }
}