{
    "time": "2024-06-26T19:37:57.682786-04:00",
    "daily_start_net_value": 82593.4952,
    "current_net_value": 82818.1506,
    "daily_pnl": 224.65539999998873,
    "daily_pnl_percentage": 0.27,
    "remain_portion": 28,
    "positions": {
        "TSLA": 6.0,
        "NVDA": 0.89,
        "META": 0,
        "MSFT": 0,
        "IBM": 19.91,
        "PLTR": 148.98,
        "BA": 0,
        "SNOW": 0,
        "GOOGL": 0,
        "COIN": 14.85,
        "SMCI": 0,
        "HOOD": 0.0,
        "CRWD": 5.13,
        "LULU": 2.82,
        "PANW": 0,
        "AMD": 12.2,
        "ARM": 3.0,
        "BABA": 16.37,
        "CELH": 102.31,
        "QCOM": 25.03,
        "AAPL": 4.0,
        "DELL": 12.73,
        "SHOP": 18.0,
        "CEG": 2.86,
        "MU": 13.18,
        "HIMS": 164.3
    },
    "cash_position": 17251.42,
    "active_orders": {
        "TSLA": [
            {
                "uuid": "73ae1348-f786-45bf-9061-1e93154a217b",
                "stock": "TSLA",
                "time": "2024-06-26T18:41:35.063582-04:00",
                "price": 194.37,
                "share": 3.0,
                "remain_portion": 39
            },
            {
                "uuid": "2020fc4a-8922-409d-b1d0-fac0ddef55e8",
                "stock": "TSLA",
                "time": "2024-06-26T18:56:52.127481-04:00",
                "price": 194.61,
                "share": 3.0,
                "remain_portion": 36
            }
        ],
        "NVDA": [
            {
                "uuid": "00000000-0000-0000-0000-0000000000",
                "stock": "NVDA",
                "time": "2024-06-26T16:14:58.369319-04:00",
                "price": 0.89,
                "share": 123.6839,
                "remain_portion": -1
            }
        ],
        "META": [],
        "MSFT": [],
        "IBM": [
            {
                "uuid": "00000000-0000-0000-0000-0000000000",
                "stock": "IBM",
                "time": "2024-06-26T07:14:06.576637-04:00",
                "price": 172.6355,
                "share": 13.91,
                "remain_portion": -1
            },
            {
                "uuid": "1897b170-37c9-47e3-a5fd-9200e035887f",
                "stock": "IBM",
                "time": "2024-06-26T07:40:37.363856-04:00",
                "price": 172.44,
                "share": 0.0,
                "remain_portion": 84
            },
            {
                "uuid": "26a50649-90ef-402c-98a5-08ed02c78b0f",
                "stock": "IBM",
                "time": "2024-06-26T08:32:01.401507-04:00",
                "price": 172.10000000000002,
                "share": 3.0,
                "remain_portion": 80
            },
            {
                "uuid": "7f416ee0-8628-4b24-bca7-906fc64cf16b",
                "stock": "IBM",
                "time": "2024-06-26T18:56:54.695810-04:00",
                "price": 171.55,
                "share": 3.0,
                "remain_portion": 36
            }
        ],
        "PLTR": [
            {
                "uuid": "cf42ee93-ea08-4816-b59d-355d68fa88bc",
                "stock": "PLTR",
                "time": "2024-06-26T12:25:36.831608-04:00",
                "price": 24.32,
                "share": 24.67,
                "remain_portion": 52
            },
            {
                "uuid": "b065b392-6ef5-4787-bb83-91dd8d9e033c",
                "stock": "PLTR",
                "time": "2024-06-26T12:40:52.287486-04:00",
                "price": 24.27,
                "share": 24.72,
                "remain_portion": 51
            },
            {
                "uuid": "75653913-c530-4b16-933e-2429001f2de6",
                "stock": "PLTR",
                "time": "2024-06-26T12:56:01.936752-04:00",
                "price": 24.16,
                "share": 24.83,
                "remain_portion": 49
            },
            {
                "uuid": "29459a02-4782-4553-9ee0-05c37f2c1a8b",
                "stock": "PLTR",
                "time": "2024-06-26T13:10:08.203093-04:00",
                "price": 24.09,
                "share": 24.909999999999997,
                "remain_portion": 48
            },
            {
                "uuid": "5833a60e-a466-4dfb-87dd-6d987b3c71eb",
                "stock": "PLTR",
                "time": "2024-06-26T13:26:15.422196-04:00",
                "price": 24.08,
                "share": 24.92,
                "remain_portion": 47
            },
            {
                "uuid": "902a9856-0338-47f2-9e0b-086d7010cf41",
                "stock": "PLTR",
                "time": "2024-06-26T15:30:17.111652-04:00",
                "price": 24.07,
                "share": 24.929999999999993,
                "remain_portion": 44
            }
        ],
        "BA": [],
        "SNOW": [],
        "GOOGL": [],
        "COIN": [
            {
                "uuid": "00000000-0000-0000-0000-0000000000",
                "stock": "COIN",
                "time": "2024-06-26T07:14:06.576822-04:00",
                "price": 225.3405,
                "share": 12.04,
                "remain_portion": -1
            },
            {
                "uuid": "2a4ac171-2d75-4f30-ba6d-c1bc43d10aec",
                "stock": "COIN",
                "time": "2024-06-26T15:16:10.552834-04:00",
                "price": 213.2,
                "share": 2.8100000000000005,
                "remain_portion": 45
            }
        ],
        "SMCI": [],
        "HOOD": [
            {
                "uuid": "65ce6f4b-c91d-4fd6-b139-9a3dd02d12cc",
                "stock": "HOOD",
                "time": "2024-06-26T19:36:42.076447-04:00",
                "price": 22.27225,
                "share": 0.0,
                "remain_portion": 30
            }
        ],
        "CRWD": [
            {
                "uuid": "6f6aa135-31db-4c62-97e6-0f02e4d1802e",
                "stock": "CRWD",
                "time": "2024-06-26T09:36:18.419079-04:00",
                "price": 384.69,
                "share": 1.56,
                "remain_portion": 64
            },
            {
                "uuid": "9453a6ec-1adf-461f-acca-67d97cbdad23",
                "stock": "CRWD",
                "time": "2024-06-26T12:45:56.291964-04:00",
                "price": 381.68,
                "share": 1.5699999999999998,
                "remain_portion": 50
            },
            {
                "uuid": "b0f3f8c3-8814-4c00-86da-e610bebfa0ff",
                "stock": "CRWD",
                "time": "2024-06-26T16:36:08.231144-04:00",
                "price": 379.55,
                "share": 1.0,
                "remain_portion": 43
            },
            {
                "uuid": "0c791794-786b-4f0d-a726-415fb1ccdada",
                "stock": "CRWD",
                "time": "2024-06-26T16:51:29.903534-04:00",
                "price": 379.55,
                "share": 1.0,
                "remain_portion": 41
            },
            {
                "uuid": "5384c047-ce9f-4a1a-a9a9-939b289675f8",
                "stock": "CRWD",
                "time": "2024-06-26T17:56:09.587649-04:00",
                "price": 379.3,
                "share": 0.0,
                "remain_portion": 40
            }
        ],
        "LULU": [
            {
                "uuid": "00000000-0000-0000-0000-0000000000",
                "stock": "LULU",
                "time": "2024-06-26T08:15:46.782216-04:00",
                "price": 0.82,
                "share": 309.7577,
                "remain_portion": -1
            },
            {
                "uuid": "671638fa-f104-4ea0-abcd-02c08c3f4238",
                "stock": "LULU",
                "time": "2024-06-26T08:55:46.983905-04:00",
                "price": 309.06,
                "share": 0.0,
                "remain_portion": 75
            },
            {
                "uuid": "e96a2dfa-4da1-4ba4-a651-24dc2bfb1ebf",
                "stock": "LULU",
                "time": "2024-06-26T16:26:03.526616-04:00",
                "price": 304.86,
                "share": 2.0,
                "remain_portion": 44
            }
        ],
        "PANW": [],
        "AMD": [
            {
                "uuid": "00000000-0000-0000-0000-0000000000",
                "stock": "AMD",
                "time": "2024-06-26T07:14:06.576492-04:00",
                "price": 157.0288,
                "share": 0.82,
                "remain_portion": -1
            },
            {
                "uuid": "290c3cde-bd59-41e8-abee-2bc6da212853",
                "stock": "AMD",
                "time": "2024-06-26T10:47:29.388752-04:00",
                "price": 158.62,
                "share": 3.78,
                "remain_portion": 58
            },
            {
                "uuid": "f170296e-688c-4e89-8f29-4fa366e63282",
                "stock": "AMD",
                "time": "2024-06-26T11:15:57.650582-04:00",
                "price": 157.16,
                "share": 3.780000000000001,
                "remain_portion": 55
            },
            {
                "uuid": "d9a74cdb-d3e1-4e89-90ba-e8779c400a92",
                "stock": "AMD",
                "time": "2024-06-26T16:36:10.133336-04:00",
                "price": 156.27,
                "share": 6.8199999999999985,
                "remain_portion": 42
            }
        ],
        "ARM": [
            {
                "uuid": "1ef5ca04-30a9-43fc-ad25-674caece3654",
                "stock": "ARM",
                "time": "2024-06-26T16:41:24.256482-04:00",
                "price": 162.23000000000002,
                "share": 3.0,
                "remain_portion": 41
            },
            {
                "uuid": "b8a9e958-ed10-4339-9753-5459f11e9b07",
                "stock": "ARM",
                "time": "2024-06-26T18:57:06.703487-04:00",
                "price": 161.86010000000002,
                "share": 0.0,
                "remain_portion": 35
            }
        ],
        "BABA": [
            {
                "uuid": "00000000-0000-0000-0000-0000000000",
                "stock": "BABA",
                "time": "2024-06-26T08:14:07.026012-04:00",
                "price": 0.37,
                "share": 73.8667,
                "remain_portion": -1
            },
            {
                "uuid": "5ce5cd69-9a79-4ab5-aa26-e9d179cff83b",
                "stock": "BABA",
                "time": "2024-06-26T08:50:34.244991-04:00",
                "price": 74.39999999999999,
                "share": 7.999999999999999,
                "remain_portion": 75
            },
            {
                "uuid": "3a2bb5ae-e647-4272-a2f7-a0964baf229b",
                "stock": "BABA",
                "time": "2024-06-26T09:11:02.472456-04:00",
                "price": 74.32,
                "share": 8.000000000000002,
                "remain_portion": 70
            }
        ],
        "CELH": [
            {
                "uuid": "00000000-0000-0000-0000-0000000000",
                "stock": "CELH",
                "time": "2024-06-26T07:14:06.576785-04:00",
                "price": 57.7174,
                "share": 62.31,
                "remain_portion": -1
            },
            {
                "uuid": "172068fd-e81e-489a-9f48-75ba096f2878",
                "stock": "CELH",
                "time": "2024-06-26T07:35:25.048636-04:00",
                "price": 55.739999999999995,
                "share": 10.0,
                "remain_portion": 85
            },
            {
                "uuid": "e62bfd8d-14ea-4e4a-ab2f-07e8547f2ddb",
                "stock": "CELH",
                "time": "2024-06-26T07:55:54.893961-04:00",
                "price": 55.55,
                "share": 10.0,
                "remain_portion": 82
            },
            {
                "uuid": "e7542556-461a-4bf5-87e8-cf5bebcd7138",
                "stock": "CELH",
                "time": "2024-06-26T09:00:50.902992-04:00",
                "price": 55.199999999999996,
                "share": 10.0,
                "remain_portion": 74
            },
            {
                "uuid": "100b5ce5-85c4-4228-a078-6ffd43654603",
                "stock": "CELH",
                "time": "2024-06-26T09:21:33.165053-04:00",
                "price": 55.0503,
                "share": 0.0,
                "remain_portion": 68
            },
            {
                "uuid": "af899173-d896-4adf-a00e-2f3c23728e5e",
                "stock": "CELH",
                "time": "2024-06-26T09:36:23.562304-04:00",
                "price": 52.58,
                "share": 10.0,
                "remain_portion": 63
            }
        ],
        "QCOM": [
            {
                "uuid": "00000000-0000-0000-0000-0000000000",
                "stock": "QCOM",
                "time": "2024-06-26T07:14:06.576892-04:00",
                "price": 213.0742,
                "share": 17.94,
                "remain_portion": -1
            },
            {
                "uuid": "e70038dc-b108-4aef-8859-dac2ba5e963f",
                "stock": "QCOM",
                "time": "2024-06-26T08:40:25.628766-04:00",
                "price": 201.08,
                "share": 0.0,
                "remain_portion": 77
            },
            {
                "uuid": "3471e5e0-1182-4959-afe4-c46dbe9c06ec",
                "stock": "QCOM",
                "time": "2024-06-26T09:05:53.944413-04:00",
                "price": 201.02,
                "share": 2.0,
                "remain_portion": 73
            },
            {
                "uuid": "e6b489de-1521-4c28-ba96-2da4cfdf1cdd",
                "stock": "QCOM",
                "time": "2024-06-26T10:30:51.543286-04:00",
                "price": 198.49,
                "share": 2.0,
                "remain_portion": 61
            },
            {
                "uuid": "a09e54b3-cc14-48db-8901-ea062aaa01a6",
                "stock": "QCOM",
                "time": "2024-06-26T10:46:26.851401-04:00",
                "price": 198.11,
                "share": 3.0299999999999976,
                "remain_portion": 59
            },
            {
                "uuid": "3531378d-577f-48b0-9ab9-4e24f97ce239",
                "stock": "QCOM",
                "time": "2024-06-26T11:11:54.381607-04:00",
                "price": 196.31,
                "share": 3.0600000000000023,
                "remain_portion": 56
            }
        ],
        "AAPL": [
            {
                "uuid": "63d994de-77a0-483b-a8dc-ebbd4f127cfa",
                "stock": "AAPL",
                "time": "2024-06-26T18:41:41.169088-04:00",
                "price": 212.83,
                "share": 2.0,
                "remain_portion": 38
            },
            {
                "uuid": "22daee12-26b3-451d-859c-aa8c652ac35d",
                "stock": "AAPL",
                "time": "2024-06-26T19:06:12.399436-04:00",
                "price": 212.9,
                "share": 2.0,
                "remain_portion": 34
            }
        ],
        "DELL": [
            {
                "uuid": "9ae1c477-f9d7-4d7a-97dd-6c32d6500b63",
                "stock": "DELL",
                "time": "2024-06-26T09:11:05.204573-04:00",
                "price": 139.51000000000002,
                "share": 4.0,
                "remain_portion": 70
            },
            {
                "uuid": "f22487be-4e27-4bff-8cdc-da687ef93fb8",
                "stock": "DELL",
                "time": "2024-06-26T09:25:57.213067-04:00",
                "price": 138.87,
                "share": 0.0,
                "remain_portion": 66
            },
            {
                "uuid": "1e41bc27-3108-44af-a2fe-ccb8ddd04c3f",
                "stock": "DELL",
                "time": "2024-06-26T09:41:29.744697-04:00",
                "price": 139.15,
                "share": 4.0,
                "remain_portion": 61
            },
            {
                "uuid": "357eefea-a76b-443f-856e-9f8c29e93890",
                "stock": "DELL",
                "time": "2024-06-26T12:20:32.587945-04:00",
                "price": 135.86,
                "share": 4.3100000000000005,
                "remain_portion": 52
            },
            {
                "uuid": "a55714dd-20c1-4e08-ae25-382867e91d1c",
                "stock": "DELL",
                "time": "2024-06-26T19:36:44.270397-04:00",
                "price": 136.81130000000002,
                "share": 0.41999999999999993,
                "remain_portion": 29
            }
        ],
        "SHOP": [
            {
                "uuid": "24fa3248-4e2c-4b78-be9c-4f7f1ff2a959",
                "stock": "SHOP",
                "time": "2024-06-26T18:51:47.322686-04:00",
                "price": 65.14999999999999,
                "share": 9.0,
                "remain_portion": 37
            },
            {
                "uuid": "2860040b-5e2d-4015-aa30-17d8d50dc7c2",
                "stock": "SHOP",
                "time": "2024-06-26T19:06:15.251411-04:00",
                "price": 65.14999999999999,
                "share": 9.0,
                "remain_portion": 33
            }
        ],
        "CEG": [
            {
                "uuid": "3568316d-05d5-4fff-b1e0-b7d1dec22083",
                "stock": "CEG",
                "time": "2024-06-26T14:15:40.394664-04:00",
                "price": 209.62,
                "share": 2.86,
                "remain_portion": 46
            }
        ],
        "MU": [
            {
                "uuid": "00000000-0000-0000-0000-0000000000",
                "stock": "MU",
                "time": "2024-06-26T07:14:06.576937-04:00",
                "price": 146.4128,
                "share": 13.18,
                "remain_portion": -1
            }
        ],
        "HIMS": [
            {
                "uuid": "c1ac8388-133d-4e7c-8145-4b23f9bd9139",
                "stock": "HIMS",
                "time": "2024-06-26T09:05:56.442478-04:00",
                "price": 23.043820800000002,
                "share": 26.0,
                "remain_portion": 72
            },
            {
                "uuid": "452f688e-3e51-4d21-8c69-e77642d1e600",
                "stock": "HIMS",
                "time": "2024-06-26T09:21:44.670993-04:00",
                "price": 22.9229,
                "share": 0.0,
                "remain_portion": 67
            },
            {
                "uuid": "37dcff00-2c99-4623-850b-6bcebda4c9d2",
                "stock": "HIMS",
                "time": "2024-06-26T12:01:20.835476-04:00",
                "price": 21.52,
                "share": 26.0,
                "remain_portion": 54
            },
            {
                "uuid": "87910857-c9c4-4fc2-a687-5dec33da7438",
                "stock": "HIMS",
                "time": "2024-06-26T12:15:28.904755-04:00",
                "price": 21.11,
                "share": 27.879999999999995,
                "remain_portion": 53
            },
            {
                "uuid": "527e4d6b-a0b5-4c15-8086-db6b46d9f5c0",
                "stock": "HIMS",
                "time": "2024-06-26T19:06:17.090018-04:00",
                "price": 21.3213,
                "share": 28.42,
                "remain_portion": 32
            },
            {
                "uuid": "292770a2-f230-45b2-b6f8-768ba2da0a9b",
                "stock": "HIMS",
                "time": "2024-06-26T19:20:23.863790-04:00",
                "price": 21.3213,
                "share": 56.000000000000014,
                "remain_portion": 31
            },
            {
                "uuid": "82fed2b5-d721-4aeb-acf0-8c41e16795af",
                "stock": "HIMS",
                "time": "2024-06-26T19:36:56.614752-04:00",
                "price": 21.3213,
                "share": 0.0,
                "remain_portion": 28
            }
        ]
    },
    "active_pnl": {
        "TSLA": 2.94,
        "NVDA": 15203.22,
        "META": 0,
        "MSFT": 0,
        "IBM": -11.17,
        "PLTR": -27.52,
        "BA": 0,
        "SNOW": 0,
        "GOOGL": 0,
        "COIN": -129.69,
        "SMCI": 0,
        "HOOD": 0.0,
        "CRWD": -12.9,
        "LULU": 94156.91,
        "PANW": 0,
        "AMD": -14.85,
        "ARM": -0.21,
        "BABA": 5436.64,
        "CELH": -21.9,
        "QCOM": -332.04,
        "AAPL": 0.18,
        "DELL": -16.69,
        "SHOP": 0.72,
        "CEG": -0.34,
        "MU": -202.61,
        "HIMS": -47.56
    },
    "active_pnl_percentage": {
        "TSLA": 0.25,
        "NVDA": 13810.12,
        "META": 0,
        "MSFT": 0,
        "IBM": -0.33,
        "PLTR": -0.76,
        "BA": 0,
        "SNOW": 0,
        "GOOGL": 0,
        "COIN": -3.92,
        "SMCI": 0,
        "HOOD": 0,
        "CRWD": -0.66,
        "LULU": 10901.31,
        "PANW": 0,
        "AMD": -0.62,
        "ARM": -0.04,
        "BABA": 446.69,
        "CELH": -0.38,
        "QCOM": -5.7,
        "AAPL": 0.02,
        "DELL": -0.95,
        "SHOP": 0.06,
        "CEG": -0.06,
        "MU": -10.55,
        "HIMS": -1.34
    }
}