{
    "time": "2024-06-20T19:19:31.981699-04:00",
    "daily_start_net_value": 82301.6289,
    "current_net_value": 82346.6333,
    "daily_pnl": 45.00440000000526,
    "daily_pnl_percentage": 0.05,
    "remain_portion": 64,
    "positions": {
        "TSLA": 0.33,
        "NVDA": 4.43,
        "META": 0,
        "MSFT": 0,
        "IBM": 0,
        "PLTR": 47.49,
        "BA": 0,
        "SNOW": 67.58,
        "GOOGL": 0.43,
        "COIN": 4.52,
        "SMCI": 0,
        "HOOD": 41.01,
        "CRWD": 0,
        "LULU": 1.93,
        "PANW": 4.85,
        "AMD": 0,
        "ARM": 3.67,
        "BABA": 24.96,
        "CELH": 9.76,
        "QCOM": 8.14,
        "AAPL": 8.55,
        "DELL": 0.12,
        "SHOP": 36.81,
        "CEG": 0,
        "MU": 13.18,
        "HIMS": 153.98
    },
    "cash_position": 38838.94,
    "active_orders": {
        "TSLA": [
            {
                "uuid": "00000000-0000-0000-0000-0000000000",
                "stock": "TSLA",
                "time": "2024-06-20T16:05:22.720038-04:00",
                "price": 0.33,
                "share": 180.1892,
                "remain_portion": -1
            }
        ],
        "NVDA": [
            {
                "uuid": "2a621198-772b-47a8-8e91-a520b55c04c1",
                "stock": "NVDA",
                "time": "2024-06-20T12:26:29.543935-04:00",
                "price": 135.21,
                "share": 4.43,
                "remain_portion": 78
            }
        ],
        "META": [],
        "MSFT": [],
        "IBM": [],
        "PLTR": [
            {
                "uuid": "7c8759f7-43c3-4d23-8ae0-9b0eb4c3748f",
                "stock": "PLTR",
                "time": "2024-06-20T13:35:13.069344-04:00",
                "price": 25.24,
                "share": 23.77,
                "remain_portion": 72
            },
            {
                "uuid": "376ec9f1-f84c-47f8-b6d7-a16b5cdf76cc",
                "stock": "PLTR",
                "time": "2024-06-20T13:50:28.127099-04:00",
                "price": 25.3,
                "share": 23.720000000000002,
                "remain_portion": 68
            }
        ],
        "BA": [],
        "SNOW": [
            {
                "uuid": "00000000-0000-0000-0000-0000000000",
                "stock": "SNOW",
                "time": "2024-06-20T07:14:33.999883-04:00",
                "price": 128.7756,
                "share": 67.58,
                "remain_portion": -1
            }
        ],
        "GOOGL": [
            {
                "uuid": "00000000-0000-0000-0000-0000000000",
                "stock": "GOOGL",
                "time": "2024-06-20T16:10:19.363506-04:00",
                "price": 0.43,
                "share": 175.1108,
                "remain_portion": -1
            }
        ],
        "COIN": [
            {
                "uuid": "00000000-0000-0000-0000-0000000000",
                "stock": "COIN",
                "time": "2024-06-20T07:14:33.999994-04:00",
                "price": 236.19,
                "share": 2.0,
                "remain_portion": -1
            },
            {
                "uuid": "9fa1fca6-bd03-42fa-838b-f2008d325f19",
                "stock": "COIN",
                "time": "2024-06-20T09:36:45.667591-04:00",
                "price": 238.11,
                "share": 2.5199999999999996,
                "remain_portion": 90
            }
        ],
        "SMCI": [],
        "HOOD": [
            {
                "uuid": "00000000-0000-0000-0000-0000000000",
                "stock": "HOOD",
                "time": "2024-06-20T07:14:33.999792-04:00",
                "price": 22.18,
                "share": 13.0,
                "remain_portion": -1
            },
            {
                "uuid": "3962a388-3eca-4aac-ad84-5841efd5ff45",
                "stock": "HOOD",
                "time": "2024-06-20T10:16:20.320960-04:00",
                "price": 21.42,
                "share": 28.009999999999998,
                "remain_portion": 86
            }
        ],
        "CRWD": [],
        "LULU": [],
        "PANW": [
            {
                "uuid": "00000000-0000-0000-0000-0000000000",
                "stock": "PANW",
                "time": "2024-06-20T07:14:33.999928-04:00",
                "price": 316.88,
                "share": 1.0,
                "remain_portion": -1
            },
            {
                "uuid": "49f3c8c2-9b09-45f5-848f-e25ec16ad232",
                "stock": "PANW",
                "time": "2024-06-20T10:16:23.431209-04:00",
                "price": 312.27,
                "share": 1.92,
                "remain_portion": 85
            },
            {
                "uuid": "68dd6e5b-6a78-4da1-b5ca-66daf41e9d93",
                "stock": "PANW",
                "time": "2024-06-20T15:00:58.282667-04:00",
                "price": 310.24,
                "share": 1.9299999999999997,
                "remain_portion": 66
            }
        ],
        "AMD": [],
        "ARM": [
            {
                "uuid": "4e4463ed-8683-4029-9670-09fcb465751a",
                "stock": "ARM",
                "time": "2024-06-20T12:31:33.029616-04:00",
                "price": 163.38,
                "share": 3.67,
                "remain_portion": 77
            }
        ],
        "BABA": [
            {
                "uuid": "00000000-0000-0000-0000-0000000000",
                "stock": "BABA",
                "time": "2024-06-20T08:17:34.937677-04:00",
                "price": 0.81,
                "share": 75.2889,
                "remain_portion": -1
            },
            {
                "uuid": "5cd1d5f9-c174-4ab3-a2e9-026eba3cf2fd",
                "stock": "BABA",
                "time": "2024-06-20T09:21:22.744142-04:00",
                "price": 74.96,
                "share": 8.0,
                "remain_portion": 94
            },
            {
                "uuid": "32643ff9-558a-4642-8a7f-fa276257e013",
                "stock": "BABA",
                "time": "2024-06-20T11:41:12.232168-04:00",
                "price": 74.32,
                "share": 8.069999999999999,
                "remain_portion": 81
            },
            {
                "uuid": "92eb1891-49b2-4ca0-a660-ec1455876296",
                "stock": "BABA",
                "time": "2024-06-20T12:11:20.763805-04:00",
                "price": 74.24,
                "share": 8.080000000000002,
                "remain_portion": 80
            }
        ],
        "CELH": [],
        "QCOM": [
            {
                "uuid": "00000000-0000-0000-0000-0000000000",
                "stock": "QCOM",
                "time": "2024-06-20T07:14:34.000076-04:00",
                "price": 227.7567,
                "share": 2.63,
                "remain_portion": -1
            },
            {
                "uuid": "bc8269dd-6e39-4190-8e51-7e5fce639487",
                "stock": "QCOM",
                "time": "2024-06-20T09:21:25.260157-04:00",
                "price": 225.55,
                "share": 2.0,
                "remain_portion": 93
            },
            {
                "uuid": "1b7f402e-1d95-45b7-bda8-d1debba15447",
                "stock": "QCOM",
                "time": "2024-06-20T09:36:48.123290-04:00",
                "price": 221.86,
                "share": 0.7000000000000002,
                "remain_portion": 90
            },
            {
                "uuid": "c90c3de6-fe3a-4bd5-8687-87fb5aafa4f1",
                "stock": "QCOM",
                "time": "2024-06-20T13:40:20.497455-04:00",
                "price": 213.15,
                "share": 2.8100000000000005,
                "remain_portion": 70
            }
        ],
        "AAPL": [
            {
                "uuid": "512f0c94-742e-4f97-86f8-8fbc0f221285",
                "stock": "AAPL",
                "time": "2024-06-20T10:30:28.808648-04:00",
                "price": 211.64,
                "share": 2.84,
                "remain_portion": 84
            },
            {
                "uuid": "f2158f31-20ff-4507-a383-798458052494",
                "stock": "AAPL",
                "time": "2024-06-20T10:45:47.013412-04:00",
                "price": 210.89,
                "share": 2.8500000000000005,
                "remain_portion": 83
            },
            {
                "uuid": "433f3501-c63c-430a-a859-a17790e542ad",
                "stock": "AAPL",
                "time": "2024-06-20T11:36:08.647900-04:00",
                "price": 209.8,
                "share": 2.8600000000000003,
                "remain_portion": 82
            }
        ],
        "DELL": [
            {
                "uuid": "00288ced-103a-4d92-b34f-210c5f78cf2f",
                "stock": "DELL",
                "time": "2024-06-20T13:40:22.867960-04:00",
                "price": 145.7,
                "share": 4.12,
                "remain_portion": 69
            }
        ],
        "SHOP": [
            {
                "uuid": "00000000-0000-0000-0000-0000000000",
                "stock": "SHOP",
                "time": "2024-06-20T07:14:34.000031-04:00",
                "price": 64.7188,
                "share": 27.81,
                "remain_portion": -1
            },
            {
                "uuid": "e7e09d7b-fd2e-4109-b5b2-1e876c620d26",
                "stock": "SHOP",
                "time": "2024-06-20T09:21:27.748699-04:00",
                "price": 64.1793,
                "share": 9.000000000000004,
                "remain_portion": 92
            }
        ],
        "CEG": [],
        "MU": [
            {
                "uuid": "00000000-0000-0000-0000-0000000000",
                "stock": "MU",
                "time": "2024-06-20T07:14:34.000184-04:00",
                "price": 152.7455,
                "share": 0.86,
                "remain_portion": -1
            },
            {
                "uuid": "312e2f4d-0827-4199-9d4f-455449bdbe8a",
                "stock": "MU",
                "time": "2024-06-20T12:21:25.666451-04:00",
                "price": 147.79,
                "share": 4.06,
                "remain_portion": 79
            }
        ],
        "HIMS": [
            {
                "uuid": "7dcb29ce-ca14-4c63-ac61-63ec5a31ec7e",
                "stock": "HIMS",
                "time": "2024-06-20T09:01:52.330446-04:00",
                "price": 24.89487,
                "share": 24.0,
                "remain_portion": 97
            },
            {
                "uuid": "37da7ab2-5e22-4906-965f-b3e03f264d7e",
                "stock": "HIMS",
                "time": "2024-06-20T09:16:19.221442-04:00",
                "price": 24.8249001,
                "share": 0.0,
                "remain_portion": 95
            },
            {
                "uuid": "dd005833-238e-4197-b814-4245061c5bcf",
                "stock": "HIMS",
                "time": "2024-06-20T09:36:50.099796-04:00",
                "price": 23.43,
                "share": 24.0,
                "remain_portion": 89
            },
            {
                "uuid": "c77f85d0-e1b8-4988-a87b-02665abda494",
                "stock": "HIMS",
                "time": "2024-06-20T10:06:05.979739-04:00",
                "price": 22.84,
                "share": 25.930000000000007,
                "remain_portion": 88
            },
            {
                "uuid": "3c537f1a-58ac-4a8f-9151-d7a421601009",
                "stock": "HIMS",
                "time": "2024-06-20T14:55:54.165640-04:00",
                "price": 22.35,
                "share": 26.849999999999994,
                "remain_portion": 67
            },
            {
                "uuid": "9727b952-c331-4ce6-b6af-cc5bcdc05322",
                "stock": "HIMS",
                "time": "2024-06-20T15:26:18.318051-04:00",
                "price": 22.06,
                "share": 27.19999999999999,
                "remain_portion": 65
            },
            {
                "uuid": "749c53f8-f39f-4f22-9b33-669d73c13cd8",
                "stock": "HIMS",
                "time": "2024-06-20T15:41:23.611139-04:00",
                "price": 22.02,
                "share": 27.249999999999986,
                "remain_portion": 64
            }
        ]
    },
    "active_pnl": {
        "TSLA": 32650.28,
        "NVDA": -21.8,
        "META": 0,
        "MSFT": 0,
        "IBM": 0,
        "PLTR": 9.97,
        "BA": 0,
        "SNOW": -173.38,
        "GOOGL": 30845.77,
        "COIN": -13.74,
        "SMCI": 0,
        "HOOD": -0.45,
        "CRWD": 0,
        "LULU": 0,
        "PANW": 1.1,
        "AMD": 0,
        "ARM": -8.73,
        "BABA": 5532.94,
        "CELH": 0,
        "QCOM": -50.43,
        "AAPL": -5.94,
        "DELL": 14.01,
        "SHOP": -27.86,
        "CEG": 0,
        "MU": -11.81,
        "HIMS": -87.48
    },
    "active_pnl_percentage": {
        "TSLA": 54909.09,
        "NVDA": -3.64,
        "META": 0,
        "MSFT": 0,
        "IBM": 0,
        "PLTR": 0.83,
        "BA": 0,
        "SNOW": -1.99,
        "GOOGL": 40965.12,
        "COIN": -1.28,
        "SMCI": 0,
        "HOOD": -0.05,
        "CRWD": 0,
        "LULU": 0,
        "PANW": 0.07,
        "AMD": 0,
        "ARM": -1.46,
        "BABA": 297.42,
        "CELH": 0,
        "QCOM": -2.79,
        "AAPL": -0.33,
        "DELL": 2.33,
        "SHOP": -1.17,
        "CEG": 0,
        "MU": -1.61,
        "HIMS": -2.46
    }
}