{
    "time": "2024-06-25T07:30:09.078130-04:00",
    "daily_start_net_value": 81738.0761,
    "current_net_value": 81738.0761,
    "daily_pnl": 0.0,
    "daily_pnl_percentage": 0.0,
    "remain_portion": 56,
    "positions": {
        "TSLA": 0,
        "NVDA": 49.48,
        "META": 0,
        "MSFT": 0,
        "IBM": 0,
        "PLTR": 97.72,
        "BA": 0,
        "SNOW": 93.16,
        "GOOGL": 3.35,
        "COIN": 12.04,
        "SMCI": 0,
        "HOOD": 0,
        "CRWD": 0,
        "LULU": 1.92,
        "PANW": 1.9,
        "AMD": 0,
        "ARM": 20.67,
        "BABA": 0,
        "CELH": 29.98,
        "QCOM": 17.94,
        "AAPL": 0,
        "DELL": 40.54,
        "SHOP": 37.58,
        "CEG": 0,
        "MU": 13.18,
        "HIMS": 235.23
    },
    "cash_position": 34072.49,
    "active_orders": {
        "TSLA": [],
        "NVDA": [
            {
                "uuid": "00000000-0000-0000-0000-0000000000",
                "stock": "NVDA",
                "time": "2024-06-25T07:20:02.130714-04:00",
                "price": 118.9103,
                "share": 49.48,
                "remain_portion": -1
            }
        ],
        "META": [],
        "MSFT": [],
        "IBM": [],
        "PLTR": [
            {
                "uuid": "00000000-0000-0000-0000-0000000000",
                "stock": "PLTR",
                "time": "2024-06-25T07:20:02.130939-04:00",
                "price": 24.4124,
                "share": 97.72,
                "remain_portion": -1
            }
        ],
        "BA": [],
        "SNOW": [
            {
                "uuid": "00000000-0000-0000-0000-0000000000",
                "stock": "SNOW",
                "time": "2024-06-25T07:20:02.130973-04:00",
                "price": 127.9895,
                "share": 93.16,
                "remain_portion": -1
            }
        ],
        "GOOGL": [
            {
                "uuid": "00000000-0000-0000-0000-0000000000",
                "stock": "GOOGL",
                "time": "2024-06-25T07:20:02.130862-04:00",
                "price": 178.9403,
                "share": 3.35,
                "remain_portion": -1
            }
        ],
        "COIN": [
            {
                "uuid": "00000000-0000-0000-0000-0000000000",
                "stock": "COIN",
                "time": "2024-06-25T07:20:02.131175-04:00",
                "price": 225.3405,
                "share": 12.04,
                "remain_portion": -1
            }
        ],
        "SMCI": [],
        "HOOD": [],
        "CRWD": [],
        "LULU": [
            {
                "uuid": "00000000-0000-0000-0000-0000000000",
                "stock": "LULU",
                "time": "2024-06-25T07:20:02.130903-04:00",
                "price": 311.9792,
                "share": 1.92,
                "remain_portion": -1
            }
        ],
        "PANW": [
            {
                "uuid": "00000000-0000-0000-0000-0000000000",
                "stock": "PANW",
                "time": "2024-06-25T07:20:02.131035-04:00",
                "price": 315.9947,
                "share": 1.9,
                "remain_portion": -1
            }
        ],
        "AMD": [],
        "ARM": [
            {
                "uuid": "00000000-0000-0000-0000-0000000000",
                "stock": "ARM",
                "time": "2024-06-25T07:20:02.131071-04:00",
                "price": 152.3706,
                "share": 20.67,
                "remain_portion": -1
            }
        ],
        "BABA": [],
        "CELH": [
            {
                "uuid": "00000000-0000-0000-0000-0000000000",
                "stock": "CELH",
                "time": "2024-06-25T07:20:02.131105-04:00",
                "price": 59.961,
                "share": 29.98,
                "remain_portion": -1
            }
        ],
        "QCOM": [
            {
                "uuid": "00000000-0000-0000-0000-0000000000",
                "stock": "QCOM",
                "time": "2024-06-25T07:20:02.131366-04:00",
                "price": 213.0742,
                "share": 17.94,
                "remain_portion": -1
            }
        ],
        "AAPL": [],
        "DELL": [
            {
                "uuid": "00000000-0000-0000-0000-0000000000",
                "stock": "DELL",
                "time": "2024-06-25T07:20:02.131401-04:00",
                "price": 139.4204,
                "share": 40.54,
                "remain_portion": -1
            }
        ],
        "SHOP": [
            {
                "uuid": "00000000-0000-0000-0000-0000000000",
                "stock": "SHOP",
                "time": "2024-06-25T07:20:02.131328-04:00",
                "price": 63.8597,
                "share": 37.58,
                "remain_portion": -1
            }
        ],
        "CEG": [],
        "MU": [
            {
                "uuid": "00000000-0000-0000-0000-0000000000",
                "stock": "MU",
                "time": "2024-06-25T07:20:02.131436-04:00",
                "price": 146.4128,
                "share": 13.18,
                "remain_portion": -1
            }
        ],
        "HIMS": [
            {
                "uuid": "00000000-0000-0000-0000-0000000000",
                "stock": "HIMS",
                "time": "2024-06-25T07:20:02.131285-04:00",
                "price": 22.9081,
                "share": 235.23,
                "remain_portion": -1
            }
        ]
    },
    "active_pnl": {
        "TSLA": 0,
        "NVDA": 123.19,
        "META": 0,
        "MSFT": 0,
        "IBM": 0,
        "PLTR": -14.89,
        "BA": 0,
        "SNOW": -255.21,
        "GOOGL": 1.84,
        "COIN": -91.63,
        "SMCI": 0,
        "HOOD": 0,
        "CRWD": 0,
        "LULU": 1.5,
        "PANW": 0.73,
        "AMD": 0,
        "ARM": 12.18,
        "BABA": 0,
        "CELH": 13.16,
        "QCOM": -178.76,
        "AAPL": 0,
        "DELL": -18.26,
        "SHOP": 27.07,
        "CEG": 0,
        "MU": -68.18,
        "HIMS": -166.57
    },
    "active_pnl_percentage": {
        "TSLA": 0,
        "NVDA": 2.09,
        "META": 0,
        "MSFT": 0,
        "IBM": 0,
        "PLTR": -0.62,
        "BA": 0,
        "SNOW": -2.14,
        "GOOGL": 0.31,
        "COIN": -3.38,
        "SMCI": 0,
        "HOOD": 0,
        "CRWD": 0,
        "LULU": 0.25,
        "PANW": 0.12,
        "AMD": 0,
        "ARM": 0.39,
        "BABA": 0,
        "CELH": 0.73,
        "QCOM": -4.68,
        "AAPL": 0,
        "DELL": -0.32,
        "SHOP": 1.13,
        "CEG": 0,
        "MU": -3.53,
        "HIMS": -3.09
    }
}