{
    "time": "2024-06-20T09:31:30.290598-04:00",
    "daily_start_net_value": 82493.9383,
    "current_net_value": 82557.7943,
    "daily_pnl": 63.85599999999977,
    "daily_pnl_percentage": 0.08,
    "remain_portion": 92,
    "positions": {
        "TSLA": 0,
        "NVDA": 0,
        "META": 4.82,
        "MSFT": 0,
        "IBM": 0.22,
        "PLTR": 0,
        "BA": 0.0,
        "SNOW": 67.58,
        "GOOGL": 16.73,
        "COIN": 2.0,
        "SMCI": 0,
        "HOOD": 13.0,
        "CRWD": 0,
        "LULU": 0,
        "PANW": 1.0,
        "AMD": 7.76,
        "ARM": 0,
        "BABA": 8.81,
        "CELH": 0,
        "QCOM": 4.63,
        "AAPL": 0,
        "DELL": 0.02,
        "SHOP": 36.81,
        "CEG": 0,
        "MU": 0.86,
        "HIMS": 24.0
    },
    "cash_position": 55790.21,
    "active_orders": {
        "TSLA": [],
        "NVDA": [],
        "META": [
            {
                "uuid": "00000000-0000-0000-0000-0000000000",
                "stock": "META",
                "time": "2024-06-20T07:14:33.999455-04:00",
                "price": 498.4524,
                "share": 4.82,
                "remain_portion": -1
            }
        ],
        "MSFT": [],
        "IBM": [
            {
                "uuid": "00000000-0000-0000-0000-0000000000",
                "stock": "IBM",
                "time": "2024-06-20T08:51:11.569860-04:00",
                "price": 0.22,
                "share": 168.9294,
                "remain_portion": -1
            }
        ],
        "PLTR": [],
        "BA": [
            {
                "uuid": "80cad198-7442-4285-a185-08ac49874d2c",
                "stock": "BA",
                "time": "2024-06-20T08:56:12.319875-04:00",
                "price": 173.20000000000002,
                "share": 0.0,
                "remain_portion": 98
            }
        ],
        "SNOW": [
            {
                "uuid": "00000000-0000-0000-0000-0000000000",
                "stock": "SNOW",
                "time": "2024-06-20T07:14:33.999883-04:00",
                "price": 128.7756,
                "share": 67.58,
                "remain_portion": -1
            }
        ],
        "GOOGL": [
            {
                "uuid": "00000000-0000-0000-0000-0000000000",
                "stock": "GOOGL",
                "time": "2024-06-20T07:14:33.999715-04:00",
                "price": 174.8544,
                "share": 13.73,
                "remain_portion": -1
            },
            {
                "uuid": "1a613e03-cf4f-432b-ac8c-15ed0bfe531c",
                "stock": "GOOGL",
                "time": "2024-06-20T09:16:08.098011-04:00",
                "price": 175.17000000000002,
                "share": 3.0,
                "remain_portion": 96
            }
        ],
        "COIN": [
            {
                "uuid": "00000000-0000-0000-0000-0000000000",
                "stock": "COIN",
                "time": "2024-06-20T07:14:33.999994-04:00",
                "price": 236.19,
                "share": 2.0,
                "remain_portion": -1
            }
        ],
        "SMCI": [],
        "HOOD": [
            {
                "uuid": "00000000-0000-0000-0000-0000000000",
                "stock": "HOOD",
                "time": "2024-06-20T07:14:33.999792-04:00",
                "price": 22.18,
                "share": 13.0,
                "remain_portion": -1
            }
        ],
        "CRWD": [],
        "LULU": [],
        "PANW": [
            {
                "uuid": "00000000-0000-0000-0000-0000000000",
                "stock": "PANW",
                "time": "2024-06-20T07:14:33.999928-04:00",
                "price": 316.88,
                "share": 1.0,
                "remain_portion": -1
            }
        ],
        "AMD": [
            {
                "uuid": "00000000-0000-0000-0000-0000000000",
                "stock": "AMD",
                "time": "2024-06-20T07:14:33.999663-04:00",
                "price": 154.7642,
                "share": 7.76,
                "remain_portion": -1
            }
        ],
        "ARM": [],
        "BABA": [
            {
                "uuid": "00000000-0000-0000-0000-0000000000",
                "stock": "BABA",
                "time": "2024-06-20T08:17:34.937677-04:00",
                "price": 0.81,
                "share": 75.2889,
                "remain_portion": -1
            },
            {
                "uuid": "5cd1d5f9-c174-4ab3-a2e9-026eba3cf2fd",
                "stock": "BABA",
                "time": "2024-06-20T09:21:22.744142-04:00",
                "price": 74.96,
                "share": 8.0,
                "remain_portion": 94
            }
        ],
        "CELH": [],
        "QCOM": [
            {
                "uuid": "00000000-0000-0000-0000-0000000000",
                "stock": "QCOM",
                "time": "2024-06-20T07:14:34.000076-04:00",
                "price": 227.7567,
                "share": 2.63,
                "remain_portion": -1
            },
            {
                "uuid": "bc8269dd-6e39-4190-8e51-7e5fce639487",
                "stock": "QCOM",
                "time": "2024-06-20T09:21:25.260157-04:00",
                "price": 225.55,
                "share": 2.0,
                "remain_portion": 93
            }
        ],
        "AAPL": [],
        "DELL": [
            {
                "uuid": "00000000-0000-0000-0000-0000000000",
                "stock": "DELL",
                "time": "2024-06-20T07:14:34.000140-04:00",
                "price": 148.99,
                "share": 0.02,
                "remain_portion": -1
            }
        ],
        "SHOP": [
            {
                "uuid": "00000000-0000-0000-0000-0000000000",
                "stock": "SHOP",
                "time": "2024-06-20T07:14:34.000031-04:00",
                "price": 64.7188,
                "share": 27.81,
                "remain_portion": -1
            },
            {
                "uuid": "e7e09d7b-fd2e-4109-b5b2-1e876c620d26",
                "stock": "SHOP",
                "time": "2024-06-20T09:21:27.748699-04:00",
                "price": 64.1793,
                "share": 9.000000000000004,
                "remain_portion": 92
            }
        ],
        "CEG": [],
        "MU": [
            {
                "uuid": "00000000-0000-0000-0000-0000000000",
                "stock": "MU",
                "time": "2024-06-20T07:14:34.000184-04:00",
                "price": 152.7455,
                "share": 0.86,
                "remain_portion": -1
            }
        ],
        "HIMS": [
            {
                "uuid": "7dcb29ce-ca14-4c63-ac61-63ec5a31ec7e",
                "stock": "HIMS",
                "time": "2024-06-20T09:01:52.330446-04:00",
                "price": 24.89487,
                "share": 24.0,
                "remain_portion": 97
            },
            {
                "uuid": "37da7ab2-5e22-4906-965f-b3e03f264d7e",
                "stock": "HIMS",
                "time": "2024-06-20T09:16:19.221442-04:00",
                "price": 24.8249001,
                "share": 0.0,
                "remain_portion": 95
            }
        ]
    },
    "active_pnl": {
        "TSLA": 0,
        "NVDA": 0,
        "META": 21.32,
        "MSFT": 0,
        "IBM": 29115.83,
        "PLTR": 0,
        "BA": 0.0,
        "SNOW": -130.81,
        "GOOGL": 22.07,
        "COIN": 4.14,
        "SMCI": 0,
        "HOOD": -3.51,
        "CRWD": 0,
        "LULU": 0,
        "PANW": 2.04,
        "AMD": 7.26,
        "ARM": 0,
        "BABA": 5575.59,
        "CELH": 0,
        "QCOM": -10.67,
        "AAPL": 0,
        "DELL": 0.18,
        "SHOP": -16.08,
        "CEG": 0,
        "MU": 1.45,
        "HIMS": -15.0
    },
    "active_pnl_percentage": {
        "TSLA": 0,
        "NVDA": 0,
        "META": 0.85,
        "MSFT": 0,
        "IBM": 78397.73,
        "PLTR": 0,
        "BA": 0,
        "SNOW": -1.67,
        "GOOGL": 0.73,
        "COIN": 0.81,
        "SMCI": 0,
        "HOOD": -1.26,
        "CRWD": 0,
        "LULU": 0,
        "PANW": 0.54,
        "AMD": 0.65,
        "ARM": 0,
        "BABA": 844.5,
        "CELH": 0,
        "QCOM": -0.95,
        "AAPL": 0,
        "DELL": 5.71,
        "SHOP": -0.69,
        "CEG": 0,
        "MU": 0.89,
        "HIMS": -2.55
    }
}