{
    "time": "2024-06-17T16:33:32.390118-04:00",
    "daily_start_net_value": 57396.1519,
    "current_net_value": 57457.2731,
    "daily_pnl": 61.12120000000141,
    "daily_pnl_percentage": 0.11,
    "remain_portion": 165,
    "positions": {
        "TSLA": 0,
        "NVDA": 2.0,
        "META": 0,
        "MSFT": 0,
        "IBM": 0,
        "PLTR": 0,
        "BA": 0,
        "SNOW": 0,
        "GOOGL": 0,
        "COIN": 0,
        "SMCI": 0,
        "HOOD": 0,
        "CRWD": 0,
        "LULU": 0,
        "PANW": 0,
        "C": 0,
        "AMD": 0,
        "ARM": 0,
        "BABA": 23.81,
        "CELH": 9.91
    },
    "cash_position": 49635.64,
    "active_orders": {
        "TSLA": [],
        "NVDA": [
            {
                "uuid": "2c867eff-28a5-4973-8ab9-21cba412926d",
                "stock": "NVDA",
                "time": "2024-06-17T16:20:29.755739-04:00",
                "price": 130.74,
                "share": 2.0,
                "remain_portion": 165
            }
        ],
        "META": [],
        "MSFT": [],
        "IBM": [],
        "PLTR": [],
        "BA": [],
        "SNOW": [],
        "GOOGL": [],
        "COIN": [],
        "SMCI": [],
        "HOOD": [],
        "CRWD": [],
        "LULU": [],
        "PANW": [],
        "C": [],
        "AMD": [],
        "ARM": [],
        "BABA": [
            {
                "uuid": "00000000-0000-0000-0000-0000000000",
                "stock": "BABA",
                "time": "2024-06-17T07:25:13.095112-04:00",
                "price": 75.564,
                "share": 23.81,
                "remain_portion": -1
            }
        ],
        "CELH": [
            {
                "uuid": "00000000-0000-0000-0000-0000000000",
                "stock": "CELH",
                "time": "2024-06-17T07:25:13.095244-04:00",
                "price": 60.5429,
                "share": 9.91,
                "remain_portion": -1
            }
        ]
    },
    "active_pnl": {
        "TSLA": 0,
        "NVDA": 0.68,
        "META": 0,
        "MSFT": 0,
        "IBM": 0,
        "PLTR": 0,
        "BA": 0,
        "SNOW": 0,
        "GOOGL": 0,
        "COIN": 0,
        "SMCI": 0,
        "HOOD": 0,
        "CRWD": 0,
        "LULU": 0,
        "PANW": 0,
        "C": 0,
        "AMD": 0,
        "ARM": 0,
        "BABA": -24.13,
        "CELH": -20.64
    },
    "active_pnl_percentage": {
        "TSLA": 0,
        "NVDA": 0.28,
        "META": 0,
        "MSFT": 0,
        "IBM": 0,
        "PLTR": 0,
        "BA": 0,
        "SNOW": 0,
        "GOOGL": 0,
        "COIN": 0,
        "SMCI": 0,
        "HOOD": 0,
        "CRWD": 0,
        "LULU": 0,
        "PANW": 0,
        "C": 0,
        "AMD": 0,
        "ARM": 0,
        "BABA": -1.34,
        "CELH": -3.44
    }
}