{
    "time": "2024-06-13T16:32:48.348099-04:00",
    "daily_start_net_value": 57442.6525,
    "current_net_value": 57419.9524,
    "daily_pnl": -22.700099999994563,
    "daily_pnl_percentage": -0.04,
    "remain_portion": 179,
    "positions": {
        "TSLA": 0,
        "NVDA": 0,
        "META": 0,
        "MSFT": 0,
        "IBM": 0,
        "PLTR": 12.9,
        "BA": 0,
        "SNOW": 2.69,
        "GOOGL": 0,
        "COIN": 0,
        "SMCI": 0,
        "HOOD": 25.77,
        "CRWD": 0,
        "LULU": 1.9345,
        "PANW": 0,
        "C": 0,
        "AMD": 0,
        "ARM": 0,
        "BABA": 15.68,
        "CELH": 0
    },
    "cash_position": 53543.97,
    "active_orders": {
        "TSLA": [],
        "NVDA": [],
        "META": [],
        "MSFT": [],
        "IBM": [],
        "PLTR": [
            {
                "uuid": "16b19006-8623-4174-ab6b-aea33736851b",
                "stock": "PLTR",
                "time": "2024-06-13T12:06:26.785067-04:00",
                "price": 23.25,
                "share": 12.9,
                "remain_portion": 179
            }
        ],
        "BA": [],
        "SNOW": [
            {
                "uuid": "cc0c7b99-1a60-468e-85af-c13fa93dbc30",
                "stock": "SNOW",
                "time": "2024-06-13T09:40:22.792997-04:00",
                "price": 128.77,
                "share": 2.33,
                "remain_portion": 185
            },
            {
                "uuid": "708b28c4-3fe3-49fd-a2c0-e4dcfe67358e",
                "stock": "SNOW",
                "time": "2024-06-13T10:05:35.833462-04:00",
                "price": 127.62,
                "share": 2.0,
                "remain_portion": 183
            },
            {
                "uuid": "80df4de1-79e8-4c06-89e9-cd2e17dbdda4",
                "stock": "SNOW",
                "time": "2024-06-13T11:56:21.210388-04:00",
                "price": 127.01,
                "share": 2.3600000000000003,
                "remain_portion": 180
            }
        ],
        "GOOGL": [],
        "COIN": [],
        "SMCI": [],
        "HOOD": [
            {
                "uuid": "00000000-0000-0000-0000-0000000000",
                "stock": "HOOD",
                "time": "2024-06-13T09:05:12.151515-04:00",
                "price": 23.5794,
                "share": 12.72,
                "remain_portion": -1
            },
            {
                "uuid": "1577abd1-eca9-41c0-9ede-bedd2d14c8da",
                "stock": "HOOD",
                "time": "2024-06-13T11:41:15.636626-04:00",
                "price": 22.99,
                "share": 13.049999999999999,
                "remain_portion": 181
            }
        ],
        "CRWD": [],
        "LULU": [
            {
                "uuid": "00000000-0000-0000-0000-0000000000",
                "stock": "LULU",
                "time": "2024-06-13T09:05:12.151604-04:00",
                "price": 310.1008,
                "share": 1.9345,
                "remain_portion": -1
            }
        ],
        "PANW": [],
        "C": [],
        "AMD": [],
        "ARM": [],
        "BABA": [
            {
                "uuid": "00000000-0000-0000-0000-0000000000",
                "stock": "BABA",
                "time": "2024-06-13T09:05:12.151556-04:00",
                "price": 78.0677,
                "share": 3.84,
                "remain_portion": -1
            },
            {
                "uuid": "b7891715-4530-4d1d-b8de-6d1332c58394",
                "stock": "BABA",
                "time": "2024-06-13T09:55:31.895103-04:00",
                "price": 76.09,
                "share": 3.9400000000000004,
                "remain_portion": 184
            },
            {
                "uuid": "96739126-3ef4-48d4-9a22-16cae9a30b64",
                "stock": "BABA",
                "time": "2024-06-13T10:10:40.185524-04:00",
                "price": 76.13,
                "share": 3.9400000000000004,
                "remain_portion": 183
            },
            {
                "uuid": "da6990dd-0ec1-4cfd-99b3-ca1eb9ded048",
                "stock": "BABA",
                "time": "2024-06-13T11:16:01.940493-04:00",
                "price": 75.8,
                "share": 3.959999999999999,
                "remain_portion": 182
            }
        ],
        "CELH": []
    },
    "active_pnl": {
        "TSLA": 0,
        "NVDA": 0,
        "META": 0,
        "MSFT": 0,
        "IBM": 0,
        "PLTR": -0.13,
        "BA": 0,
        "SNOW": -9.13,
        "GOOGL": 0,
        "COIN": 0,
        "SMCI": 0,
        "HOOD": -0.28,
        "CRWD": 0,
        "LULU": -5.05,
        "PANW": 0,
        "C": 0,
        "AMD": 0,
        "ARM": 0,
        "BABA": -13.65,
        "CELH": 0
    },
    "active_pnl_percentage": {
        "TSLA": 0,
        "NVDA": 0,
        "META": 0,
        "MSFT": 0,
        "IBM": 0,
        "PLTR": -0.04,
        "BA": 0,
        "SNOW": -1.07,
        "GOOGL": 0,
        "COIN": 0,
        "SMCI": 0,
        "HOOD": -0.05,
        "CRWD": 0,
        "LULU": -0.84,
        "PANW": 0,
        "C": 0,
        "AMD": 0,
        "ARM": 0,
        "BABA": -1.14,
        "CELH": 0
    }
}