{
    "time": "2024-06-25T09:31:25.984097-04:00",
    "daily_start_net_value": 81738.0761,
    "current_net_value": 82086.6937,
    "daily_pnl": 348.61759999999776,
    "daily_pnl_percentage": 0.43,
    "remain_portion": 54,
    "positions": {
        "TSLA": 0,
        "NVDA": 49.48,
        "META": 0,
        "MSFT": 0,
        "IBM": 0,
        "PLTR": 97.72,
        "BA": 6.0,
        "SNOW": 93.16,
        "GOOGL": 3.35,
        "COIN": 12.04,
        "SMCI": 0,
        "HOOD": 0,
        "CRWD": 0.0,
        "LULU": 1.92,
        "PANW": 0.9,
        "AMD": 0,
        "ARM": 0,
        "BABA": 0,
        "CELH": 29.98,
        "QCOM": 17.94,
        "AAPL": 0,
        "DELL": 40.54,
        "SHOP": 0.58,
        "CEG": 0,
        "MU": 13.18,
        "HIMS": 235.23
    },
    "cash_position": 32631.31,
    "active_orders": {
        "TSLA": [],
        "NVDA": [
            {
                "uuid": "00000000-0000-0000-0000-0000000000",
                "stock": "NVDA",
                "time": "2024-06-25T07:20:02.130714-04:00",
                "price": 118.9103,
                "share": 49.48,
                "remain_portion": -1
            }
        ],
        "META": [],
        "MSFT": [],
        "IBM": [],
        "PLTR": [
            {
                "uuid": "00000000-0000-0000-0000-0000000000",
                "stock": "PLTR",
                "time": "2024-06-25T07:20:02.130939-04:00",
                "price": 24.4124,
                "share": 97.72,
                "remain_portion": -1
            }
        ],
        "BA": [
            {
                "uuid": "a6060b19-c1c7-482c-80e8-705ed98d537b",
                "stock": "BA",
                "time": "2024-06-25T07:45:25.689266-04:00",
                "price": 177.25,
                "share": 3.0,
                "remain_portion": 55
            },
            {
                "uuid": "8f183d49-42f4-4c2f-9dd9-21688f91a261",
                "stock": "BA",
                "time": "2024-06-25T08:01:32.118412-04:00",
                "price": 176.84,
                "share": 3.0,
                "remain_portion": 55
            }
        ],
        "SNOW": [
            {
                "uuid": "00000000-0000-0000-0000-0000000000",
                "stock": "SNOW",
                "time": "2024-06-25T07:20:02.130973-04:00",
                "price": 127.9895,
                "share": 93.16,
                "remain_portion": -1
            }
        ],
        "GOOGL": [
            {
                "uuid": "00000000-0000-0000-0000-0000000000",
                "stock": "GOOGL",
                "time": "2024-06-25T07:20:02.130862-04:00",
                "price": 178.9403,
                "share": 3.35,
                "remain_portion": -1
            }
        ],
        "COIN": [
            {
                "uuid": "00000000-0000-0000-0000-0000000000",
                "stock": "COIN",
                "time": "2024-06-25T07:20:02.131175-04:00",
                "price": 225.3405,
                "share": 12.04,
                "remain_portion": -1
            }
        ],
        "SMCI": [],
        "HOOD": [],
        "CRWD": [
            {
                "uuid": "21c06a38-6e22-4974-b7b9-bf912a04f08f",
                "stock": "CRWD",
                "time": "2024-06-25T08:26:57.113100-04:00",
                "price": 379.056,
                "share": 0.0,
                "remain_portion": 54
            }
        ],
        "LULU": [
            {
                "uuid": "00000000-0000-0000-0000-0000000000",
                "stock": "LULU",
                "time": "2024-06-25T07:20:02.130903-04:00",
                "price": 311.9792,
                "share": 1.92,
                "remain_portion": -1
            }
        ],
        "PANW": [
            {
                "uuid": "00000000-0000-0000-0000-0000000000",
                "stock": "PANW",
                "time": "2024-06-25T08:15:38.559054-04:00",
                "price": 0.9,
                "share": 315.9947,
                "remain_portion": -1
            }
        ],
        "AMD": [],
        "ARM": [],
        "BABA": [],
        "CELH": [
            {
                "uuid": "00000000-0000-0000-0000-0000000000",
                "stock": "CELH",
                "time": "2024-06-25T07:20:02.131105-04:00",
                "price": 59.961,
                "share": 29.98,
                "remain_portion": -1
            }
        ],
        "QCOM": [
            {
                "uuid": "00000000-0000-0000-0000-0000000000",
                "stock": "QCOM",
                "time": "2024-06-25T07:20:02.131366-04:00",
                "price": 213.0742,
                "share": 17.94,
                "remain_portion": -1
            }
        ],
        "AAPL": [],
        "DELL": [
            {
                "uuid": "00000000-0000-0000-0000-0000000000",
                "stock": "DELL",
                "time": "2024-06-25T07:20:02.131401-04:00",
                "price": 139.4204,
                "share": 40.54,
                "remain_portion": -1
            }
        ],
        "SHOP": [
            {
                "uuid": "00000000-0000-0000-0000-0000000000",
                "stock": "SHOP",
                "time": "2024-06-25T08:14:00.098670-04:00",
                "price": 0.58,
                "share": 63.8597,
                "remain_portion": -1
            }
        ],
        "CEG": [],
        "MU": [
            {
                "uuid": "00000000-0000-0000-0000-0000000000",
                "stock": "MU",
                "time": "2024-06-25T07:20:02.131436-04:00",
                "price": 146.4128,
                "share": 13.18,
                "remain_portion": -1
            }
        ],
        "HIMS": [
            {
                "uuid": "00000000-0000-0000-0000-0000000000",
                "stock": "HIMS",
                "time": "2024-06-25T07:20:02.131285-04:00",
                "price": 22.9081,
                "share": 235.23,
                "remain_portion": -1
            }
        ]
    },
    "active_pnl": {
        "TSLA": 0,
        "NVDA": 121.46,
        "META": 0,
        "MSFT": 0,
        "IBM": 0,
        "PLTR": -18.8,
        "BA": -2.32,
        "SNOW": -284.09,
        "GOOGL": 4.19,
        "COIN": -124.86,
        "SMCI": 0,
        "HOOD": 0,
        "CRWD": 0.0,
        "LULU": 1.04,
        "PANW": 100160.84,
        "AMD": 0,
        "ARM": 0,
        "BABA": 0,
        "CELH": -48.3,
        "QCOM": -203.43,
        "AAPL": 0,
        "DELL": -12.79,
        "SHOP": 4074.27,
        "CEG": 0,
        "MU": -103.3,
        "HIMS": -164.21
    },
    "active_pnl_percentage": {
        "TSLA": 0,
        "NVDA": 2.17,
        "META": 0,
        "MSFT": 0,
        "IBM": 0,
        "PLTR": -0.74,
        "BA": -0.18,
        "SNOW": -2.37,
        "GOOGL": 0.77,
        "COIN": -4.3,
        "SMCI": 0,
        "HOOD": 0,
        "CRWD": 0,
        "LULU": 0.17,
        "PANW": 35232.78,
        "AMD": 0,
        "ARM": 0,
        "BABA": 0,
        "CELH": -2.69,
        "QCOM": -5.28,
        "AAPL": 0,
        "DELL": -0.16,
        "SHOP": 11000.07,
        "CEG": 0,
        "MU": -5.34,
        "HIMS": -3.05
    }
}