{
    "time": "2024-06-27T13:33:24.723197-04:00",
    "daily_start_net_value": 82818.1506,
    "current_net_value": 82805.1832,
    "daily_pnl": -12.967399999994086,
    "daily_pnl_percentage": -0.02,
    "remain_portion": 55,
    "positions": {
        "TSLA": 0,
        "NVDA": 0.89,
        "META": 0,
        "MSFT": 0,
        "IBM": 19.91,
        "PLTR": 0,
        "BA": 0,
        "SNOW": 0,
        "GOOGL": 0,
        "COIN": 14.85,
        "SMCI": 0,
        "HOOD": 0.0,
        "CRWD": 0,
        "LULU": 0,
        "PANW": 0,
        "AMD": 0,
        "ARM": 0,
        "BABA": 16.37,
        "CELH": 0,
        "QCOM": 34.17,
        "AAPL": 0,
        "DELL": 0.0,
        "SHOP": 0,
        "CEG": 2.98,
        "MU": 17.72,
        "HIMS": 224.3
    },
    "cash_position": 33321.23,
    "active_orders": {
        "TSLA": [],
        "NVDA": [
            {
                "uuid": "00000000-0000-0000-0000-0000000000",
                "stock": "NVDA",
                "time": "2024-06-27T08:55:51.271520-04:00",
                "price": 0.89,
                "share": 123.6839,
                "remain_portion": -1
            }
        ],
        "META": [],
        "MSFT": [],
        "IBM": [
            {
                "uuid": "00000000-0000-0000-0000-0000000000",
                "stock": "IBM",
                "time": "2024-06-27T07:01:10.129616-04:00",
                "price": 172.5253,
                "share": 19.91,
                "remain_portion": -1
            },
            {
                "uuid": "22e710ad-5ca6-4eaa-94e4-faceb236d83e",
                "stock": "IBM",
                "time": "2024-06-27T08:26:16.417478-04:00",
                "price": 171.55,
                "share": 0.0,
                "remain_portion": 59
            }
        ],
        "PLTR": [],
        "BA": [],
        "SNOW": [],
        "GOOGL": [],
        "COIN": [
            {
                "uuid": "00000000-0000-0000-0000-0000000000",
                "stock": "COIN",
                "time": "2024-06-27T07:01:10.129897-04:00",
                "price": 223.0363,
                "share": 14.85,
                "remain_portion": -1
            }
        ],
        "SMCI": [],
        "HOOD": [],
        "CRWD": [],
        "LULU": [],
        "PANW": [],
        "AMD": [],
        "ARM": [],
        "BABA": [
            {
                "uuid": "00000000-0000-0000-0000-0000000000",
                "stock": "BABA",
                "time": "2024-06-27T07:01:10.129678-04:00",
                "price": 74.3049,
                "share": 16.37,
                "remain_portion": -1
            }
        ],
        "CELH": [],
        "QCOM": [
            {
                "uuid": "00000000-0000-0000-0000-0000000000",
                "stock": "QCOM",
                "time": "2024-06-27T07:01:10.129988-04:00",
                "price": 207.9079,
                "share": 28.03,
                "remain_portion": -1
            },
            {
                "uuid": "44601118-9949-4954-aa49-440694d7f8e6",
                "stock": "QCOM",
                "time": "2024-06-27T11:06:21.392609-04:00",
                "price": 195.8,
                "share": 3.0599999999999987,
                "remain_portion": 57
            },
            {
                "uuid": "855a3086-4969-4b97-b765-dcff7f031cfb",
                "stock": "QCOM",
                "time": "2024-06-27T11:21:26.769876-04:00",
                "price": 195.06,
                "share": 3.0,
                "remain_portion": 56
            },
            {
                "uuid": "a2e5b384-3d17-4e7a-8d52-e4f22cf9bbe4",
                "stock": "QCOM",
                "time": "2024-06-27T11:36:41.100951-04:00",
                "price": 194.35,
                "share": 3.080000000000002,
                "remain_portion": 57
            }
        ],
        "AAPL": [],
        "DELL": [],
        "SHOP": [],
        "CEG": [
            {
                "uuid": "c7e0ed71-5e59-4358-a005-92dda0315fdf",
                "stock": "CEG",
                "time": "2024-06-27T11:45:46.715456-04:00",
                "price": 201.64,
                "share": 2.98,
                "remain_portion": 56
            }
        ],
        "MU": [
            {
                "uuid": "00000000-0000-0000-0000-0000000000",
                "stock": "MU",
                "time": "2024-06-27T07:01:10.130069-04:00",
                "price": 146.4128,
                "share": 13.18,
                "remain_portion": -1
            },
            {
                "uuid": "ead0df0a-6bf7-4f5d-80d7-06f5f801c97f",
                "stock": "MU",
                "time": "2024-06-27T12:05:54.470056-04:00",
                "price": 132.23,
                "share": 4.539999999999999,
                "remain_portion": 55
            }
        ],
        "HIMS": [
            {
                "uuid": "00000000-0000-0000-0000-0000000000",
                "stock": "HIMS",
                "time": "2024-06-27T07:01:10.129922-04:00",
                "price": 21.7562,
                "share": 192.3,
                "remain_portion": -1
            },
            {
                "uuid": "bc1980e6-85f0-4f48-9689-bc4c38bf28e3",
                "stock": "HIMS",
                "time": "2024-06-27T08:35:40.940112-04:00",
                "price": 18.5185,
                "share": 32.0,
                "remain_portion": 58
            }
        ]
    },
    "active_pnl": {
        "TSLA": 0,
        "NVDA": 15285.47,
        "META": 0,
        "MSFT": 0,
        "IBM": -23.4,
        "PLTR": 0,
        "BA": 0,
        "SNOW": 0,
        "GOOGL": 0,
        "COIN": 13.57,
        "SMCI": 0,
        "HOOD": 0,
        "CRWD": 0,
        "LULU": 0,
        "PANW": 0,
        "AMD": 0,
        "ARM": 0,
        "BABA": -27.5,
        "CELH": 0,
        "QCOM": -381.39,
        "AAPL": 0,
        "DELL": 0,
        "SHOP": 0,
        "CEG": 6.91,
        "MU": -164.96,
        "HIMS": -378.91
    },
    "active_pnl_percentage": {
        "TSLA": 0,
        "NVDA": 13886.52,
        "META": 0,
        "MSFT": 0,
        "IBM": -0.68,
        "PLTR": 0,
        "BA": 0,
        "SNOW": 0,
        "GOOGL": 0,
        "COIN": 0.47,
        "SMCI": 0,
        "HOOD": 0,
        "CRWD": 0,
        "LULU": 0,
        "PANW": 0,
        "AMD": 0,
        "ARM": 0,
        "BABA": -2.27,
        "CELH": 0,
        "QCOM": -5.01,
        "AAPL": 0,
        "DELL": 0,
        "SHOP": 0,
        "CEG": 1.15,
        "MU": -6.54,
        "HIMS": -7.96
    }
}