{
    "time": "2024-06-12T13:45:11.562255-04:00",
    "daily_start_net_value": 57307.5497,
    "current_net_value": 57439.7045,
    "daily_pnl": 132.1547999999966,
    "daily_pnl_percentage": 0.23,
    "remain_portion": 183,
    "positions": {
        "TSLA": 0,
        "NVDA": 0,
        "META": 0,
        "MSFT": 0,
        "IBM": 0,
        "PLTR": 0,
        "BA": 1.64,
        "SNOW": 0,
        "GOOGL": 0,
        "COIN": 0,
        "SMCI": 0,
        "HOOD": 0,
        "CRWD": 0,
        "LULU": 1.9345,
        "PANW": 0,
        "C": 0,
        "AMD": 0,
        "ARM": 0,
        "BABA": 0,
        "CELH": 0
    },
    "cash_position": 55077.8,
    "active_orders": {
        "TSLA": [],
        "NVDA": [],
        "META": [],
        "MSFT": [],
        "IBM": [],
        "PLTR": [],
        "BA": [
            {
                "uuid": "bbeacc84-d87c-4a1c-bee8-9d6f8a45ee74",
                "stock": "BA",
                "time": "2024-06-12T12:30:48.248939-04:00",
                "price": 182.88,
                "share": 1.64,
                "remain_portion": 185
            }
        ],
        "SNOW": [],
        "GOOGL": [],
        "COIN": [],
        "SMCI": [],
        "HOOD": [],
        "CRWD": [],
        "LULU": [
            {
                "uuid": "020c1336-d590-41d2-a1c4-5120e7d1346e",
                "stock": "LULU",
                "time": "2024-06-12T12:30:51.086620-04:00",
                "price": 310.79,
                "share": 0.9653,
                "remain_portion": 184
            },
            {
                "uuid": "bcf228cf-ac7a-466f-92e9-441f50d508b3",
                "stock": "LULU",
                "time": "2024-06-12T12:46:03.006260-04:00",
                "price": 309.54,
                "share": 0.9692000000000001,
                "remain_portion": 183
            }
        ],
        "PANW": [],
        "C": [],
        "AMD": [],
        "ARM": [],
        "BABA": [],
        "CELH": []
    },
    "active_pnl": {
        "TSLA": 0,
        "NVDA": 0,
        "META": 0,
        "MSFT": 0,
        "IBM": 0,
        "PLTR": 0,
        "BA": -0.43,
        "SNOW": 0,
        "GOOGL": 0,
        "COIN": 0,
        "SMCI": 0,
        "HOOD": 0,
        "CRWD": 0,
        "LULU": -2.46,
        "PANW": 0,
        "C": 0,
        "AMD": 0,
        "ARM": 0,
        "BABA": 0,
        "CELH": 0
    },
    "active_pnl_percentage": {
        "TSLA": 0,
        "NVDA": 0,
        "META": 0,
        "MSFT": 0,
        "IBM": 0,
        "PLTR": 0,
        "BA": -0.14,
        "SNOW": 0,
        "GOOGL": 0,
        "COIN": 0,
        "SMCI": 0,
        "HOOD": 0,
        "CRWD": 0,
        "LULU": -0.41,
        "PANW": 0,
        "C": 0,
        "AMD": 0,
        "ARM": 0,
        "BABA": 0,
        "CELH": 0
    }
}