{
    "time": "2024-06-25T08:30:58.457894-04:00",
    "daily_start_net_value": 81738.0761,
    "current_net_value": 81738.0761,
    "daily_pnl": 0.0,
    "daily_pnl_percentage": 0.0,
    "remain_portion": 54,
    "positions": {
        "TSLA": 0,
        "NVDA": 49.48,
        "META": 0,
        "MSFT": 0,
        "IBM": 0,
        "PLTR": 97.72,
        "BA": 6.0,
        "SNOW": 93.16,
        "GOOGL": 3.35,
        "COIN": 12.04,
        "SMCI": 0,
        "HOOD": 0,
        "CRWD": 0.0,
        "LULU": 1.92,
        "PANW": 0.9,
        "AMD": 0,
        "ARM": 20.67,
        "BABA": 0,
        "CELH": 29.98,
        "QCOM": 17.94,
        "AAPL": 0,
        "DELL": 40.54,
        "SHOP": 0.58,
        "CEG": 0,
        "MU": 13.18,
        "HIMS": 235.23
    },
    "cash_position": 32631.31,
    "active_orders": {
        "TSLA": [],
        "NVDA": [
            {
                "uuid": "00000000-0000-0000-0000-0000000000",
                "stock": "NVDA",
                "time": "2024-06-25T07:20:02.130714-04:00",
                "price": 118.9103,
                "share": 49.48,
                "remain_portion": -1
            }
        ],
        "META": [],
        "MSFT": [],
        "IBM": [],
        "PLTR": [
            {
                "uuid": "00000000-0000-0000-0000-0000000000",
                "stock": "PLTR",
                "time": "2024-06-25T07:20:02.130939-04:00",
                "price": 24.4124,
                "share": 97.72,
                "remain_portion": -1
            }
        ],
        "BA": [
            {
                "uuid": "a6060b19-c1c7-482c-80e8-705ed98d537b",
                "stock": "BA",
                "time": "2024-06-25T07:45:25.689266-04:00",
                "price": 177.25,
                "share": 3.0,
                "remain_portion": 55
            },
            {
                "uuid": "8f183d49-42f4-4c2f-9dd9-21688f91a261",
                "stock": "BA",
                "time": "2024-06-25T08:01:32.118412-04:00",
                "price": 176.84,
                "share": 3.0,
                "remain_portion": 55
            }
        ],
        "SNOW": [
            {
                "uuid": "00000000-0000-0000-0000-0000000000",
                "stock": "SNOW",
                "time": "2024-06-25T07:20:02.130973-04:00",
                "price": 127.9895,
                "share": 93.16,
                "remain_portion": -1
            }
        ],
        "GOOGL": [
            {
                "uuid": "00000000-0000-0000-0000-0000000000",
                "stock": "GOOGL",
                "time": "2024-06-25T07:20:02.130862-04:00",
                "price": 178.9403,
                "share": 3.35,
                "remain_portion": -1
            }
        ],
        "COIN": [
            {
                "uuid": "00000000-0000-0000-0000-0000000000",
                "stock": "COIN",
                "time": "2024-06-25T07:20:02.131175-04:00",
                "price": 225.3405,
                "share": 12.04,
                "remain_portion": -1
            }
        ],
        "SMCI": [],
        "HOOD": [],
        "CRWD": [
            {
                "uuid": "21c06a38-6e22-4974-b7b9-bf912a04f08f",
                "stock": "CRWD",
                "time": "2024-06-25T08:26:57.113100-04:00",
                "price": 379.056,
                "share": 0.0,
                "remain_portion": 54
            }
        ],
        "LULU": [
            {
                "uuid": "00000000-0000-0000-0000-0000000000",
                "stock": "LULU",
                "time": "2024-06-25T07:20:02.130903-04:00",
                "price": 311.9792,
                "share": 1.92,
                "remain_portion": -1
            }
        ],
        "PANW": [
            {
                "uuid": "00000000-0000-0000-0000-0000000000",
                "stock": "PANW",
                "time": "2024-06-25T08:15:38.559054-04:00",
                "price": 0.9,
                "share": 315.9947,
                "remain_portion": -1
            }
        ],
        "AMD": [],
        "ARM": [
            {
                "uuid": "00000000-0000-0000-0000-0000000000",
                "stock": "ARM",
                "time": "2024-06-25T07:20:02.131071-04:00",
                "price": 152.3706,
                "share": 20.67,
                "remain_portion": -1
            }
        ],
        "BABA": [],
        "CELH": [
            {
                "uuid": "00000000-0000-0000-0000-0000000000",
                "stock": "CELH",
                "time": "2024-06-25T07:20:02.131105-04:00",
                "price": 59.961,
                "share": 29.98,
                "remain_portion": -1
            }
        ],
        "QCOM": [
            {
                "uuid": "00000000-0000-0000-0000-0000000000",
                "stock": "QCOM",
                "time": "2024-06-25T07:20:02.131366-04:00",
                "price": 213.0742,
                "share": 17.94,
                "remain_portion": -1
            }
        ],
        "AAPL": [],
        "DELL": [
            {
                "uuid": "00000000-0000-0000-0000-0000000000",
                "stock": "DELL",
                "time": "2024-06-25T07:20:02.131401-04:00",
                "price": 139.4204,
                "share": 40.54,
                "remain_portion": -1
            }
        ],
        "SHOP": [
            {
                "uuid": "00000000-0000-0000-0000-0000000000",
                "stock": "SHOP",
                "time": "2024-06-25T08:14:00.098670-04:00",
                "price": 0.58,
                "share": 63.8597,
                "remain_portion": -1
            }
        ],
        "CEG": [],
        "MU": [
            {
                "uuid": "00000000-0000-0000-0000-0000000000",
                "stock": "MU",
                "time": "2024-06-25T07:20:02.131436-04:00",
                "price": 146.4128,
                "share": 13.18,
                "remain_portion": -1
            }
        ],
        "HIMS": [
            {
                "uuid": "00000000-0000-0000-0000-0000000000",
                "stock": "HIMS",
                "time": "2024-06-25T07:20:02.131285-04:00",
                "price": 22.9081,
                "share": 235.23,
                "remain_portion": -1
            }
        ]
    },
    "active_pnl": {
        "TSLA": 0,
        "NVDA": 104.88,
        "META": 0,
        "MSFT": 0,
        "IBM": 0,
        "PLTR": -8.05,
        "BA": -0.39,
        "SNOW": -247.46,
        "GOOGL": 2.21,
        "COIN": -100.5,
        "SMCI": 0,
        "HOOD": 0,
        "CRWD": 0.0,
        "LULU": 3.88,
        "PANW": 100201.92,
        "AMD": 0,
        "ARM": 7.84,
        "BABA": 0,
        "CELH": 7.17,
        "QCOM": -174.92,
        "AAPL": 0,
        "DELL": -25.15,
        "SHOP": 4100.43,
        "CEG": 0,
        "MU": -66.07,
        "HIMS": -166.57
    },
    "active_pnl_percentage": {
        "TSLA": 0,
        "NVDA": 1.82,
        "META": 0,
        "MSFT": 0,
        "IBM": 0,
        "PLTR": -0.34,
        "BA": -0.04,
        "SNOW": -2.08,
        "GOOGL": 0.37,
        "COIN": -3.7,
        "SMCI": 0,
        "HOOD": 0,
        "CRWD": 0,
        "LULU": 0.65,
        "PANW": 35233.33,
        "AMD": 0,
        "ARM": 0.25,
        "BABA": 0,
        "CELH": 0.4,
        "QCOM": -4.58,
        "AAPL": 0,
        "DELL": -0.44,
        "SHOP": 11070.69,
        "CEG": 0,
        "MU": -3.44,
        "HIMS": -3.09
    }
}