{
    "time": "2024-06-27T08:30:18.132277-04:00",
    "daily_start_net_value": 82818.1506,
    "current_net_value": 82818.1506,
    "daily_pnl": 0.0,
    "daily_pnl_percentage": 0.0,
    "remain_portion": 59,
    "positions": {
        "TSLA": 6.0,
        "NVDA": 0.89,
        "META": 0,
        "MSFT": 0,
        "IBM": 19.91,
        "PLTR": 173.98,
        "BA": 0,
        "SNOW": 0,
        "GOOGL": 0,
        "COIN": 14.85,
        "SMCI": 0,
        "HOOD": 0.0,
        "CRWD": 7.13,
        "LULU": 3.82,
        "PANW": 0,
        "AMD": 21.2,
        "ARM": 6.0,
        "BABA": 16.37,
        "CELH": 102.31,
        "QCOM": 28.03,
        "AAPL": 4.0,
        "DELL": 16.73,
        "SHOP": 18.0,
        "CEG": 2.86,
        "MU": 13.18,
        "HIMS": 192.3
    },
    "cash_position": 35789.14,
    "active_orders": {
        "TSLA": [
            {
                "uuid": "00000000-0000-0000-0000-0000000000",
                "stock": "TSLA",
                "time": "2024-06-27T07:01:10.129560-04:00",
                "price": 194.47,
                "share": 6.0,
                "remain_portion": -1
            }
        ],
        "NVDA": [
            {
                "uuid": "00000000-0000-0000-0000-0000000000",
                "stock": "NVDA",
                "time": "2024-06-27T07:01:10.129588-04:00",
                "price": 123.6839,
                "share": 0.89,
                "remain_portion": -1
            }
        ],
        "META": [],
        "MSFT": [],
        "IBM": [
            {
                "uuid": "00000000-0000-0000-0000-0000000000",
                "stock": "IBM",
                "time": "2024-06-27T07:01:10.129616-04:00",
                "price": 172.5253,
                "share": 19.91,
                "remain_portion": -1
            },
            {
                "uuid": "22e710ad-5ca6-4eaa-94e4-faceb236d83e",
                "stock": "IBM",
                "time": "2024-06-27T08:26:16.417478-04:00",
                "price": 171.55,
                "share": 0.0,
                "remain_portion": 59
            }
        ],
        "PLTR": [
            {
                "uuid": "00000000-0000-0000-0000-0000000000",
                "stock": "PLTR",
                "time": "2024-06-27T07:01:10.129732-04:00",
                "price": 24.1343,
                "share": 173.98,
                "remain_portion": -1
            },
            {
                "uuid": "dca25b77-0299-44c5-9b69-ccd6a439406f",
                "stock": "PLTR",
                "time": "2024-06-27T07:30:31.712483-04:00",
                "price": 24.003980000000002,
                "share": 0.0,
                "remain_portion": 61
            }
        ],
        "BA": [],
        "SNOW": [],
        "GOOGL": [],
        "COIN": [
            {
                "uuid": "00000000-0000-0000-0000-0000000000",
                "stock": "COIN",
                "time": "2024-06-27T07:01:10.129897-04:00",
                "price": 223.0363,
                "share": 14.85,
                "remain_portion": -1
            }
        ],
        "SMCI": [],
        "HOOD": [],
        "CRWD": [
            {
                "uuid": "00000000-0000-0000-0000-0000000000",
                "stock": "CRWD",
                "time": "2024-06-27T07:34:46.286503-04:00",
                "price": 7.13,
                "share": 380.9677,
                "remain_portion": -1
            }
        ],
        "LULU": [
            {
                "uuid": "00000000-0000-0000-0000-0000000000",
                "stock": "LULU",
                "time": "2024-06-27T07:01:10.129705-04:00",
                "price": 306.9794,
                "share": 3.82,
                "remain_portion": -1
            }
        ],
        "PANW": [],
        "AMD": [
            {
                "uuid": "00000000-0000-0000-0000-0000000000",
                "stock": "AMD",
                "time": "2024-06-27T07:01:10.129399-04:00",
                "price": 157.2044,
                "share": 21.2,
                "remain_portion": -1
            }
        ],
        "ARM": [
            {
                "uuid": "00000000-0000-0000-0000-0000000000",
                "stock": "ARM",
                "time": "2024-06-27T07:01:10.129777-04:00",
                "price": 162.015,
                "share": 6.0,
                "remain_portion": -1
            }
        ],
        "BABA": [
            {
                "uuid": "00000000-0000-0000-0000-0000000000",
                "stock": "BABA",
                "time": "2024-06-27T07:01:10.129678-04:00",
                "price": 74.3049,
                "share": 16.37,
                "remain_portion": -1
            }
        ],
        "CELH": [
            {
                "uuid": "00000000-0000-0000-0000-0000000000",
                "stock": "CELH",
                "time": "2024-06-27T07:01:10.129833-04:00",
                "price": 56.7967,
                "share": 102.31,
                "remain_portion": -1
            }
        ],
        "QCOM": [
            {
                "uuid": "00000000-0000-0000-0000-0000000000",
                "stock": "QCOM",
                "time": "2024-06-27T07:01:10.129988-04:00",
                "price": 207.9079,
                "share": 28.03,
                "remain_portion": -1
            }
        ],
        "AAPL": [
            {
                "uuid": "00000000-0000-0000-0000-0000000000",
                "stock": "AAPL",
                "time": "2024-06-27T07:01:10.129530-04:00",
                "price": 212.84,
                "share": 4.0,
                "remain_portion": -1
            }
        ],
        "DELL": [
            {
                "uuid": "00000000-0000-0000-0000-0000000000",
                "stock": "DELL",
                "time": "2024-06-27T07:01:10.130037-04:00",
                "price": 138.48,
                "share": 16.73,
                "remain_portion": -1
            }
        ],
        "SHOP": [
            {
                "uuid": "00000000-0000-0000-0000-0000000000",
                "stock": "SHOP",
                "time": "2024-06-27T07:01:10.129955-04:00",
                "price": 65.055,
                "share": 18.0,
                "remain_portion": -1
            }
        ],
        "CEG": [
            {
                "uuid": "00000000-0000-0000-0000-0000000000",
                "stock": "CEG",
                "time": "2024-06-27T07:01:10.130118-04:00",
                "price": 209.535,
                "share": 2.86,
                "remain_portion": -1
            }
        ],
        "MU": [
            {
                "uuid": "00000000-0000-0000-0000-0000000000",
                "stock": "MU",
                "time": "2024-06-27T07:01:10.130069-04:00",
                "price": 146.4128,
                "share": 13.18,
                "remain_portion": -1
            }
        ],
        "HIMS": [
            {
                "uuid": "00000000-0000-0000-0000-0000000000",
                "stock": "HIMS",
                "time": "2024-06-27T07:01:10.129922-04:00",
                "price": 21.7562,
                "share": 192.3,
                "remain_portion": -1
            }
        ]
    },
    "active_pnl": {
        "TSLA": 5.22,
        "NVDA": 0.83,
        "META": 0,
        "MSFT": 0,
        "IBM": -20.41,
        "PLTR": -32.06,
        "BA": 0,
        "SNOW": 0,
        "GOOGL": 0,
        "COIN": -82.51,
        "SMCI": 0,
        "HOOD": 0,
        "CRWD": 142340.96,
        "LULU": 3.44,
        "PANW": 0,
        "AMD": -14.93,
        "ARM": 8.01,
        "BABA": -11.38,
        "CELH": -2.73,
        "QCOM": -319.76,
        "AAPL": 4.64,
        "DELL": -20.58,
        "SHOP": -0.09,
        "CEG": -0.1,
        "MU": -156.22,
        "HIMS": -530.02
    },
    "active_pnl_percentage": {
        "TSLA": 0.37,
        "NVDA": 0.56,
        "META": 0,
        "MSFT": 0,
        "IBM": -0.59,
        "PLTR": -0.76,
        "BA": 0,
        "SNOW": 0,
        "GOOGL": 0,
        "COIN": -2.49,
        "SMCI": 0,
        "HOOD": 0,
        "CRWD": 5240.25,
        "LULU": 0.29,
        "PANW": 0,
        "AMD": -0.45,
        "ARM": 0.82,
        "BABA": -1.04,
        "CELH": -0.05,
        "QCOM": -5.49,
        "AAPL": 0.55,
        "DELL": -0.89,
        "SHOP": -0.01,
        "CEG": -0.02,
        "MU": -8.12,
        "HIMS": -12.67
    }
}