{
    "time": "2024-06-27T20:00:45.842989-04:00",
    "daily_start_net_value": 82818.1506,
    "current_net_value": 82908.1195,
    "daily_pnl": 89.96890000000712,
    "daily_pnl_percentage": 0.11,
    "remain_portion": 50,
    "positions": {
        "TSLA": 0,
        "NVDA": 0.89,
        "META": 0,
        "MSFT": 0,
        "IBM": 25.91,
        "PLTR": 0,
        "BA": 0,
        "SNOW": 0,
        "GOOGL": 0,
        "COIN": 0,
        "SMCI": 0,
        "HOOD": 0.0,
        "CRWD": 1.55,
        "LULU": 2.0,
        "PANW": 0,
        "AMD": 0,
        "ARM": 0,
        "BABA": 32.92,
        "CELH": 0,
        "QCOM": 34.17,
        "AAPL": 0,
        "DELL": 0.0,
        "SHOP": 0,
        "CEG": 0,
        "MU": 17.72,
        "HIMS": 224.3
    },
    "cash_position": 30009.28,
    "active_orders": {
        "TSLA": [],
        "NVDA": [
            {
                "uuid": "00000000-0000-0000-0000-0000000000",
                "stock": "NVDA",
                "time": "2024-06-27T19:49:42.692259-04:00",
                "price": 0.89,
                "share": 123.6839,
                "remain_portion": -1
            }
        ],
        "META": [],
        "MSFT": [],
        "IBM": [
            {
                "uuid": "00000000-0000-0000-0000-0000000000",
                "stock": "IBM",
                "time": "2024-06-27T07:01:10.129616-04:00",
                "price": 172.5253,
                "share": 19.91,
                "remain_portion": -1
            },
            {
                "uuid": "22e710ad-5ca6-4eaa-94e4-faceb236d83e",
                "stock": "IBM",
                "time": "2024-06-27T08:26:16.417478-04:00",
                "price": 171.55,
                "share": 0.0,
                "remain_portion": 59
            },
            {
                "uuid": "74e50b55-c988-488f-8498-032a8da63ea1",
                "stock": "IBM",
                "time": "2024-06-27T14:25:57.711083-04:00",
                "price": 170.66,
                "share": 6.0,
                "remain_portion": 52
            }
        ],
        "PLTR": [],
        "BA": [],
        "SNOW": [],
        "GOOGL": [],
        "COIN": [],
        "SMCI": [],
        "HOOD": [],
        "CRWD": [
            {
                "uuid": "fcd1aad0-a8ce-4cc4-b896-774712b23c49",
                "stock": "CRWD",
                "time": "2024-06-27T15:55:44.761834-04:00",
                "price": 386.95,
                "share": 1.55,
                "remain_portion": 51
            }
        ],
        "LULU": [
            {
                "uuid": "9161e4d5-40e0-422d-94de-eeb8d1ba3ea1",
                "stock": "LULU",
                "time": "2024-06-27T16:46:18.152465-04:00",
                "price": 304.79,
                "share": 0.0,
                "remain_portion": 51
            },
            {
                "uuid": "8b3af3cf-308f-4ddf-9aa1-e430811771ca",
                "stock": "LULU",
                "time": "2024-06-27T17:00:23.567356-04:00",
                "price": 304.05,
                "share": 1.0,
                "remain_portion": 50
            },
            {
                "uuid": "838ef502-f96f-4721-9e19-a8ef449e7456",
                "stock": "LULU",
                "time": "2024-06-27T17:50:49.666374-04:00",
                "price": 303.05,
                "share": 1.0,
                "remain_portion": 50
            }
        ],
        "PANW": [],
        "AMD": [],
        "ARM": [],
        "BABA": [
            {
                "uuid": "00000000-0000-0000-0000-0000000000",
                "stock": "BABA",
                "time": "2024-06-27T07:01:10.129678-04:00",
                "price": 74.3049,
                "share": 16.37,
                "remain_portion": -1
            },
            {
                "uuid": "7a1b75f0-0a0a-430d-9e89-3c60868c915e",
                "stock": "BABA",
                "time": "2024-06-27T14:00:46.977436-04:00",
                "price": 72.52,
                "share": 8.27,
                "remain_portion": 54
            },
            {
                "uuid": "e713dc6b-3428-489f-8827-d6855a84d289",
                "stock": "BABA",
                "time": "2024-06-27T14:15:53.616747-04:00",
                "price": 72.48,
                "share": 8.280000000000001,
                "remain_portion": 53
            }
        ],
        "CELH": [],
        "QCOM": [
            {
                "uuid": "00000000-0000-0000-0000-0000000000",
                "stock": "QCOM",
                "time": "2024-06-27T07:01:10.129988-04:00",
                "price": 207.9079,
                "share": 28.03,
                "remain_portion": -1
            },
            {
                "uuid": "44601118-9949-4954-aa49-440694d7f8e6",
                "stock": "QCOM",
                "time": "2024-06-27T11:06:21.392609-04:00",
                "price": 195.8,
                "share": 3.0599999999999987,
                "remain_portion": 57
            },
            {
                "uuid": "855a3086-4969-4b97-b765-dcff7f031cfb",
                "stock": "QCOM",
                "time": "2024-06-27T11:21:26.769876-04:00",
                "price": 195.06,
                "share": 3.0,
                "remain_portion": 56
            },
            {
                "uuid": "a2e5b384-3d17-4e7a-8d52-e4f22cf9bbe4",
                "stock": "QCOM",
                "time": "2024-06-27T11:36:41.100951-04:00",
                "price": 194.35,
                "share": 3.080000000000002,
                "remain_portion": 57
            }
        ],
        "AAPL": [],
        "DELL": [],
        "SHOP": [],
        "CEG": [],
        "MU": [
            {
                "uuid": "00000000-0000-0000-0000-0000000000",
                "stock": "MU",
                "time": "2024-06-27T07:01:10.130069-04:00",
                "price": 146.4128,
                "share": 13.18,
                "remain_portion": -1
            },
            {
                "uuid": "ead0df0a-6bf7-4f5d-80d7-06f5f801c97f",
                "stock": "MU",
                "time": "2024-06-27T12:05:54.470056-04:00",
                "price": 132.23,
                "share": 4.539999999999999,
                "remain_portion": 55
            }
        ],
        "HIMS": [
            {
                "uuid": "00000000-0000-0000-0000-0000000000",
                "stock": "HIMS",
                "time": "2024-06-27T07:01:10.129922-04:00",
                "price": 21.7562,
                "share": 192.3,
                "remain_portion": -1
            },
            {
                "uuid": "bc1980e6-85f0-4f48-9689-bc4c38bf28e3",
                "stock": "HIMS",
                "time": "2024-06-27T08:35:40.940112-04:00",
                "price": 18.5185,
                "share": 32.0,
                "remain_portion": 58
            }
        ]
    },
    "active_pnl": {
        "TSLA": 0,
        "NVDA": 15287.33,
        "META": 0,
        "MSFT": 0,
        "IBM": -31.3,
        "PLTR": 0,
        "BA": 0,
        "SNOW": 0,
        "GOOGL": 0,
        "COIN": 0,
        "SMCI": 0,
        "HOOD": 0,
        "CRWD": 2.02,
        "LULU": 0.9,
        "PANW": 0,
        "AMD": 0,
        "ARM": 0,
        "BABA": -25.27,
        "CELH": 0,
        "QCOM": -394.03,
        "AAPL": 0,
        "DELL": 0,
        "SHOP": 0,
        "CEG": 0,
        "MU": -166.55,
        "HIMS": -267.88
    },
    "active_pnl_percentage": {
        "TSLA": 0,
        "NVDA": 13887.64,
        "META": 0,
        "MSFT": 0,
        "IBM": -0.7,
        "PLTR": 0,
        "BA": 0,
        "SNOW": 0,
        "GOOGL": 0,
        "COIN": 0,
        "SMCI": 0,
        "HOOD": 0,
        "CRWD": 0.34,
        "LULU": 0.15,
        "PANW": 0,
        "AMD": 0,
        "ARM": 0,
        "BABA": -1.05,
        "CELH": 0,
        "QCOM": -5.18,
        "AAPL": 0,
        "DELL": 0,
        "SHOP": 0,
        "CEG": 0,
        "MU": -6.58,
        "HIMS": -5.61
    }
}