{
    "time": "2024-06-20T08:30:54.137421-04:00",
    "daily_start_net_value": 82493.9383,
    "current_net_value": 82493.9383,
    "daily_pnl": 0.0,
    "daily_pnl_percentage": 0.0,
    "remain_portion": 99,
    "positions": {
        "TSLA": 0,
        "NVDA": 0,
        "META": 4.82,
        "MSFT": 0,
        "IBM": 9.22,
        "PLTR": 0,
        "BA": 0,
        "SNOW": 67.58,
        "GOOGL": 13.73,
        "COIN": 2.0,
        "SMCI": 0,
        "HOOD": 13.0,
        "CRWD": 0,
        "LULU": 0,
        "PANW": 1.0,
        "AMD": 7.76,
        "ARM": 0,
        "BABA": 0.81,
        "CELH": 0,
        "QCOM": 2.63,
        "AAPL": 0,
        "DELL": 0.02,
        "SHOP": 27.81,
        "CEG": 0,
        "MU": 0.86,
        "HIMS": 0
    },
    "cash_position": 59655.97,
    "active_orders": {
        "TSLA": [],
        "NVDA": [],
        "META": [
            {
                "uuid": "00000000-0000-0000-0000-0000000000",
                "stock": "META",
                "time": "2024-06-20T07:14:33.999455-04:00",
                "price": 498.4524,
                "share": 4.82,
                "remain_portion": -1
            }
        ],
        "MSFT": [],
        "IBM": [
            {
                "uuid": "00000000-0000-0000-0000-0000000000",
                "stock": "IBM",
                "time": "2024-06-20T08:19:13.616268-04:00",
                "price": 9.22,
                "share": 168.9294,
                "remain_portion": -1
            }
        ],
        "PLTR": [],
        "BA": [],
        "SNOW": [
            {
                "uuid": "00000000-0000-0000-0000-0000000000",
                "stock": "SNOW",
                "time": "2024-06-20T07:14:33.999883-04:00",
                "price": 128.7756,
                "share": 67.58,
                "remain_portion": -1
            }
        ],
        "GOOGL": [
            {
                "uuid": "00000000-0000-0000-0000-0000000000",
                "stock": "GOOGL",
                "time": "2024-06-20T07:14:33.999715-04:00",
                "price": 174.8544,
                "share": 13.73,
                "remain_portion": -1
            }
        ],
        "COIN": [
            {
                "uuid": "00000000-0000-0000-0000-0000000000",
                "stock": "COIN",
                "time": "2024-06-20T07:14:33.999994-04:00",
                "price": 236.19,
                "share": 2.0,
                "remain_portion": -1
            }
        ],
        "SMCI": [],
        "HOOD": [
            {
                "uuid": "00000000-0000-0000-0000-0000000000",
                "stock": "HOOD",
                "time": "2024-06-20T07:14:33.999792-04:00",
                "price": 22.18,
                "share": 13.0,
                "remain_portion": -1
            }
        ],
        "CRWD": [],
        "LULU": [],
        "PANW": [
            {
                "uuid": "00000000-0000-0000-0000-0000000000",
                "stock": "PANW",
                "time": "2024-06-20T07:14:33.999928-04:00",
                "price": 316.88,
                "share": 1.0,
                "remain_portion": -1
            }
        ],
        "AMD": [
            {
                "uuid": "00000000-0000-0000-0000-0000000000",
                "stock": "AMD",
                "time": "2024-06-20T07:14:33.999663-04:00",
                "price": 154.7642,
                "share": 7.76,
                "remain_portion": -1
            }
        ],
        "ARM": [],
        "BABA": [
            {
                "uuid": "00000000-0000-0000-0000-0000000000",
                "stock": "BABA",
                "time": "2024-06-20T08:17:34.937677-04:00",
                "price": 0.81,
                "share": 75.2889,
                "remain_portion": -1
            }
        ],
        "CELH": [],
        "QCOM": [
            {
                "uuid": "00000000-0000-0000-0000-0000000000",
                "stock": "QCOM",
                "time": "2024-06-20T07:14:34.000076-04:00",
                "price": 227.7567,
                "share": 2.63,
                "remain_portion": -1
            }
        ],
        "AAPL": [],
        "DELL": [
            {
                "uuid": "00000000-0000-0000-0000-0000000000",
                "stock": "DELL",
                "time": "2024-06-20T07:14:34.000140-04:00",
                "price": 148.99,
                "share": 0.02,
                "remain_portion": -1
            }
        ],
        "SHOP": [
            {
                "uuid": "00000000-0000-0000-0000-0000000000",
                "stock": "SHOP",
                "time": "2024-06-20T07:14:34.000031-04:00",
                "price": 64.7188,
                "share": 27.81,
                "remain_portion": -1
            }
        ],
        "CEG": [],
        "MU": [
            {
                "uuid": "00000000-0000-0000-0000-0000000000",
                "stock": "MU",
                "time": "2024-06-20T07:14:34.000184-04:00",
                "price": 152.7455,
                "share": 0.86,
                "remain_portion": -1
            }
        ],
        "HIMS": []
    },
    "active_pnl": {
        "TSLA": 0,
        "NVDA": 0,
        "META": 24.09,
        "MSFT": 0,
        "IBM": 27667.26,
        "PLTR": 0,
        "BA": 0,
        "SNOW": -32.14,
        "GOOGL": 9.28,
        "COIN": 10.92,
        "SMCI": 0,
        "HOOD": -0.78,
        "CRWD": 0,
        "LULU": 0,
        "PANW": 2.09,
        "AMD": 8.81,
        "ARM": 0,
        "BABA": 5609.02,
        "CELH": 0,
        "QCOM": -0.41,
        "AAPL": 0,
        "DELL": 0.12,
        "SHOP": -6.09,
        "CEG": 0,
        "MU": 4.44,
        "HIMS": 0
    },
    "active_pnl_percentage": {
        "TSLA": 0,
        "NVDA": 0,
        "META": 1.0,
        "MSFT": 0,
        "IBM": 1776.36,
        "PLTR": 0,
        "BA": 0,
        "SNOW": -0.37,
        "GOOGL": 0.39,
        "COIN": 2.31,
        "SMCI": 0,
        "HOOD": -0.27,
        "CRWD": 0,
        "LULU": 0,
        "PANW": 0.66,
        "AMD": 0.73,
        "ARM": 0,
        "BABA": 9197.53,
        "CELH": 0,
        "QCOM": -0.07,
        "AAPL": 0,
        "DELL": 3.95,
        "SHOP": -0.34,
        "CEG": 0,
        "MU": 3.38,
        "HIMS": 0
    }
}