{
    "time": "2024-06-17T07:30:09.017726-04:00",
    "daily_start_net_value": 57396.1519,
    "current_net_value": 57396.1519,
    "daily_pnl": 0.0,
    "daily_pnl_percentage": 0.0,
    "remain_portion": 169,
    "positions": {
        "TSLA": 4.0,
        "NVDA": 2.0,
        "META": 0,
        "MSFT": 0,
        "IBM": 0,
        "PLTR": 0,
        "BA": 5.09,
        "SNOW": 0,
        "GOOGL": 0,
        "COIN": 0,
        "SMCI": 0,
        "HOOD": 39.87,
        "CRWD": 0,
        "LULU": 1.9345,
        "PANW": 1.8962,
        "C": 5.0,
        "AMD": 0,
        "ARM": 0,
        "BABA": 23.81,
        "CELH": 9.91
    },
    "cash_position": 50796.28,
    "active_orders": {
        "TSLA": [
            {
                "uuid": "00000000-0000-0000-0000-0000000000",
                "stock": "TSLA",
                "time": "2024-06-17T07:25:13.094930-04:00",
                "price": 177.6875,
                "share": 4.0,
                "remain_portion": -1
            }
        ],
        "NVDA": [
            {
                "uuid": "00000000-0000-0000-0000-0000000000",
                "stock": "NVDA",
                "time": "2024-06-17T07:25:13.094972-04:00",
                "price": 131.17,
                "share": 2.0,
                "remain_portion": -1
            }
        ],
        "META": [],
        "MSFT": [],
        "IBM": [],
        "PLTR": [],
        "BA": [
            {
                "uuid": "00000000-0000-0000-0000-0000000000",
                "stock": "BA",
                "time": "2024-06-17T07:25:13.095019-04:00",
                "price": 177.0707,
                "share": 5.09,
                "remain_portion": -1
            }
        ],
        "SNOW": [],
        "GOOGL": [],
        "COIN": [],
        "SMCI": [],
        "HOOD": [
            {
                "uuid": "00000000-0000-0000-0000-0000000000",
                "stock": "HOOD",
                "time": "2024-06-17T07:25:13.095061-04:00",
                "price": 22.5659,
                "share": 39.87,
                "remain_portion": -1
            }
        ],
        "CRWD": [],
        "LULU": [
            {
                "uuid": "00000000-0000-0000-0000-0000000000",
                "stock": "LULU",
                "time": "2024-06-17T07:25:13.095156-04:00",
                "price": 310.1008,
                "share": 1.9345,
                "remain_portion": -1
            }
        ],
        "PANW": [
            {
                "uuid": "00000000-0000-0000-0000-0000000000",
                "stock": "PANW",
                "time": "2024-06-17T07:25:13.095210-04:00",
                "price": 316.3274,
                "share": 1.8962,
                "remain_portion": -1
            }
        ],
        "C": [
            {
                "uuid": "00000000-0000-0000-0000-0000000000",
                "stock": "C",
                "time": "2024-06-17T07:25:13.094757-04:00",
                "price": 59.35,
                "share": 5.0,
                "remain_portion": -1
            }
        ],
        "AMD": [],
        "ARM": [],
        "BABA": [
            {
                "uuid": "00000000-0000-0000-0000-0000000000",
                "stock": "BABA",
                "time": "2024-06-17T07:25:13.095112-04:00",
                "price": 75.564,
                "share": 23.81,
                "remain_portion": -1
            }
        ],
        "CELH": [
            {
                "uuid": "00000000-0000-0000-0000-0000000000",
                "stock": "CELH",
                "time": "2024-06-17T07:25:13.095244-04:00",
                "price": 60.5429,
                "share": 9.91,
                "remain_portion": -1
            }
        ]
    },
    "active_pnl": {
        "TSLA": 3.25,
        "NVDA": 2.84,
        "META": 0,
        "MSFT": 0,
        "IBM": 0,
        "PLTR": 0,
        "BA": -1.43,
        "SNOW": 0,
        "GOOGL": 0,
        "COIN": 0,
        "SMCI": 0,
        "HOOD": -7.81,
        "CRWD": 0,
        "LULU": -8.47,
        "PANW": 1.28,
        "C": -0.75,
        "AMD": 0,
        "ARM": 0,
        "BABA": -37.24,
        "CELH": -17.77
    },
    "active_pnl_percentage": {
        "TSLA": 0.46,
        "NVDA": 1.08,
        "META": 0,
        "MSFT": 0,
        "IBM": 0,
        "PLTR": 0,
        "BA": -0.16,
        "SNOW": 0,
        "GOOGL": 0,
        "COIN": 0,
        "SMCI": 0,
        "HOOD": -0.87,
        "CRWD": 0,
        "LULU": -1.41,
        "PANW": 0.21,
        "C": -0.25,
        "AMD": 0,
        "ARM": 0,
        "BABA": -2.07,
        "CELH": -2.96
    }
}