{
    "time": "2024-06-27T11:32:29.909325-04:00",
    "daily_start_net_value": 82818.1506,
    "current_net_value": 82680.1703,
    "daily_pnl": -137.98029999999562,
    "daily_pnl_percentage": -0.17,
    "remain_portion": 56,
    "positions": {
        "TSLA": 0,
        "NVDA": 0.89,
        "META": 0,
        "MSFT": 0,
        "IBM": 19.91,
        "PLTR": 0,
        "BA": 0,
        "SNOW": 0,
        "GOOGL": 0,
        "COIN": 14.85,
        "SMCI": 0,
        "HOOD": 0.0,
        "CRWD": 0,
        "LULU": 0,
        "PANW": 0,
        "AMD": 0,
        "ARM": 0,
        "BABA": 16.37,
        "CELH": 0,
        "QCOM": 31.09,
        "AAPL": 0,
        "DELL": 0.0,
        "SHOP": 0,
        "CEG": 0,
        "MU": 13.18,
        "HIMS": 224.3
    },
    "cash_position": 33996.65,
    "active_orders": {
        "TSLA": [],
        "NVDA": [
            {
                "uuid": "00000000-0000-0000-0000-0000000000",
                "stock": "NVDA",
                "time": "2024-06-27T08:55:51.271520-04:00",
                "price": 0.89,
                "share": 123.6839,
                "remain_portion": -1
            }
        ],
        "META": [],
        "MSFT": [],
        "IBM": [
            {
                "uuid": "00000000-0000-0000-0000-0000000000",
                "stock": "IBM",
                "time": "2024-06-27T07:01:10.129616-04:00",
                "price": 172.5253,
                "share": 19.91,
                "remain_portion": -1
            },
            {
                "uuid": "22e710ad-5ca6-4eaa-94e4-faceb236d83e",
                "stock": "IBM",
                "time": "2024-06-27T08:26:16.417478-04:00",
                "price": 171.55,
                "share": 0.0,
                "remain_portion": 59
            }
        ],
        "PLTR": [],
        "BA": [],
        "SNOW": [],
        "GOOGL": [],
        "COIN": [
            {
                "uuid": "00000000-0000-0000-0000-0000000000",
                "stock": "COIN",
                "time": "2024-06-27T07:01:10.129897-04:00",
                "price": 223.0363,
                "share": 14.85,
                "remain_portion": -1
            }
        ],
        "SMCI": [],
        "HOOD": [],
        "CRWD": [],
        "LULU": [],
        "PANW": [],
        "AMD": [],
        "ARM": [],
        "BABA": [
            {
                "uuid": "00000000-0000-0000-0000-0000000000",
                "stock": "BABA",
                "time": "2024-06-27T07:01:10.129678-04:00",
                "price": 74.3049,
                "share": 16.37,
                "remain_portion": -1
            }
        ],
        "CELH": [],
        "QCOM": [
            {
                "uuid": "00000000-0000-0000-0000-0000000000",
                "stock": "QCOM",
                "time": "2024-06-27T07:01:10.129988-04:00",
                "price": 207.9079,
                "share": 28.03,
                "remain_portion": -1
            },
            {
                "uuid": "44601118-9949-4954-aa49-440694d7f8e6",
                "stock": "QCOM",
                "time": "2024-06-27T11:06:21.392609-04:00",
                "price": 195.8,
                "share": 3.0599999999999987,
                "remain_portion": 57
            },
            {
                "uuid": "855a3086-4969-4b97-b765-dcff7f031cfb",
                "stock": "QCOM",
                "time": "2024-06-27T11:21:26.769876-04:00",
                "price": 195.06,
                "share": 3.0,
                "remain_portion": 56
            }
        ],
        "AAPL": [],
        "DELL": [],
        "SHOP": [],
        "CEG": [],
        "MU": [
            {
                "uuid": "00000000-0000-0000-0000-0000000000",
                "stock": "MU",
                "time": "2024-06-27T07:01:10.130069-04:00",
                "price": 146.4128,
                "share": 13.18,
                "remain_portion": -1
            }
        ],
        "HIMS": [
            {
                "uuid": "00000000-0000-0000-0000-0000000000",
                "stock": "HIMS",
                "time": "2024-06-27T07:01:10.129922-04:00",
                "price": 21.7562,
                "share": 192.3,
                "remain_portion": -1
            },
            {
                "uuid": "bc1980e6-85f0-4f48-9689-bc4c38bf28e3",
                "stock": "HIMS",
                "time": "2024-06-27T08:35:40.940112-04:00",
                "price": 18.5185,
                "share": 32.0,
                "remain_portion": 58
            }
        ]
    },
    "active_pnl": {
        "TSLA": 0,
        "NVDA": 15152.51,
        "META": 0,
        "MSFT": 0,
        "IBM": -8.07,
        "PLTR": 0,
        "BA": 0,
        "SNOW": 0,
        "GOOGL": 0,
        "COIN": -51.77,
        "SMCI": 0,
        "HOOD": 0,
        "CRWD": 0,
        "LULU": 0,
        "PANW": 0,
        "AMD": 0,
        "ARM": 0,
        "BABA": -25.13,
        "CELH": 0,
        "QCOM": -377.71,
        "AAPL": 0,
        "DELL": 0,
        "SHOP": 0,
        "CEG": 0,
        "MU": -180.21,
        "HIMS": -442.83
    },
    "active_pnl_percentage": {
        "TSLA": 0,
        "NVDA": 13755.06,
        "META": 0,
        "MSFT": 0,
        "IBM": -0.23,
        "PLTR": 0,
        "BA": 0,
        "SNOW": 0,
        "GOOGL": 0,
        "COIN": -1.6,
        "SMCI": 0,
        "HOOD": 0,
        "CRWD": 0,
        "LULU": 0,
        "PANW": 0,
        "AMD": 0,
        "ARM": 0,
        "BABA": -2.05,
        "CELH": 0,
        "QCOM": -5.38,
        "AAPL": 0,
        "DELL": 0,
        "SHOP": 0,
        "CEG": 0,
        "MU": -9.32,
        "HIMS": -9.27
    }
}