{
    "time": "2024-06-17T12:32:07.978824-04:00",
    "daily_start_net_value": 57396.1519,
    "current_net_value": 57439.4548,
    "daily_pnl": 43.30290000000241,
    "daily_pnl_percentage": 0.08,
    "remain_portion": 166,
    "positions": {
        "TSLA": 0,
        "NVDA": 0,
        "META": 0.5972,
        "MSFT": 0,
        "IBM": 0,
        "PLTR": 0,
        "BA": 0,
        "SNOW": 0,
        "GOOGL": 0,
        "COIN": 0,
        "SMCI": 0,
        "HOOD": 39.87,
        "CRWD": 0,
        "LULU": 0,
        "PANW": 2.8489,
        "C": 0,
        "AMD": 0,
        "ARM": 0,
        "BABA": 23.81,
        "CELH": 9.91
    },
    "cash_position": 49897.04,
    "active_orders": {
        "TSLA": [],
        "NVDA": [],
        "META": [
            {
                "uuid": "dd83f4f3-1c23-45f9-9b2a-6294f8c7cba9",
                "stock": "META",
                "time": "2024-06-17T09:30:54.472717-04:00",
                "price": 502.32,
                "share": 0.5972,
                "remain_portion": 168
            }
        ],
        "MSFT": [],
        "IBM": [],
        "PLTR": [],
        "BA": [],
        "SNOW": [],
        "GOOGL": [],
        "COIN": [],
        "SMCI": [],
        "HOOD": [
            {
                "uuid": "00000000-0000-0000-0000-0000000000",
                "stock": "HOOD",
                "time": "2024-06-17T07:25:13.095061-04:00",
                "price": 22.5659,
                "share": 39.87,
                "remain_portion": -1
            }
        ],
        "CRWD": [],
        "LULU": [],
        "PANW": [
            {
                "uuid": "00000000-0000-0000-0000-0000000000",
                "stock": "PANW",
                "time": "2024-06-17T07:25:13.095210-04:00",
                "price": 316.3274,
                "share": 1.8962,
                "remain_portion": -1
            },
            {
                "uuid": "8cc46e76-07f9-40bd-a240-78944ba8a74a",
                "stock": "PANW",
                "time": "2024-06-17T09:31:01.117903-04:00",
                "price": 314.88,
                "share": 0.9526999999999999,
                "remain_portion": 166
            }
        ],
        "C": [],
        "AMD": [],
        "ARM": [],
        "BABA": [
            {
                "uuid": "00000000-0000-0000-0000-0000000000",
                "stock": "BABA",
                "time": "2024-06-17T07:25:13.095112-04:00",
                "price": 75.564,
                "share": 23.81,
                "remain_portion": -1
            }
        ],
        "CELH": [
            {
                "uuid": "00000000-0000-0000-0000-0000000000",
                "stock": "CELH",
                "time": "2024-06-17T07:25:13.095244-04:00",
                "price": 60.5429,
                "share": 9.91,
                "remain_portion": -1
            }
        ]
    },
    "active_pnl": {
        "TSLA": 0,
        "NVDA": 0,
        "META": -0.31,
        "MSFT": 0,
        "IBM": 0,
        "PLTR": 0,
        "BA": 0,
        "SNOW": 0,
        "GOOGL": 0,
        "COIN": 0,
        "SMCI": 0,
        "HOOD": -10.35,
        "CRWD": 0,
        "LULU": 0,
        "PANW": 8.58,
        "C": 0,
        "AMD": 0,
        "ARM": 0,
        "BABA": -27.83,
        "CELH": -22.82
    },
    "active_pnl_percentage": {
        "TSLA": 0,
        "NVDA": 0,
        "META": -0.1,
        "MSFT": 0,
        "IBM": 0,
        "PLTR": 0,
        "BA": 0,
        "SNOW": 0,
        "GOOGL": 0,
        "COIN": 0,
        "SMCI": 0,
        "HOOD": -1.15,
        "CRWD": 0,
        "LULU": 0,
        "PANW": 0.99,
        "C": 0,
        "AMD": 0,
        "ARM": 0,
        "BABA": -1.55,
        "CELH": -3.7
    }
}