{
    "time": "2024-06-25T17:35:50.393322-04:00",
    "daily_start_net_value": 81738.0761,
    "current_net_value": 82593.4952,
    "daily_pnl": 855.4190999999992,
    "daily_pnl_percentage": 1.05,
    "remain_portion": 36,
    "positions": {
        "TSLA": 0,
        "NVDA": 0,
        "META": 0,
        "MSFT": 0,
        "IBM": 10.41,
        "PLTR": 0,
        "BA": 0,
        "SNOW": 98.01,
        "GOOGL": 0,
        "COIN": 12.04,
        "SMCI": 0,
        "HOOD": 0,
        "CRWD": 0,
        "LULU": 5.82,
        "PANW": 0,
        "AMD": 0.82,
        "ARM": 0,
        "BABA": 24.37,
        "CELH": 62.31,
        "QCOM": 17.94,
        "AAPL": 0,
        "DELL": 0,
        "SHOP": 0,
        "CEG": 0,
        "MU": 13.18,
        "HIMS": 0
    },
    "cash_position": 21829.38,
    "active_orders": {
        "TSLA": [],
        "NVDA": [],
        "META": [],
        "MSFT": [],
        "IBM": [
            {
                "uuid": "c078e925-497f-4322-adc0-991db8038a54",
                "stock": "IBM",
                "time": "2024-06-25T10:00:58.960068-04:00",
                "price": 173.59,
                "share": 3.46,
                "remain_portion": 52
            },
            {
                "uuid": "293eb4ee-0401-47c2-9135-ba7e3fca4453",
                "stock": "IBM",
                "time": "2024-06-25T10:16:07.827048-04:00",
                "price": 173.56,
                "share": 3.46,
                "remain_portion": 50
            },
            {
                "uuid": "232236fe-5a43-42c5-afc7-a4dc6627c50e",
                "stock": "IBM",
                "time": "2024-06-25T12:56:06.239466-04:00",
                "price": 171.91,
                "share": 0.4900000000000002,
                "remain_portion": 40
            },
            {
                "uuid": "98147515-19ad-472c-a261-348b710b38c9",
                "stock": "IBM",
                "time": "2024-06-25T13:11:11.705598-04:00",
                "price": 171.65,
                "share": 3.0,
                "remain_portion": 39
            }
        ],
        "PLTR": [],
        "BA": [],
        "SNOW": [
            {
                "uuid": "00000000-0000-0000-0000-0000000000",
                "stock": "SNOW",
                "time": "2024-06-25T07:20:02.130973-04:00",
                "price": 127.9895,
                "share": 93.16,
                "remain_portion": -1
            },
            {
                "uuid": "2f4e284a-6b38-4886-927c-ea3e7c0c7862",
                "stock": "SNOW",
                "time": "2024-06-25T15:41:22.014262-04:00",
                "price": 123.66,
                "share": 4.8500000000000085,
                "remain_portion": 37
            }
        ],
        "GOOGL": [],
        "COIN": [
            {
                "uuid": "00000000-0000-0000-0000-0000000000",
                "stock": "COIN",
                "time": "2024-06-25T07:20:02.131175-04:00",
                "price": 225.3405,
                "share": 12.04,
                "remain_portion": -1
            }
        ],
        "SMCI": [],
        "HOOD": [],
        "CRWD": [],
        "LULU": [
            {
                "uuid": "f7a6f474-bbe6-4fe8-99e5-53846e7befa7",
                "stock": "LULU",
                "time": "2024-06-25T12:21:43.896764-04:00",
                "price": 311.38,
                "share": 1.93,
                "remain_portion": 42
            },
            {
                "uuid": "392da4c3-0ba7-4d80-aa5f-f675b9b65ce0",
                "stock": "LULU",
                "time": "2024-06-25T14:05:36.336953-04:00",
                "price": 309.72,
                "share": 1.9400000000000002,
                "remain_portion": 38
            },
            {
                "uuid": "88181d75-8b15-45fe-b689-f9b508b828d6",
                "stock": "LULU",
                "time": "2024-06-25T15:50:26.742466-04:00",
                "price": 308.27,
                "share": 1.9500000000000002,
                "remain_portion": 36
            }
        ],
        "PANW": [],
        "AMD": [
            {
                "uuid": "00000000-0000-0000-0000-0000000000",
                "stock": "AMD",
                "time": "2024-06-25T16:10:21.758933-04:00",
                "price": 0.82,
                "share": 157.0288,
                "remain_portion": -1
            }
        ],
        "ARM": [],
        "BABA": [
            {
                "uuid": "cb7887e9-9076-498f-b6b0-9e37d48c57ba",
                "stock": "BABA",
                "time": "2024-06-25T11:06:45.957526-04:00",
                "price": 73.92,
                "share": 8.12,
                "remain_portion": 48
            },
            {
                "uuid": "ce47344b-d80d-498b-8b5f-efa109c5ba00",
                "stock": "BABA",
                "time": "2024-06-25T11:21:08.186863-04:00",
                "price": 73.98,
                "share": 8.110000000000001,
                "remain_portion": 45
            },
            {
                "uuid": "8d76f542-face-43d9-9d1d-f7f91186665b",
                "stock": "BABA",
                "time": "2024-06-25T12:21:46.656929-04:00",
                "price": 73.71,
                "share": 8.14,
                "remain_portion": 41
            }
        ],
        "CELH": [
            {
                "uuid": "00000000-0000-0000-0000-0000000000",
                "stock": "CELH",
                "time": "2024-06-25T07:20:02.131105-04:00",
                "price": 59.961,
                "share": 29.98,
                "remain_portion": -1
            },
            {
                "uuid": "802672c4-4a69-452c-ba5d-c1cfaa854b5c",
                "stock": "CELH",
                "time": "2024-06-25T09:51:50.912501-04:00",
                "price": 56.25,
                "share": 10.669999999999998,
                "remain_portion": 53
            },
            {
                "uuid": "66277fda-6855-47f0-99d6-bbafa403ad3b",
                "stock": "CELH",
                "time": "2024-06-25T11:13:03.963070-04:00",
                "price": 55.67,
                "share": 10.780000000000001,
                "remain_portion": 46
            },
            {
                "uuid": "a2c80ded-3179-4ebc-bc96-0bf7e3e95709",
                "stock": "CELH",
                "time": "2024-06-25T12:01:36.718044-04:00",
                "price": 55.13,
                "share": 10.880000000000003,
                "remain_portion": 43
            }
        ],
        "QCOM": [
            {
                "uuid": "00000000-0000-0000-0000-0000000000",
                "stock": "QCOM",
                "time": "2024-06-25T07:20:02.131366-04:00",
                "price": 213.0742,
                "share": 17.94,
                "remain_portion": -1
            }
        ],
        "AAPL": [],
        "DELL": [],
        "SHOP": [],
        "CEG": [],
        "MU": [
            {
                "uuid": "00000000-0000-0000-0000-0000000000",
                "stock": "MU",
                "time": "2024-06-25T07:20:02.131436-04:00",
                "price": 146.4128,
                "share": 13.18,
                "remain_portion": -1
            }
        ],
        "HIMS": []
    },
    "active_pnl": {
        "TSLA": 0,
        "NVDA": 0,
        "META": 0,
        "MSFT": 0,
        "IBM": -3.56,
        "PLTR": 0,
        "BA": 0,
        "SNOW": -339.63,
        "GOOGL": 0,
        "COIN": -37.09,
        "SMCI": 0,
        "HOOD": 0,
        "CRWD": 0,
        "LULU": -4.16,
        "PANW": 0,
        "AMD": 25024.11,
        "ARM": 0,
        "BABA": 0.98,
        "CELH": -123.34,
        "QCOM": -188.43,
        "AAPL": 0,
        "DELL": 0,
        "SHOP": 0,
        "CEG": 0,
        "MU": -51.7,
        "HIMS": 0
    },
    "active_pnl_percentage": {
        "TSLA": 0,
        "NVDA": 0,
        "META": 0,
        "MSFT": 0,
        "IBM": -0.2,
        "PLTR": 0,
        "BA": 0,
        "SNOW": -2.71,
        "GOOGL": 0,
        "COIN": -1.37,
        "SMCI": 0,
        "HOOD": 0,
        "CRWD": 0,
        "LULU": -0.23,
        "PANW": 0,
        "AMD": 19434.15,
        "ARM": 0,
        "BABA": 0.05,
        "CELH": -3.43,
        "QCOM": -4.93,
        "AAPL": 0,
        "DELL": 0,
        "SHOP": 0,
        "CEG": 0,
        "MU": -2.68,
        "HIMS": 0
    }
}