{
    "time": "2024-06-17T14:32:53.370164-04:00",
    "daily_start_net_value": 57396.1519,
    "current_net_value": 57471.0304,
    "daily_pnl": 74.87850000000617,
    "daily_pnl_percentage": 0.13,
    "remain_portion": 166,
    "positions": {
        "TSLA": 0,
        "NVDA": 0,
        "META": 0,
        "MSFT": 0,
        "IBM": 0,
        "PLTR": 0,
        "BA": 0,
        "SNOW": 0,
        "GOOGL": 0,
        "COIN": 0,
        "SMCI": 0,
        "HOOD": 0,
        "CRWD": 0,
        "LULU": 0,
        "PANW": 0,
        "C": 0,
        "AMD": 0,
        "ARM": 0,
        "BABA": 23.81,
        "CELH": 9.91
    },
    "cash_position": 49897.04,
    "active_orders": {
        "TSLA": [],
        "NVDA": [],
        "META": [],
        "MSFT": [],
        "IBM": [],
        "PLTR": [],
        "BA": [],
        "SNOW": [],
        "GOOGL": [],
        "COIN": [],
        "SMCI": [],
        "HOOD": [],
        "CRWD": [],
        "LULU": [],
        "PANW": [],
        "C": [],
        "AMD": [],
        "ARM": [],
        "BABA": [
            {
                "uuid": "00000000-0000-0000-0000-0000000000",
                "stock": "BABA",
                "time": "2024-06-17T07:25:13.095112-04:00",
                "price": 75.564,
                "share": 23.81,
                "remain_portion": -1
            }
        ],
        "CELH": [
            {
                "uuid": "00000000-0000-0000-0000-0000000000",
                "stock": "CELH",
                "time": "2024-06-17T07:25:13.095244-04:00",
                "price": 60.5429,
                "share": 9.91,
                "remain_portion": -1
            }
        ]
    },
    "active_pnl": {
        "TSLA": 0,
        "NVDA": 0,
        "META": 0,
        "MSFT": 0,
        "IBM": 0,
        "PLTR": 0,
        "BA": 0,
        "SNOW": 0,
        "GOOGL": 0,
        "COIN": 0,
        "SMCI": 0,
        "HOOD": 0,
        "CRWD": 0,
        "LULU": 0,
        "PANW": 0,
        "C": 0,
        "AMD": 0,
        "ARM": 0,
        "BABA": -22.36,
        "CELH": -9.54
    },
    "active_pnl_percentage": {
        "TSLA": 0,
        "NVDA": 0,
        "META": 0,
        "MSFT": 0,
        "IBM": 0,
        "PLTR": 0,
        "BA": 0,
        "SNOW": 0,
        "GOOGL": 0,
        "COIN": 0,
        "SMCI": 0,
        "HOOD": 0,
        "CRWD": 0,
        "LULU": 0,
        "PANW": 0,
        "C": 0,
        "AMD": 0,
        "ARM": 0,
        "BABA": -1.24,
        "CELH": -1.59
    }
}