{
    "time": "2024-06-20T07:30:06.042729-04:00",
    "daily_start_net_value": 82493.9383,
    "current_net_value": 82493.9383,
    "daily_pnl": 0.0,
    "daily_pnl_percentage": 0.0,
    "remain_portion": 99,
    "positions": {
        "TSLA": 0,
        "NVDA": 0,
        "META": 4.82,
        "MSFT": 0,
        "IBM": 13.22,
        "PLTR": 0,
        "BA": 0,
        "SNOW": 67.58,
        "GOOGL": 13.73,
        "COIN": 2.0,
        "SMCI": 0,
        "HOOD": 13.0,
        "CRWD": 0,
        "LULU": 0,
        "PANW": 1.0,
        "AMD": 7.76,
        "ARM": 0,
        "BABA": 31.81,
        "CELH": 0,
        "QCOM": 2.63,
        "AAPL": 0,
        "DELL": 0.02,
        "SHOP": 27.81,
        "CEG": 0,
        "MU": 0.86,
        "HIMS": 0
    },
    "cash_position": 59655.97,
    "active_orders": {
        "TSLA": [],
        "NVDA": [],
        "META": [
            {
                "uuid": "00000000-0000-0000-0000-0000000000",
                "stock": "META",
                "time": "2024-06-20T07:14:33.999455-04:00",
                "price": 498.4524,
                "share": 4.82,
                "remain_portion": -1
            }
        ],
        "MSFT": [],
        "IBM": [
            {
                "uuid": "00000000-0000-0000-0000-0000000000",
                "stock": "IBM",
                "time": "2024-06-20T07:14:33.999752-04:00",
                "price": 168.9294,
                "share": 13.22,
                "remain_portion": -1
            }
        ],
        "PLTR": [],
        "BA": [],
        "SNOW": [
            {
                "uuid": "00000000-0000-0000-0000-0000000000",
                "stock": "SNOW",
                "time": "2024-06-20T07:14:33.999883-04:00",
                "price": 128.7756,
                "share": 67.58,
                "remain_portion": -1
            }
        ],
        "GOOGL": [
            {
                "uuid": "00000000-0000-0000-0000-0000000000",
                "stock": "GOOGL",
                "time": "2024-06-20T07:14:33.999715-04:00",
                "price": 174.8544,
                "share": 13.73,
                "remain_portion": -1
            }
        ],
        "COIN": [
            {
                "uuid": "00000000-0000-0000-0000-0000000000",
                "stock": "COIN",
                "time": "2024-06-20T07:14:33.999994-04:00",
                "price": 236.19,
                "share": 2.0,
                "remain_portion": -1
            }
        ],
        "SMCI": [],
        "HOOD": [
            {
                "uuid": "00000000-0000-0000-0000-0000000000",
                "stock": "HOOD",
                "time": "2024-06-20T07:14:33.999792-04:00",
                "price": 22.18,
                "share": 13.0,
                "remain_portion": -1
            }
        ],
        "CRWD": [],
        "LULU": [],
        "PANW": [
            {
                "uuid": "00000000-0000-0000-0000-0000000000",
                "stock": "PANW",
                "time": "2024-06-20T07:14:33.999928-04:00",
                "price": 316.88,
                "share": 1.0,
                "remain_portion": -1
            }
        ],
        "AMD": [
            {
                "uuid": "00000000-0000-0000-0000-0000000000",
                "stock": "AMD",
                "time": "2024-06-20T07:14:33.999663-04:00",
                "price": 154.7642,
                "share": 7.76,
                "remain_portion": -1
            }
        ],
        "ARM": [],
        "BABA": [
            {
                "uuid": "00000000-0000-0000-0000-0000000000",
                "stock": "BABA",
                "time": "2024-06-20T07:14:33.999828-04:00",
                "price": 75.2889,
                "share": 31.81,
                "remain_portion": -1
            }
        ],
        "CELH": [],
        "QCOM": [
            {
                "uuid": "00000000-0000-0000-0000-0000000000",
                "stock": "QCOM",
                "time": "2024-06-20T07:14:34.000076-04:00",
                "price": 227.7567,
                "share": 2.63,
                "remain_portion": -1
            }
        ],
        "AAPL": [],
        "DELL": [
            {
                "uuid": "00000000-0000-0000-0000-0000000000",
                "stock": "DELL",
                "time": "2024-06-20T07:14:34.000140-04:00",
                "price": 148.99,
                "share": 0.02,
                "remain_portion": -1
            }
        ],
        "SHOP": [
            {
                "uuid": "00000000-0000-0000-0000-0000000000",
                "stock": "SHOP",
                "time": "2024-06-20T07:14:34.000031-04:00",
                "price": 64.7188,
                "share": 27.81,
                "remain_portion": -1
            }
        ],
        "CEG": [],
        "MU": [
            {
                "uuid": "00000000-0000-0000-0000-0000000000",
                "stock": "MU",
                "time": "2024-06-20T07:14:34.000184-04:00",
                "price": 152.7455,
                "share": 0.86,
                "remain_portion": -1
            }
        ],
        "HIMS": []
    },
    "active_pnl": {
        "TSLA": 0,
        "NVDA": 0,
        "META": 26.74,
        "MSFT": 0,
        "IBM": 37.95,
        "PLTR": 0,
        "BA": 0,
        "SNOW": -52.42,
        "GOOGL": 12.43,
        "COIN": 10.74,
        "SMCI": 0,
        "HOOD": -1.17,
        "CRWD": 0,
        "LULU": 0,
        "PANW": 0.15,
        "AMD": 15.41,
        "ARM": 0,
        "BABA": -4.42,
        "CELH": 0,
        "QCOM": 4.66,
        "AAPL": 0,
        "DELL": 0.09,
        "SHOP": -3.03,
        "CEG": 0,
        "MU": 4.41,
        "HIMS": 0
    },
    "active_pnl_percentage": {
        "TSLA": 0,
        "NVDA": 0,
        "META": 1.11,
        "MSFT": 0,
        "IBM": 1.7,
        "PLTR": 0,
        "BA": 0,
        "SNOW": -0.6,
        "GOOGL": 0.52,
        "COIN": 2.5,
        "SMCI": 0,
        "HOOD": -0.41,
        "CRWD": 0,
        "LULU": 0,
        "PANW": 0.05,
        "AMD": 1.28,
        "ARM": 0,
        "BABA": -0.18,
        "CELH": 0,
        "QCOM": 0.78,
        "AAPL": 0,
        "DELL": 3.03,
        "SHOP": -0.17,
        "CEG": 0,
        "MU": 3.35,
        "HIMS": 0
    }
}