{
    "time": "2024-06-25T11:33:15.651645-04:00",
    "daily_start_net_value": 81738.0761,
    "current_net_value": 82430.5819,
    "daily_pnl": 692.505799999999,
    "daily_pnl_percentage": 0.85,
    "remain_portion": 44,
    "positions": {
        "TSLA": 0,
        "NVDA": 0,
        "META": 0,
        "MSFT": 0,
        "IBM": 6.92,
        "PLTR": 0,
        "BA": 6.85,
        "SNOW": 93.16,
        "GOOGL": 0,
        "COIN": 12.04,
        "SMCI": 0,
        "HOOD": 0,
        "CRWD": 0,
        "LULU": 0,
        "PANW": 0,
        "AMD": 3.82,
        "ARM": 0,
        "BABA": 16.23,
        "CELH": 51.43,
        "QCOM": 17.94,
        "AAPL": 0,
        "DELL": 0,
        "SHOP": 0.58,
        "CEG": 0,
        "MU": 13.18,
        "HIMS": 0
    },
    "cash_position": 26632.02,
    "active_orders": {
        "TSLA": [],
        "NVDA": [],
        "META": [],
        "MSFT": [],
        "IBM": [
            {
                "uuid": "c078e925-497f-4322-adc0-991db8038a54",
                "stock": "IBM",
                "time": "2024-06-25T10:00:58.960068-04:00",
                "price": 173.59,
                "share": 3.46,
                "remain_portion": 52
            },
            {
                "uuid": "293eb4ee-0401-47c2-9135-ba7e3fca4453",
                "stock": "IBM",
                "time": "2024-06-25T10:16:07.827048-04:00",
                "price": 173.56,
                "share": 3.46,
                "remain_portion": 50
            }
        ],
        "PLTR": [],
        "BA": [
            {
                "uuid": "7289d980-f14d-4c58-9a69-f57f3bc99857",
                "stock": "BA",
                "time": "2024-06-25T10:16:10.962008-04:00",
                "price": 175.85,
                "share": 3.41,
                "remain_portion": 49
            },
            {
                "uuid": "3371bcb1-bff2-4d86-9075-cc7543854298",
                "stock": "BA",
                "time": "2024-06-25T11:11:49.671516-04:00",
                "price": 174.27,
                "share": 3.4399999999999995,
                "remain_portion": 47
            },
            {
                "uuid": "5f7f1377-cf24-439f-9eac-3fc66f68039f",
                "stock": "BA",
                "time": "2024-06-25T11:26:13.345171-04:00",
                "price": 173.55,
                "share": 3.4599999999999995,
                "remain_portion": 44
            }
        ],
        "SNOW": [
            {
                "uuid": "00000000-0000-0000-0000-0000000000",
                "stock": "SNOW",
                "time": "2024-06-25T07:20:02.130973-04:00",
                "price": 127.9895,
                "share": 93.16,
                "remain_portion": -1
            }
        ],
        "GOOGL": [],
        "COIN": [
            {
                "uuid": "00000000-0000-0000-0000-0000000000",
                "stock": "COIN",
                "time": "2024-06-25T07:20:02.131175-04:00",
                "price": 225.3405,
                "share": 12.04,
                "remain_portion": -1
            }
        ],
        "SMCI": [],
        "HOOD": [],
        "CRWD": [],
        "LULU": [],
        "PANW": [],
        "AMD": [
            {
                "uuid": "8b66dac4-ba8a-4dd6-9d69-d3f21ee7c72e",
                "stock": "AMD",
                "time": "2024-06-25T10:01:01.662245-04:00",
                "price": 157.05,
                "share": 3.82,
                "remain_portion": 51
            }
        ],
        "ARM": [],
        "BABA": [
            {
                "uuid": "cb7887e9-9076-498f-b6b0-9e37d48c57ba",
                "stock": "BABA",
                "time": "2024-06-25T11:06:45.957526-04:00",
                "price": 73.92,
                "share": 8.12,
                "remain_portion": 48
            },
            {
                "uuid": "ce47344b-d80d-498b-8b5f-efa109c5ba00",
                "stock": "BABA",
                "time": "2024-06-25T11:21:08.186863-04:00",
                "price": 73.98,
                "share": 8.110000000000001,
                "remain_portion": 45
            }
        ],
        "CELH": [
            {
                "uuid": "00000000-0000-0000-0000-0000000000",
                "stock": "CELH",
                "time": "2024-06-25T07:20:02.131105-04:00",
                "price": 59.961,
                "share": 29.98,
                "remain_portion": -1
            },
            {
                "uuid": "802672c4-4a69-452c-ba5d-c1cfaa854b5c",
                "stock": "CELH",
                "time": "2024-06-25T09:51:50.912501-04:00",
                "price": 56.25,
                "share": 10.669999999999998,
                "remain_portion": 53
            },
            {
                "uuid": "66277fda-6855-47f0-99d6-bbafa403ad3b",
                "stock": "CELH",
                "time": "2024-06-25T11:13:03.963070-04:00",
                "price": 55.67,
                "share": 10.780000000000001,
                "remain_portion": 46
            }
        ],
        "QCOM": [
            {
                "uuid": "00000000-0000-0000-0000-0000000000",
                "stock": "QCOM",
                "time": "2024-06-25T07:20:02.131366-04:00",
                "price": 213.0742,
                "share": 17.94,
                "remain_portion": -1
            }
        ],
        "AAPL": [],
        "DELL": [],
        "SHOP": [
            {
                "uuid": "00000000-0000-0000-0000-0000000000",
                "stock": "SHOP",
                "time": "2024-06-25T08:14:00.098670-04:00",
                "price": 0.58,
                "share": 63.8597,
                "remain_portion": -1
            }
        ],
        "CEG": [],
        "MU": [
            {
                "uuid": "00000000-0000-0000-0000-0000000000",
                "stock": "MU",
                "time": "2024-06-25T07:20:02.131436-04:00",
                "price": 146.4128,
                "share": 13.18,
                "remain_portion": -1
            }
        ],
        "HIMS": []
    },
    "active_pnl": {
        "TSLA": 0,
        "NVDA": 0,
        "META": 0,
        "MSFT": 0,
        "IBM": -0.52,
        "PLTR": 0,
        "BA": -11.45,
        "SNOW": -338.82,
        "GOOGL": 0,
        "COIN": -52.38,
        "SMCI": 0,
        "HOOD": 0,
        "CRWD": 0,
        "LULU": 0,
        "PANW": 0,
        "AMD": 10.77,
        "ARM": 0,
        "BABA": 0.41,
        "CELH": -133.29,
        "QCOM": -199.84,
        "AAPL": 0,
        "DELL": 0,
        "SHOP": 4116.65,
        "CEG": 0,
        "MU": -89.29,
        "HIMS": 0
    },
    "active_pnl_percentage": {
        "TSLA": 0,
        "NVDA": 0,
        "META": 0,
        "MSFT": 0,
        "IBM": -0.04,
        "PLTR": 0,
        "BA": -0.65,
        "SNOW": -2.81,
        "GOOGL": 0,
        "COIN": -1.93,
        "SMCI": 0,
        "HOOD": 0,
        "CRWD": 0,
        "LULU": 0,
        "PANW": 0,
        "AMD": 1.8,
        "ARM": 0,
        "BABA": 0.03,
        "CELH": -4.42,
        "QCOM": -5.22,
        "AAPL": 0,
        "DELL": 0,
        "SHOP": 11118.1,
        "CEG": 0,
        "MU": -4.6,
        "HIMS": 0
    }
}