{
    "time": "2024-06-24T09:31:29.439967-04:00",
    "daily_start_net_value": 82251.5756,
    "current_net_value": 81964.403,
    "daily_pnl": -287.1725999999908,
    "daily_pnl_percentage": -0.35,
    "remain_portion": 79,
    "positions": {
        "TSLA": 0,
        "NVDA": 4.43,
        "META": 0.22,
        "MSFT": 0,
        "IBM": 0.96,
        "PLTR": 97.72,
        "BA": 3.0,
        "SNOW": 83.58,
        "GOOGL": 0,
        "COIN": 9.22,
        "SMCI": 0,
        "HOOD": 41.01,
        "CRWD": 0,
        "LULU": 0.93,
        "PANW": 0,
        "AMD": 0,
        "ARM": 3.67,
        "BABA": 24.96,
        "CELH": 0,
        "QCOM": 10.98,
        "AAPL": 6.55,
        "DELL": 12.21,
        "SHOP": 0,
        "CEG": 0,
        "MU": 13.18,
        "HIMS": 181.23
    },
    "cash_position": 47635.21,
    "active_orders": {
        "TSLA": [],
        "NVDA": [
            {
                "uuid": "00000000-0000-0000-0000-0000000000",
                "stock": "NVDA",
                "time": "2024-06-24T07:19:51.134655-04:00",
                "price": 135.2009,
                "share": 4.43,
                "remain_portion": -1
            }
        ],
        "META": [
            {
                "uuid": "00000000-0000-0000-0000-0000000000",
                "stock": "META",
                "time": "2024-06-24T07:19:51.134434-04:00",
                "price": 492.877,
                "share": 0.22,
                "remain_portion": -1
            }
        ],
        "MSFT": [],
        "IBM": [
            {
                "uuid": "00000000-0000-0000-0000-0000000000",
                "stock": "IBM",
                "time": "2024-06-24T09:15:19.495651-04:00",
                "price": 0.96,
                "share": 171.9333,
                "remain_portion": -1
            }
        ],
        "PLTR": [
            {
                "uuid": "00000000-0000-0000-0000-0000000000",
                "stock": "PLTR",
                "time": "2024-06-24T07:19:51.134873-04:00",
                "price": 24.7467,
                "share": 72.72,
                "remain_portion": -1
            },
            {
                "uuid": "31414226-3457-40c5-b08b-948608530b21",
                "stock": "PLTR",
                "time": "2024-06-24T09:16:23.103521-04:00",
                "price": 23.443420000000003,
                "share": 25.0,
                "remain_portion": 80
            }
        ],
        "BA": [
            {
                "uuid": "00000000-0000-0000-0000-0000000000",
                "stock": "BA",
                "time": "2024-06-24T07:19:51.134704-04:00",
                "price": 176.1667,
                "share": 3.0,
                "remain_portion": -1
            }
        ],
        "SNOW": [
            {
                "uuid": "00000000-0000-0000-0000-0000000000",
                "stock": "SNOW",
                "time": "2024-06-24T07:19:51.134903-04:00",
                "price": 128.459,
                "share": 75.58,
                "remain_portion": -1
            },
            {
                "uuid": "0fb9250a-a442-482f-8a08-e7215df9a644",
                "stock": "SNOW",
                "time": "2024-06-24T08:55:49.509463-04:00",
                "price": 127.05,
                "share": 4.0,
                "remain_portion": 84
            },
            {
                "uuid": "957110a8-1acf-4720-8113-eef71b242eee",
                "stock": "SNOW",
                "time": "2024-06-24T09:12:01.939646-04:00",
                "price": 127.02,
                "share": 4.0,
                "remain_portion": 82
            }
        ],
        "GOOGL": [],
        "COIN": [
            {
                "uuid": "00000000-0000-0000-0000-0000000000",
                "stock": "COIN",
                "time": "2024-06-24T07:19:51.134977-04:00",
                "price": 232.759,
                "share": 7.22,
                "remain_portion": -1
            },
            {
                "uuid": "a88b4fd2-d807-4ade-8a7c-d3864caf1dda",
                "stock": "COIN",
                "time": "2024-06-24T09:26:27.826175-04:00",
                "price": 216.11,
                "share": 2.000000000000001,
                "remain_portion": 79
            }
        ],
        "SMCI": [],
        "HOOD": [
            {
                "uuid": "00000000-0000-0000-0000-0000000000",
                "stock": "HOOD",
                "time": "2024-06-24T07:19:51.134777-04:00",
                "price": 21.6608,
                "share": 41.01,
                "remain_portion": -1
            }
        ],
        "CRWD": [],
        "LULU": [
            {
                "uuid": "00000000-0000-0000-0000-0000000000",
                "stock": "LULU",
                "time": "2024-06-24T07:19:51.134836-04:00",
                "price": 310.8601,
                "share": 0.93,
                "remain_portion": -1
            }
        ],
        "PANW": [],
        "AMD": [],
        "ARM": [
            {
                "uuid": "00000000-0000-0000-0000-0000000000",
                "stock": "ARM",
                "time": "2024-06-24T07:19:51.134952-04:00",
                "price": 163.3597,
                "share": 3.67,
                "remain_portion": -1
            }
        ],
        "BABA": [
            {
                "uuid": "00000000-0000-0000-0000-0000000000",
                "stock": "BABA",
                "time": "2024-06-24T07:19:51.134809-04:00",
                "price": 74.5194,
                "share": 24.96,
                "remain_portion": -1
            }
        ],
        "CELH": [],
        "QCOM": [
            {
                "uuid": "00000000-0000-0000-0000-0000000000",
                "stock": "QCOM",
                "time": "2024-06-24T07:19:51.135045-04:00",
                "price": 219.0073,
                "share": 10.98,
                "remain_portion": -1
            },
            {
                "uuid": "fd083965-a479-4843-b410-1b86a9c00a2e",
                "stock": "QCOM",
                "time": "2024-06-24T09:06:09.118530-04:00",
                "price": 208.15,
                "share": 0.0,
                "remain_portion": 83
            }
        ],
        "AAPL": [
            {
                "uuid": "00000000-0000-0000-0000-0000000000",
                "stock": "AAPL",
                "time": "2024-06-24T07:19:51.134611-04:00",
                "price": 207.6691,
                "share": 6.55,
                "remain_portion": -1
            }
        ],
        "DELL": [
            {
                "uuid": "00000000-0000-0000-0000-0000000000",
                "stock": "DELL",
                "time": "2024-06-24T07:19:51.135121-04:00",
                "price": 145.4068,
                "share": 8.21,
                "remain_portion": -1
            },
            {
                "uuid": "a2b6f495-aab7-4121-a763-dfb1b1c85d59",
                "stock": "DELL",
                "time": "2024-06-24T09:12:05.173054-04:00",
                "price": 143.05,
                "share": 4.0,
                "remain_portion": 81
            }
        ],
        "SHOP": [],
        "CEG": [],
        "MU": [
            {
                "uuid": "00000000-0000-0000-0000-0000000000",
                "stock": "MU",
                "time": "2024-06-24T07:19:51.135149-04:00",
                "price": 146.4128,
                "share": 13.18,
                "remain_portion": -1
            }
        ],
        "HIMS": [
            {
                "uuid": "00000000-0000-0000-0000-0000000000",
                "stock": "HIMS",
                "time": "2024-06-24T07:19:51.135014-04:00",
                "price": 23.1429,
                "share": 181.23,
                "remain_portion": -1
            },
            {
                "uuid": "92a9370a-6419-4301-b019-c711d868dbeb",
                "stock": "HIMS",
                "time": "2024-06-24T09:06:20.555528-04:00",
                "price": 22.1221,
                "share": 0.0,
                "remain_portion": 82
            }
        ]
    },
    "active_pnl": {
        "TSLA": 0,
        "NVDA": -51.83,
        "META": 1.95,
        "MSFT": 0,
        "IBM": 29966.12,
        "PLTR": -71.66,
        "BA": 2.26,
        "SNOW": -194.97,
        "GOOGL": 0,
        "COIN": -117.81,
        "SMCI": 0,
        "HOOD": 16.99,
        "CRWD": 0,
        "LULU": 2.17,
        "PANW": 0,
        "AMD": 0,
        "ARM": -28.18,
        "BABA": 2.08,
        "CELH": 0,
        "QCOM": -150.18,
        "AAPL": -2.74,
        "DELL": -17.76,
        "SHOP": 0,
        "CEG": 0,
        "MU": -63.04,
        "HIMS": -207.13
    },
    "active_pnl_percentage": {
        "TSLA": 0,
        "NVDA": -8.53,
        "META": 1.8,
        "MSFT": 0,
        "IBM": 18156.25,
        "PLTR": -2.97,
        "BA": 0.34,
        "SNOW": -1.76,
        "GOOGL": 0,
        "COIN": -5.55,
        "SMCI": 0,
        "HOOD": 2.07,
        "CRWD": 0,
        "LULU": 0.75,
        "PANW": 0,
        "AMD": 0,
        "ARM": -4.82,
        "BABA": 0.22,
        "CELH": 0,
        "QCOM": -6.25,
        "AAPL": -0.2,
        "DELL": -1.01,
        "SHOP": 0,
        "CEG": 0,
        "MU": -3.3,
        "HIMS": -4.77
    }
}