{
    "time": "2024-06-21T14:33:41.166254-04:00",
    "daily_start_net_value": 82346.6333,
    "current_net_value": 82034.6294,
    "daily_pnl": -312.00389999999607,
    "daily_pnl_percentage": -0.38,
    "remain_portion": 77,
    "positions": {
        "TSLA": 0,
        "NVDA": 4.43,
        "META": 1.22,
        "MSFT": 0,
        "IBM": 13.96,
        "PLTR": 72.72,
        "BA": 0,
        "SNOW": 75.58,
        "GOOGL": 0,
        "COIN": 6.52,
        "SMCI": 0,
        "HOOD": 41.01,
        "CRWD": 0,
        "LULU": 1.93,
        "PANW": 0,
        "AMD": 0,
        "ARM": 3.67,
        "BABA": 24.96,
        "CELH": 0.76,
        "QCOM": 8.14,
        "AAPL": 0.55,
        "DELL": 4.21,
        "SHOP": 0,
        "CEG": 0,
        "MU": 13.18,
        "HIMS": 181.23
    },
    "cash_position": 46471.54,
    "active_orders": {
        "TSLA": [],
        "NVDA": [
            {
                "uuid": "00000000-0000-0000-0000-0000000000",
                "stock": "NVDA",
                "time": "2024-06-21T07:20:22.928660-04:00",
                "price": 135.2009,
                "share": 4.43,
                "remain_portion": -1
            }
        ],
        "META": [
            {
                "uuid": "3ae3e8b3-1338-4624-a581-1f71439ed143",
                "stock": "META",
                "time": "2024-06-21T13:01:00.406627-04:00",
                "price": 493.0,
                "share": 1.22,
                "remain_portion": 79
            }
        ],
        "MSFT": [],
        "IBM": [
            {
                "uuid": "de127dc3-7c01-4d83-b45f-d689d0fd9641",
                "stock": "IBM",
                "time": "2024-06-21T10:15:49.722806-04:00",
                "price": 172.5,
                "share": 3.48,
                "remain_portion": 82
            },
            {
                "uuid": "b82cb481-52be-47d5-be5c-1c4304318a00",
                "stock": "IBM",
                "time": "2024-06-21T12:40:50.428997-04:00",
                "price": 171.97,
                "share": 3.4899999999999998,
                "remain_portion": 81
            },
            {
                "uuid": "84deedd6-002f-47e0-80fb-ee92a3efdf8c",
                "stock": "IBM",
                "time": "2024-06-21T12:55:57.008114-04:00",
                "price": 171.85,
                "share": 3.490000000000001,
                "remain_portion": 80
            },
            {
                "uuid": "0aecaf38-32cf-4ae5-bfb0-42d975144f88",
                "stock": "IBM",
                "time": "2024-06-21T13:21:10.233328-04:00",
                "price": 171.53,
                "share": 3.5,
                "remain_portion": 77
            }
        ],
        "PLTR": [
            {
                "uuid": "00000000-0000-0000-0000-0000000000",
                "stock": "PLTR",
                "time": "2024-06-21T07:20:22.928770-04:00",
                "price": 25.2655,
                "share": 47.49,
                "remain_portion": -1
            },
            {
                "uuid": "28d10279-1a53-44e6-9d8f-99d40eb441d1",
                "stock": "PLTR",
                "time": "2024-06-21T13:01:03.058578-04:00",
                "price": 23.78,
                "share": 25.229999999999997,
                "remain_portion": 78
            }
        ],
        "BA": [],
        "SNOW": [
            {
                "uuid": "00000000-0000-0000-0000-0000000000",
                "stock": "SNOW",
                "time": "2024-06-21T07:20:22.928796-04:00",
                "price": 128.7756,
                "share": 67.58,
                "remain_portion": -1
            },
            {
                "uuid": "205fa47e-9893-4465-8e29-97b3419f196f",
                "stock": "SNOW",
                "time": "2024-06-21T09:02:16.443469-04:00",
                "price": 125.7987,
                "share": 4.0,
                "remain_portion": 86
            },
            {
                "uuid": "8e7046cd-5ffc-4638-882c-70a4885f1d1f",
                "stock": "SNOW",
                "time": "2024-06-21T09:16:21.499299-04:00",
                "price": 125.88,
                "share": 4.0,
                "remain_portion": 85
            }
        ],
        "GOOGL": [],
        "COIN": [
            {
                "uuid": "00000000-0000-0000-0000-0000000000",
                "stock": "COIN",
                "time": "2024-06-21T07:20:22.928913-04:00",
                "price": 237.1925,
                "share": 4.52,
                "remain_portion": -1
            },
            {
                "uuid": "4046f4cf-7b80-459a-b833-d6bc32621da3",
                "stock": "COIN",
                "time": "2024-06-21T09:27:04.479168-04:00",
                "price": 226.5534,
                "share": 0.0,
                "remain_portion": 84
            },
            {
                "uuid": "c9b3d3fa-1d98-456b-8c90-ec81b344229d",
                "stock": "COIN",
                "time": "2024-06-21T13:46:27.578127-04:00",
                "price": 221.93,
                "share": 2.7,
                "remain_portion": 76
            }
        ],
        "SMCI": [],
        "HOOD": [
            {
                "uuid": "00000000-0000-0000-0000-0000000000",
                "stock": "HOOD",
                "time": "2024-06-21T08:36:36.815104-04:00",
                "price": 41.01,
                "share": 21.6608,
                "remain_portion": -1
            }
        ],
        "CRWD": [],
        "LULU": [
            {
                "uuid": "00000000-0000-0000-0000-0000000000",
                "stock": "LULU",
                "time": "2024-06-21T07:20:22.928750-04:00",
                "price": 310.8601,
                "share": 1.93,
                "remain_portion": -1
            }
        ],
        "PANW": [],
        "AMD": [],
        "ARM": [
            {
                "uuid": "00000000-0000-0000-0000-0000000000",
                "stock": "ARM",
                "time": "2024-06-21T07:20:22.928858-04:00",
                "price": 163.3597,
                "share": 3.67,
                "remain_portion": -1
            }
        ],
        "BABA": [
            {
                "uuid": "00000000-0000-0000-0000-0000000000",
                "stock": "BABA",
                "time": "2024-06-21T07:20:22.928729-04:00",
                "price": 74.5194,
                "share": 24.96,
                "remain_portion": -1
            }
        ],
        "CELH": [
            {
                "uuid": "00000000-0000-0000-0000-0000000000",
                "stock": "CELH",
                "time": "2024-06-21T08:29:45.791825-04:00",
                "price": 0.76,
                "share": 61.4867,
                "remain_portion": -1
            }
        ],
        "QCOM": [
            {
                "uuid": "00000000-0000-0000-0000-0000000000",
                "stock": "QCOM",
                "time": "2024-06-21T07:20:22.928984-04:00",
                "price": 221.6217,
                "share": 8.14,
                "remain_portion": -1
            }
        ],
        "AAPL": [
            {
                "uuid": "00000000-0000-0000-0000-0000000000",
                "stock": "AAPL",
                "time": "2024-06-21T09:21:16.601328-04:00",
                "price": 0.55,
                "share": 210.7509,
                "remain_portion": -1
            }
        ],
        "DELL": [
            {
                "uuid": "00000000-0000-0000-0000-0000000000",
                "stock": "DELL",
                "time": "2024-06-21T07:20:22.929014-04:00",
                "price": 145.5898,
                "share": 4.12,
                "remain_portion": -1
            },
            {
                "uuid": "ec5c9eee-d138-4ff1-96af-ac8d5df54627",
                "stock": "DELL",
                "time": "2024-06-21T09:31:19.933618-04:00",
                "price": 146.49,
                "share": 0.08999999999999986,
                "remain_portion": 83
            }
        ],
        "SHOP": [],
        "CEG": [],
        "MU": [
            {
                "uuid": "00000000-0000-0000-0000-0000000000",
                "stock": "MU",
                "time": "2024-06-21T07:20:22.929044-04:00",
                "price": 146.4128,
                "share": 13.18,
                "remain_portion": -1
            }
        ],
        "HIMS": [
            {
                "uuid": "00000000-0000-0000-0000-0000000000",
                "stock": "HIMS",
                "time": "2024-06-21T07:20:22.928943-04:00",
                "price": 23.1429,
                "share": 181.23,
                "remain_portion": -1
            }
        ]
    },
    "active_pnl": {
        "TSLA": 0,
        "NVDA": -38.15,
        "META": 2.7,
        "MSFT": 0,
        "IBM": 2.29,
        "PLTR": -72.36,
        "BA": 0,
        "SNOW": -187.04,
        "GOOGL": 0,
        "COIN": -67.24,
        "SMCI": 0,
        "HOOD": -407.66,
        "CRWD": 0,
        "LULU": -0.75,
        "PANW": 0,
        "AMD": 0,
        "ARM": -13.91,
        "BABA": -16.46,
        "CELH": 3731.63,
        "QCOM": -75.15,
        "AAPL": 44213.43,
        "DELL": -4.88,
        "SHOP": 0,
        "CEG": 0,
        "MU": -99.15,
        "HIMS": -203.23
    },
    "active_pnl_percentage": {
        "TSLA": 0,
        "NVDA": -6.36,
        "META": 0.45,
        "MSFT": 0,
        "IBM": 0.11,
        "PLTR": -4.0,
        "BA": 0,
        "SNOW": -1.93,
        "GOOGL": 0,
        "COIN": -4.02,
        "SMCI": 0,
        "HOOD": -45.89,
        "CRWD": 0,
        "LULU": -0.13,
        "PANW": 0,
        "AMD": 0,
        "ARM": -2.31,
        "BABA": -0.88,
        "CELH": 7982.57,
        "QCOM": -4.18,
        "AAPL": 38142.73,
        "DELL": -0.76,
        "SHOP": 0,
        "CEG": 0,
        "MU": -5.15,
        "HIMS": -4.85
    }
}