{
    "time": "2024-06-24T20:00:01.167305-04:00",
    "daily_start_net_value": 82251.5756,
    "current_net_value": 81738.0761,
    "daily_pnl": -513.4994999999908,
    "daily_pnl_percentage": -0.62,
    "remain_portion": 37,
    "positions": {
        "TSLA": 0,
        "NVDA": 44.48,
        "META": 0,
        "MSFT": 0,
        "IBM": 0,
        "PLTR": 97.72,
        "BA": 0,
        "SNOW": 93.16,
        "GOOGL": 3.35,
        "COIN": 12.04,
        "SMCI": 0,
        "HOOD": 0,
        "CRWD": 0.0,
        "LULU": 1.92,
        "PANW": 1.9,
        "AMD": 0,
        "ARM": 16.67,
        "BABA": 0,
        "CELH": 19.98,
        "QCOM": 15.94,
        "AAPL": 0,
        "DELL": 36.54,
        "SHOP": 28.58,
        "CEG": 0,
        "MU": 13.18,
        "HIMS": 235.23
    },
    "cash_position": 22454.69,
    "active_orders": {
        "TSLA": [],
        "NVDA": [
            {
                "uuid": "00000000-0000-0000-0000-0000000000",
                "stock": "NVDA",
                "time": "2024-06-24T07:19:51.134655-04:00",
                "price": 135.2009,
                "share": 4.43,
                "remain_portion": -1
            },
            {
                "uuid": "2817daca-9edc-4e79-a80b-32264a5d37b1",
                "stock": "NVDA",
                "time": "2024-06-24T14:37:19.799013-04:00",
                "price": 118.89,
                "share": 5.050000000000001,
                "remain_portion": 66
            },
            {
                "uuid": "47ad8166-d560-4834-81e8-80e681dd49e7",
                "stock": "NVDA",
                "time": "2024-06-24T16:11:19.166797-04:00",
                "price": 117.9999,
                "share": 10.0,
                "remain_portion": 60
            },
            {
                "uuid": "ece787b3-2d50-4659-ad94-4db041d2a51a",
                "stock": "NVDA",
                "time": "2024-06-24T16:25:50.628158-04:00",
                "price": 117.4496,
                "share": 5.0,
                "remain_portion": 57
            },
            {
                "uuid": "a3942347-ce10-46b3-a2d1-95d885f37271",
                "stock": "NVDA",
                "time": "2024-06-24T16:41:12.077735-04:00",
                "price": 117.50999999999999,
                "share": 10.0,
                "remain_portion": 53
            },
            {
                "uuid": "2e8816a9-d840-4975-aeb4-c5b4ad91be3e",
                "stock": "NVDA",
                "time": "2024-06-24T16:56:31.356327-04:00",
                "price": 117.06,
                "share": 5.0,
                "remain_portion": 51
            },
            {
                "uuid": "40568389-e30a-40b3-adbd-df0f85e2cbbf",
                "stock": "NVDA",
                "time": "2024-06-24T17:15:45.337493-04:00",
                "price": 116.95,
                "share": 9.999999999999996,
                "remain_portion": 46
            },
            {
                "uuid": "11014c19-5484-41ee-8f1f-9aa515e7d41c",
                "stock": "NVDA",
                "time": "2024-06-24T17:35:58.471422-04:00",
                "price": 116.83,
                "share": 9.999999999999996,
                "remain_portion": 42
            },
            {
                "uuid": "63f77048-c890-4410-be7f-12281b765315",
                "stock": "NVDA",
                "time": "2024-06-24T19:00:47.674297-04:00",
                "price": 116.92,
                "share": 10.0,
                "remain_portion": 38
            },
            {
                "uuid": "2082ea43-713f-48bd-93c0-058ac72a9345",
                "stock": "NVDA",
                "time": "2024-06-24T19:41:09.143708-04:00",
                "price": 116.58,
                "share": 10.0,
                "remain_portion": 37
            }
        ],
        "META": [],
        "MSFT": [],
        "IBM": [],
        "PLTR": [
            {
                "uuid": "00000000-0000-0000-0000-0000000000",
                "stock": "PLTR",
                "time": "2024-06-24T07:19:51.134873-04:00",
                "price": 24.7467,
                "share": 72.72,
                "remain_portion": -1
            },
            {
                "uuid": "31414226-3457-40c5-b08b-948608530b21",
                "stock": "PLTR",
                "time": "2024-06-24T09:16:23.103521-04:00",
                "price": 23.443420000000003,
                "share": 25.0,
                "remain_portion": 80
            }
        ],
        "BA": [],
        "SNOW": [
            {
                "uuid": "00000000-0000-0000-0000-0000000000",
                "stock": "SNOW",
                "time": "2024-06-24T07:19:51.134903-04:00",
                "price": 128.459,
                "share": 75.58,
                "remain_portion": -1
            },
            {
                "uuid": "0fb9250a-a442-482f-8a08-e7215df9a644",
                "stock": "SNOW",
                "time": "2024-06-24T08:55:49.509463-04:00",
                "price": 127.05,
                "share": 4.0,
                "remain_portion": 84
            },
            {
                "uuid": "957110a8-1acf-4720-8113-eef71b242eee",
                "stock": "SNOW",
                "time": "2024-06-24T09:12:01.939646-04:00",
                "price": 127.02,
                "share": 4.0,
                "remain_portion": 82
            },
            {
                "uuid": "4e6bf724-f088-453b-a602-102699666e47",
                "stock": "SNOW",
                "time": "2024-06-24T13:15:56.478452-04:00",
                "price": 125.46,
                "share": 4.780000000000001,
                "remain_portion": 73
            },
            {
                "uuid": "85ce7ec7-b712-45b9-8eb3-0bfbb657b3e2",
                "stock": "SNOW",
                "time": "2024-06-24T14:05:44.600750-04:00",
                "price": 125.01,
                "share": 4.799999999999997,
                "remain_portion": 69
            }
        ],
        "GOOGL": [
            {
                "uuid": "e680f361-22f5-4d07-83a9-28de7f67d2ee",
                "stock": "GOOGL",
                "time": "2024-06-24T14:41:24.110963-04:00",
                "price": 178.94,
                "share": 3.35,
                "remain_portion": 65
            }
        ],
        "COIN": [
            {
                "uuid": "00000000-0000-0000-0000-0000000000",
                "stock": "COIN",
                "time": "2024-06-24T07:19:51.134977-04:00",
                "price": 232.759,
                "share": 7.22,
                "remain_portion": -1
            },
            {
                "uuid": "a88b4fd2-d807-4ade-8a7c-d3864caf1dda",
                "stock": "COIN",
                "time": "2024-06-24T09:26:27.826175-04:00",
                "price": 216.11,
                "share": 2.000000000000001,
                "remain_portion": 79
            },
            {
                "uuid": "c59fefc0-20fb-49df-a204-db970f363cd9",
                "stock": "COIN",
                "time": "2024-06-24T12:01:08.051304-04:00",
                "price": 213.0,
                "share": 2.8199999999999985,
                "remain_portion": 76
            }
        ],
        "SMCI": [],
        "HOOD": [],
        "CRWD": [],
        "LULU": [
            {
                "uuid": "75f6c85a-99fc-49c1-acb7-e3548378ffa7",
                "stock": "LULU",
                "time": "2024-06-24T13:31:07.036929-04:00",
                "price": 312.07,
                "share": 1.92,
                "remain_portion": 71
            }
        ],
        "PANW": [
            {
                "uuid": "49ba4da4-5d4a-4f30-bcf6-958d7fe50cfa",
                "stock": "PANW",
                "time": "2024-06-24T14:41:26.730719-04:00",
                "price": 316.04,
                "share": 1.9,
                "remain_portion": 64
            },
            {
                "uuid": "e04be9a3-4025-4853-b4dd-1fdb58a63682",
                "stock": "PANW",
                "time": "2024-06-24T17:41:12.004412-04:00",
                "price": 316.3,
                "share": 0.9999999999999999,
                "remain_portion": 42
            }
        ],
        "AMD": [],
        "ARM": [
            {
                "uuid": "00000000-0000-0000-0000-0000000000",
                "stock": "ARM",
                "time": "2024-06-24T07:19:51.134952-04:00",
                "price": 163.3597,
                "share": 3.67,
                "remain_portion": -1
            },
            {
                "uuid": "ded16913-f5a3-4fdd-8735-311b545b9334",
                "stock": "ARM",
                "time": "2024-06-24T16:21:48.053652-04:00",
                "price": 150.56,
                "share": 0.0,
                "remain_portion": 58
            },
            {
                "uuid": "f937c4fe-8a80-4b6d-a66b-89d8a2f72f95",
                "stock": "ARM",
                "time": "2024-06-24T16:35:59.602220-04:00",
                "price": 150.43,
                "share": 3.0,
                "remain_portion": 54
            },
            {
                "uuid": "76216b9c-49bf-4f65-b1c5-ae54bac65d80",
                "stock": "ARM",
                "time": "2024-06-24T17:05:41.294797-04:00",
                "price": 150.20000000000002,
                "share": 6.0,
                "remain_portion": 47
            },
            {
                "uuid": "5e7f6fff-2bad-45b5-9d47-cdf089e82e60",
                "stock": "ARM",
                "time": "2024-06-24T17:20:51.104941-04:00",
                "price": 149.56,
                "share": 7.000000000000002,
                "remain_portion": 44
            },
            {
                "uuid": "0242eef5-3fca-4694-8f51-a412733a6a06",
                "stock": "ARM",
                "time": "2024-06-24T17:41:13.867953-04:00",
                "price": 149.544,
                "share": 4.000000000000002,
                "remain_portion": 41
            }
        ],
        "BABA": [],
        "CELH": [
            {
                "uuid": "8a545791-b533-449a-bbff-6afc51df8c37",
                "stock": "CELH",
                "time": "2024-06-24T14:41:29.466226-04:00",
                "price": 60.3,
                "share": 9.95,
                "remain_portion": 63
            },
            {
                "uuid": "3287e990-f6a5-42e9-86e4-1113535db414",
                "stock": "CELH",
                "time": "2024-06-24T15:47:10.439973-04:00",
                "price": 59.8,
                "share": 10.030000000000001,
                "remain_portion": 62
            },
            {
                "uuid": "57b1221c-5bdb-4c4d-8445-a36162c741f2",
                "stock": "CELH",
                "time": "2024-06-24T16:01:15.278946-04:00",
                "price": 59.82,
                "share": 10.0,
                "remain_portion": 61
            }
        ],
        "QCOM": [
            {
                "uuid": "00000000-0000-0000-0000-0000000000",
                "stock": "QCOM",
                "time": "2024-06-24T07:19:51.135045-04:00",
                "price": 219.0073,
                "share": 10.98,
                "remain_portion": -1
            },
            {
                "uuid": "fd083965-a479-4843-b410-1b86a9c00a2e",
                "stock": "QCOM",
                "time": "2024-06-24T09:06:09.118530-04:00",
                "price": 208.15,
                "share": 0.0,
                "remain_portion": 83
            },
            {
                "uuid": "279aa253-ce22-4bcd-a91f-e8c0017a6e33",
                "stock": "QCOM",
                "time": "2024-06-24T14:36:16.728680-04:00",
                "price": 202.96,
                "share": 2.0,
                "remain_portion": 67
            },
            {
                "uuid": "eb5841f3-483b-47d2-94c6-d5ab4fc803c8",
                "stock": "QCOM",
                "time": "2024-06-24T16:11:32.972555-04:00",
                "price": 200.58,
                "share": 4.960000000000001,
                "remain_portion": 59
            }
        ],
        "AAPL": [],
        "DELL": [
            {
                "uuid": "00000000-0000-0000-0000-0000000000",
                "stock": "DELL",
                "time": "2024-06-24T07:19:51.135121-04:00",
                "price": 145.4068,
                "share": 8.21,
                "remain_portion": -1
            },
            {
                "uuid": "a2b6f495-aab7-4121-a763-dfb1b1c85d59",
                "stock": "DELL",
                "time": "2024-06-24T09:12:05.173054-04:00",
                "price": 143.05,
                "share": 4.0,
                "remain_portion": 81
            },
            {
                "uuid": "b6c7a891-da9a-4a3b-af2e-f8ff2080b4ad",
                "stock": "DELL",
                "time": "2024-06-24T10:55:26.554991-04:00",
                "price": 138.6,
                "share": 4.329999999999998,
                "remain_portion": 78
            },
            {
                "uuid": "f90da19a-a59f-4496-88a3-ab32305ed17b",
                "stock": "DELL",
                "time": "2024-06-24T16:25:55.436493-04:00",
                "price": 137.45000000000002,
                "share": 4.0,
                "remain_portion": 55
            },
            {
                "uuid": "f94bb6f6-31bf-4d36-ae05-35625ef4e70c",
                "stock": "DELL",
                "time": "2024-06-24T16:41:26.364285-04:00",
                "price": 137.20000000000002,
                "share": 4.0,
                "remain_portion": 52
            },
            {
                "uuid": "174f8bbd-01c6-47d9-91bb-10b6361a9ad7",
                "stock": "DELL",
                "time": "2024-06-24T16:56:35.381470-04:00",
                "price": 137.61,
                "share": 4.0,
                "remain_portion": 49
            },
            {
                "uuid": "4a69b281-1bc7-4d8b-92ce-6f6632fbbaed",
                "stock": "DELL",
                "time": "2024-06-24T17:15:47.926129-04:00",
                "price": 136.81,
                "share": 4.0,
                "remain_portion": 45
            },
            {
                "uuid": "75f41385-220e-4dfe-921d-7479d3e3970f",
                "stock": "DELL",
                "time": "2024-06-24T17:30:55.506745-04:00",
                "price": 136.68,
                "share": 8.0,
                "remain_portion": 43
            },
            {
                "uuid": "138f6e07-175d-4de9-8291-b18cf4fbfe9a",
                "stock": "DELL",
                "time": "2024-06-24T18:36:30.173692-04:00",
                "price": 136.60000000000002,
                "share": 8.0,
                "remain_portion": 39
            }
        ],
        "SHOP": [
            {
                "uuid": "3dd77a7e-22de-4d50-ad88-d6d124c628a5",
                "stock": "SHOP",
                "time": "2024-06-24T13:11:51.862007-04:00",
                "price": 64.19,
                "share": 9.35,
                "remain_portion": 74
            },
            {
                "uuid": "f5950e2f-2932-4f39-bf41-6a9fb6e3f74c",
                "stock": "SHOP",
                "time": "2024-06-24T13:26:02.557095-04:00",
                "price": 64.01,
                "share": 9.38,
                "remain_portion": 72
            },
            {
                "uuid": "64580cd4-5a1e-4eb5-9e94-ab0032a196e9",
                "stock": "SHOP",
                "time": "2024-06-24T13:42:36.317608-04:00",
                "price": 63.76,
                "share": 9.41,
                "remain_portion": 70
            },
            {
                "uuid": "ac7faf47-8eaa-4d42-85a8-bf47687854c4",
                "stock": "SHOP",
                "time": "2024-06-24T14:20:50.778034-04:00",
                "price": 63.55,
                "share": 9.439999999999998,
                "remain_portion": 68
            }
        ],
        "CEG": [],
        "MU": [
            {
                "uuid": "00000000-0000-0000-0000-0000000000",
                "stock": "MU",
                "time": "2024-06-24T07:19:51.135149-04:00",
                "price": 146.4128,
                "share": 13.18,
                "remain_portion": -1
            }
        ],
        "HIMS": [
            {
                "uuid": "00000000-0000-0000-0000-0000000000",
                "stock": "HIMS",
                "time": "2024-06-24T07:19:51.135014-04:00",
                "price": 23.1429,
                "share": 181.23,
                "remain_portion": -1
            },
            {
                "uuid": "92a9370a-6419-4301-b019-c711d868dbeb",
                "stock": "HIMS",
                "time": "2024-06-24T09:06:20.555528-04:00",
                "price": 22.1221,
                "share": 0.0,
                "remain_portion": 82
            },
            {
                "uuid": "97d03a39-898a-4d07-8101-10f3e658ac03",
                "stock": "HIMS",
                "time": "2024-06-24T17:00:38.184994-04:00",
                "price": 22.1221,
                "share": 54.0,
                "remain_portion": 48
            },
            {
                "uuid": "a8c4ce97-70b6-4102-930f-e4e6e105157c",
                "stock": "HIMS",
                "time": "2024-06-24T18:21:24.500900-04:00",
                "price": 22.102079999999997,
                "share": 27.0,
                "remain_portion": 40
            }
        ]
    },
    "active_pnl": {
        "TSLA": 0,
        "NVDA": -136.39,
        "META": 0,
        "MSFT": 0,
        "IBM": 0,
        "PLTR": -15.96,
        "BA": 0,
        "SNOW": -307.91,
        "GOOGL": 3.22,
        "COIN": -134.43,
        "SMCI": 0,
        "HOOD": 0,
        "CRWD": 0,
        "LULU": 1.32,
        "PANW": 0.73,
        "AMD": 0,
        "ARM": -56.08,
        "BABA": 0,
        "CELH": -5.18,
        "QCOM": -205.87,
        "AAPL": 0,
        "DELL": -144.78,
        "SHOP": 15.92,
        "CEG": 0,
        "MU": -84.52,
        "HIMS": -122.07
    },
    "active_pnl_percentage": {
        "TSLA": 0,
        "NVDA": -1.45,
        "META": 0,
        "MSFT": 0,
        "IBM": 0,
        "PLTR": -0.67,
        "BA": 0,
        "SNOW": -2.58,
        "GOOGL": 0.54,
        "COIN": -4.95,
        "SMCI": 0,
        "HOOD": 0,
        "CRWD": 0,
        "LULU": 0.22,
        "PANW": 0.08,
        "AMD": 0,
        "ARM": -1.56,
        "BABA": 0,
        "CELH": -0.29,
        "QCOM": -5.41,
        "AAPL": 0,
        "DELL": -2.15,
        "SHOP": 0.66,
        "CEG": 0,
        "MU": -4.38,
        "HIMS": -2.04
    }
}