{
    "time": "2024-06-10T16:00:23.192595-04:00",
    "daily_start_net_value": 27259.31,
    "current_net_value": 27260.7576,
    "daily_pnl": 1.447599999999511,
    "daily_pnl_percentage": 0.0640726593517273,
    "remain_portion": 9,
    "positions": {
        "TSLA": 0,
        "NVDA": 0,
        "META": 0,
        "MSFT": 0,
        "IBM": 0,
        "PLTR": 0,
        "BA": 0,
        "SNOW": 0,
        "GOOGL": 0,
        "COIN": 0,
        "SMCI": 0,
        "HOOD": 0,
        "CRWD": 0,
        "LULU": 0,
        "PANW": 0,
        "C": 0,
        "AMD": 0.41,
        "ARM": 0,
        "BABA": 0
    },
    "cash_position": 2034.6500000000015,
    "active_orders": {
        "TSLA": [],
        "NVDA": [],
        "META": [],
        "MSFT": [],
        "IBM": [],
        "PLTR": [],
        "BA": [],
        "SNOW": [],
        "GOOGL": [],
        "COIN": [],
        "SMCI": [],
        "HOOD": [],
        "CRWD": [],
        "LULU": [],
        "PANW": [],
        "C": [],
        "AMD": [
            {
                "uuid": "38968576-53f0-40d1-8650-b63876fce5fb",
                "stock": "AMD",
                "time": "2024-06-10T14:36:02.234567-04:00",
                "price": 160.37,
                "share": 1.41,
                "remain_portion": 8
            }
        ],
        "ARM": [],
        "BABA": []
    },
    "active_pnl": {
        "TSLA": 0,
        "NVDA": 0,
        "META": 0,
        "MSFT": 0,
        "IBM": 0,
        "PLTR": 0,
        "BA": 0,
        "SNOW": 0,
        "GOOGL": 0,
        "COIN": 0,
        "SMCI": 0,
        "HOOD": 0,
        "CRWD": 0,
        "LULU": 0,
        "PANW": 0,
        "C": 0,
        "AMD": -0.21093599999998927,
        "ARM": 0,
        "BABA": 0
    },
    "active_pnl_percentage": {
        "TSLA": 0,
        "NVDA": 0,
        "META": 0,
        "MSFT": 0,
        "IBM": 0,
        "PLTR": 0,
        "BA": 0,
        "SNOW": 0,
        "GOOGL": 0,
        "COIN": 0,
        "SMCI": 0,
        "HOOD": 0,
        "CRWD": 0,
        "LULU": 0,
        "PANW": 0,
        "C": 0,
        "AMD": -0.08729812309036276,
        "ARM": 0,
        "BABA": 0
    }
}