{
    "time": "2024-06-25T14:34:43.261831-04:00",
    "daily_start_net_value": 81738.0761,
    "current_net_value": 82486.516,
    "daily_pnl": 748.4398999999976,
    "daily_pnl_percentage": 0.92,
    "remain_portion": 38,
    "positions": {
        "TSLA": 0,
        "NVDA": 0,
        "META": 0,
        "MSFT": 0,
        "IBM": 10.41,
        "PLTR": 0,
        "BA": 6.85,
        "SNOW": 93.16,
        "GOOGL": 0,
        "COIN": 12.04,
        "SMCI": 0,
        "HOOD": 0,
        "CRWD": 0,
        "LULU": 3.87,
        "PANW": 0,
        "AMD": 3.82,
        "ARM": 0,
        "BABA": 24.37,
        "CELH": 62.31,
        "QCOM": 17.94,
        "AAPL": 0,
        "DELL": 0,
        "SHOP": 0,
        "CEG": 0,
        "MU": 13.18,
        "HIMS": 0
    },
    "cash_position": 23030.1,
    "active_orders": {
        "TSLA": [],
        "NVDA": [],
        "META": [],
        "MSFT": [],
        "IBM": [
            {
                "uuid": "c078e925-497f-4322-adc0-991db8038a54",
                "stock": "IBM",
                "time": "2024-06-25T10:00:58.960068-04:00",
                "price": 173.59,
                "share": 3.46,
                "remain_portion": 52
            },
            {
                "uuid": "293eb4ee-0401-47c2-9135-ba7e3fca4453",
                "stock": "IBM",
                "time": "2024-06-25T10:16:07.827048-04:00",
                "price": 173.56,
                "share": 3.46,
                "remain_portion": 50
            },
            {
                "uuid": "232236fe-5a43-42c5-afc7-a4dc6627c50e",
                "stock": "IBM",
                "time": "2024-06-25T12:56:06.239466-04:00",
                "price": 171.91,
                "share": 0.4900000000000002,
                "remain_portion": 40
            },
            {
                "uuid": "98147515-19ad-472c-a261-348b710b38c9",
                "stock": "IBM",
                "time": "2024-06-25T13:11:11.705598-04:00",
                "price": 171.65,
                "share": 3.0,
                "remain_portion": 39
            }
        ],
        "PLTR": [],
        "BA": [
            {
                "uuid": "7289d980-f14d-4c58-9a69-f57f3bc99857",
                "stock": "BA",
                "time": "2024-06-25T10:16:10.962008-04:00",
                "price": 175.85,
                "share": 3.41,
                "remain_portion": 49
            },
            {
                "uuid": "3371bcb1-bff2-4d86-9075-cc7543854298",
                "stock": "BA",
                "time": "2024-06-25T11:11:49.671516-04:00",
                "price": 174.27,
                "share": 3.4399999999999995,
                "remain_portion": 47
            },
            {
                "uuid": "5f7f1377-cf24-439f-9eac-3fc66f68039f",
                "stock": "BA",
                "time": "2024-06-25T11:26:13.345171-04:00",
                "price": 173.55,
                "share": 3.4599999999999995,
                "remain_portion": 44
            }
        ],
        "SNOW": [
            {
                "uuid": "00000000-0000-0000-0000-0000000000",
                "stock": "SNOW",
                "time": "2024-06-25T07:20:02.130973-04:00",
                "price": 127.9895,
                "share": 93.16,
                "remain_portion": -1
            }
        ],
        "GOOGL": [],
        "COIN": [
            {
                "uuid": "00000000-0000-0000-0000-0000000000",
                "stock": "COIN",
                "time": "2024-06-25T07:20:02.131175-04:00",
                "price": 225.3405,
                "share": 12.04,
                "remain_portion": -1
            }
        ],
        "SMCI": [],
        "HOOD": [],
        "CRWD": [],
        "LULU": [
            {
                "uuid": "f7a6f474-bbe6-4fe8-99e5-53846e7befa7",
                "stock": "LULU",
                "time": "2024-06-25T12:21:43.896764-04:00",
                "price": 311.38,
                "share": 1.93,
                "remain_portion": 42
            },
            {
                "uuid": "392da4c3-0ba7-4d80-aa5f-f675b9b65ce0",
                "stock": "LULU",
                "time": "2024-06-25T14:05:36.336953-04:00",
                "price": 309.72,
                "share": 1.9400000000000002,
                "remain_portion": 38
            }
        ],
        "PANW": [],
        "AMD": [
            {
                "uuid": "8b66dac4-ba8a-4dd6-9d69-d3f21ee7c72e",
                "stock": "AMD",
                "time": "2024-06-25T10:01:01.662245-04:00",
                "price": 157.05,
                "share": 3.82,
                "remain_portion": 51
            }
        ],
        "ARM": [],
        "BABA": [
            {
                "uuid": "cb7887e9-9076-498f-b6b0-9e37d48c57ba",
                "stock": "BABA",
                "time": "2024-06-25T11:06:45.957526-04:00",
                "price": 73.92,
                "share": 8.12,
                "remain_portion": 48
            },
            {
                "uuid": "ce47344b-d80d-498b-8b5f-efa109c5ba00",
                "stock": "BABA",
                "time": "2024-06-25T11:21:08.186863-04:00",
                "price": 73.98,
                "share": 8.110000000000001,
                "remain_portion": 45
            },
            {
                "uuid": "8d76f542-face-43d9-9d1d-f7f91186665b",
                "stock": "BABA",
                "time": "2024-06-25T12:21:46.656929-04:00",
                "price": 73.71,
                "share": 8.14,
                "remain_portion": 41
            }
        ],
        "CELH": [
            {
                "uuid": "00000000-0000-0000-0000-0000000000",
                "stock": "CELH",
                "time": "2024-06-25T07:20:02.131105-04:00",
                "price": 59.961,
                "share": 29.98,
                "remain_portion": -1
            },
            {
                "uuid": "802672c4-4a69-452c-ba5d-c1cfaa854b5c",
                "stock": "CELH",
                "time": "2024-06-25T09:51:50.912501-04:00",
                "price": 56.25,
                "share": 10.669999999999998,
                "remain_portion": 53
            },
            {
                "uuid": "66277fda-6855-47f0-99d6-bbafa403ad3b",
                "stock": "CELH",
                "time": "2024-06-25T11:13:03.963070-04:00",
                "price": 55.67,
                "share": 10.780000000000001,
                "remain_portion": 46
            },
            {
                "uuid": "a2c80ded-3179-4ebc-bc96-0bf7e3e95709",
                "stock": "CELH",
                "time": "2024-06-25T12:01:36.718044-04:00",
                "price": 55.13,
                "share": 10.880000000000003,
                "remain_portion": 43
            }
        ],
        "QCOM": [
            {
                "uuid": "00000000-0000-0000-0000-0000000000",
                "stock": "QCOM",
                "time": "2024-06-25T07:20:02.131366-04:00",
                "price": 213.0742,
                "share": 17.94,
                "remain_portion": -1
            }
        ],
        "AAPL": [],
        "DELL": [],
        "SHOP": [],
        "CEG": [],
        "MU": [
            {
                "uuid": "00000000-0000-0000-0000-0000000000",
                "stock": "MU",
                "time": "2024-06-25T07:20:02.131436-04:00",
                "price": 146.4128,
                "share": 13.18,
                "remain_portion": -1
            }
        ],
        "HIMS": []
    },
    "active_pnl": {
        "TSLA": 0,
        "NVDA": 0,
        "META": 0,
        "MSFT": 0,
        "IBM": -4.7,
        "PLTR": 0,
        "BA": 5.02,
        "SNOW": -306.45,
        "GOOGL": 0,
        "COIN": -42.51,
        "SMCI": 0,
        "HOOD": 0,
        "CRWD": 0,
        "LULU": -1.62,
        "PANW": 0,
        "AMD": 9.25,
        "ARM": 0,
        "BABA": -1.82,
        "CELH": -125.59,
        "QCOM": -209.61,
        "AAPL": 0,
        "DELL": 0,
        "SHOP": 0,
        "CEG": 0,
        "MU": -87.28,
        "HIMS": 0
    },
    "active_pnl_percentage": {
        "TSLA": 0,
        "NVDA": 0,
        "META": 0,
        "MSFT": 0,
        "IBM": -0.25,
        "PLTR": 0,
        "BA": 0.28,
        "SNOW": -2.59,
        "GOOGL": 0,
        "COIN": -1.57,
        "SMCI": 0,
        "HOOD": 0,
        "CRWD": 0,
        "LULU": -0.13,
        "PANW": 0,
        "AMD": 1.54,
        "ARM": 0,
        "BABA": -0.12,
        "CELH": -3.49,
        "QCOM": -5.48,
        "AAPL": 0,
        "DELL": 0,
        "SHOP": 0,
        "CEG": 0,
        "MU": -4.52,
        "HIMS": 0
    }
}