{
    "time": "2024-06-21T09:31:20.492273-04:00",
    "daily_start_net_value": 82346.6333,
    "current_net_value": 82012.9721,
    "daily_pnl": -333.6612000000023,
    "daily_pnl_percentage": -0.41,
    "remain_portion": 83,
    "positions": {
        "TSLA": 0.33,
        "NVDA": 4.43,
        "META": 0,
        "MSFT": 0,
        "IBM": 0,
        "PLTR": 47.49,
        "BA": 0,
        "SNOW": 75.58,
        "GOOGL": 0.43,
        "COIN": 4.52,
        "SMCI": 0,
        "HOOD": 41.01,
        "CRWD": 0,
        "LULU": 1.93,
        "PANW": 4.85,
        "AMD": 0,
        "ARM": 3.67,
        "BABA": 24.96,
        "CELH": 0.76,
        "QCOM": 8.14,
        "AAPL": 0.55,
        "DELL": 4.21,
        "SHOP": 36.81,
        "CEG": 0,
        "MU": 13.18,
        "HIMS": 181.23
    },
    "cash_position": 50222.88,
    "active_orders": {
        "TSLA": [
            {
                "uuid": "00000000-0000-0000-0000-0000000000",
                "stock": "TSLA",
                "time": "2024-06-21T07:20:22.928636-04:00",
                "price": 180.1892,
                "share": 0.33,
                "remain_portion": -1
            }
        ],
        "NVDA": [
            {
                "uuid": "00000000-0000-0000-0000-0000000000",
                "stock": "NVDA",
                "time": "2024-06-21T07:20:22.928660-04:00",
                "price": 135.2009,
                "share": 4.43,
                "remain_portion": -1
            }
        ],
        "META": [],
        "MSFT": [],
        "IBM": [],
        "PLTR": [
            {
                "uuid": "00000000-0000-0000-0000-0000000000",
                "stock": "PLTR",
                "time": "2024-06-21T07:20:22.928770-04:00",
                "price": 25.2655,
                "share": 47.49,
                "remain_portion": -1
            }
        ],
        "BA": [],
        "SNOW": [
            {
                "uuid": "00000000-0000-0000-0000-0000000000",
                "stock": "SNOW",
                "time": "2024-06-21T07:20:22.928796-04:00",
                "price": 128.7756,
                "share": 67.58,
                "remain_portion": -1
            },
            {
                "uuid": "205fa47e-9893-4465-8e29-97b3419f196f",
                "stock": "SNOW",
                "time": "2024-06-21T09:02:16.443469-04:00",
                "price": 125.7987,
                "share": 4.0,
                "remain_portion": 86
            },
            {
                "uuid": "8e7046cd-5ffc-4638-882c-70a4885f1d1f",
                "stock": "SNOW",
                "time": "2024-06-21T09:16:21.499299-04:00",
                "price": 125.88,
                "share": 4.0,
                "remain_portion": 85
            }
        ],
        "GOOGL": [
            {
                "uuid": "00000000-0000-0000-0000-0000000000",
                "stock": "GOOGL",
                "time": "2024-06-21T09:30:16.681148-04:00",
                "price": 0.43,
                "share": 175.1108,
                "remain_portion": -1
            }
        ],
        "COIN": [
            {
                "uuid": "00000000-0000-0000-0000-0000000000",
                "stock": "COIN",
                "time": "2024-06-21T07:20:22.928913-04:00",
                "price": 237.1925,
                "share": 4.52,
                "remain_portion": -1
            },
            {
                "uuid": "4046f4cf-7b80-459a-b833-d6bc32621da3",
                "stock": "COIN",
                "time": "2024-06-21T09:27:04.479168-04:00",
                "price": 226.5534,
                "share": 0.0,
                "remain_portion": 84
            }
        ],
        "SMCI": [],
        "HOOD": [
            {
                "uuid": "00000000-0000-0000-0000-0000000000",
                "stock": "HOOD",
                "time": "2024-06-21T08:36:36.815104-04:00",
                "price": 41.01,
                "share": 21.6608,
                "remain_portion": -1
            }
        ],
        "CRWD": [],
        "LULU": [
            {
                "uuid": "00000000-0000-0000-0000-0000000000",
                "stock": "LULU",
                "time": "2024-06-21T07:20:22.928750-04:00",
                "price": 310.8601,
                "share": 1.93,
                "remain_portion": -1
            }
        ],
        "PANW": [
            {
                "uuid": "00000000-0000-0000-0000-0000000000",
                "stock": "PANW",
                "time": "2024-06-21T08:19:23.869143-04:00",
                "price": 4.85,
                "share": 312.3113,
                "remain_portion": -1
            }
        ],
        "AMD": [],
        "ARM": [
            {
                "uuid": "00000000-0000-0000-0000-0000000000",
                "stock": "ARM",
                "time": "2024-06-21T07:20:22.928858-04:00",
                "price": 163.3597,
                "share": 3.67,
                "remain_portion": -1
            }
        ],
        "BABA": [
            {
                "uuid": "00000000-0000-0000-0000-0000000000",
                "stock": "BABA",
                "time": "2024-06-21T07:20:22.928729-04:00",
                "price": 74.5194,
                "share": 24.96,
                "remain_portion": -1
            }
        ],
        "CELH": [
            {
                "uuid": "00000000-0000-0000-0000-0000000000",
                "stock": "CELH",
                "time": "2024-06-21T08:29:45.791825-04:00",
                "price": 0.76,
                "share": 61.4867,
                "remain_portion": -1
            }
        ],
        "QCOM": [
            {
                "uuid": "00000000-0000-0000-0000-0000000000",
                "stock": "QCOM",
                "time": "2024-06-21T07:20:22.928984-04:00",
                "price": 221.6217,
                "share": 8.14,
                "remain_portion": -1
            }
        ],
        "AAPL": [
            {
                "uuid": "00000000-0000-0000-0000-0000000000",
                "stock": "AAPL",
                "time": "2024-06-21T09:21:16.601328-04:00",
                "price": 0.55,
                "share": 210.7509,
                "remain_portion": -1
            }
        ],
        "DELL": [
            {
                "uuid": "00000000-0000-0000-0000-0000000000",
                "stock": "DELL",
                "time": "2024-06-21T07:20:22.929014-04:00",
                "price": 145.5898,
                "share": 4.12,
                "remain_portion": -1
            },
            {
                "uuid": "ec5c9eee-d138-4ff1-96af-ac8d5df54627",
                "stock": "DELL",
                "time": "2024-06-21T09:31:19.933618-04:00",
                "price": 146.49,
                "share": 0.08999999999999986,
                "remain_portion": 83
            }
        ],
        "SHOP": [
            {
                "uuid": "00000000-0000-0000-0000-0000000000",
                "stock": "SHOP",
                "time": "2024-06-21T07:20:22.928963-04:00",
                "price": 64.5748,
                "share": 36.81,
                "remain_portion": -1
            }
        ],
        "CEG": [],
        "MU": [
            {
                "uuid": "00000000-0000-0000-0000-0000000000",
                "stock": "MU",
                "time": "2024-06-21T07:20:22.929044-04:00",
                "price": 146.4128,
                "share": 13.18,
                "remain_portion": -1
            }
        ],
        "HIMS": [
            {
                "uuid": "00000000-0000-0000-0000-0000000000",
                "stock": "HIMS",
                "time": "2024-06-21T07:20:22.928943-04:00",
                "price": 23.1429,
                "share": 181.23,
                "remain_portion": -1
            }
        ]
    },
    "active_pnl": {
        "TSLA": 0.58,
        "NVDA": -35.29,
        "META": 0,
        "MSFT": 0,
        "IBM": 0,
        "PLTR": -37.3,
        "BA": 0,
        "SNOW": -167.39,
        "GOOGL": 30970.1,
        "COIN": -51.49,
        "SMCI": 0,
        "HOOD": -424.77,
        "CRWD": 0,
        "LULU": -2.45,
        "PANW": 96355.84,
        "AMD": 0,
        "ARM": -28.62,
        "BABA": -15.83,
        "CELH": 3782.66,
        "QCOM": -95.62,
        "AAPL": 44205.0,
        "DELL": 0.96,
        "SHOP": -30.73,
        "CEG": 0,
        "MU": -125.91,
        "HIMS": -160.01
    },
    "active_pnl_percentage": {
        "TSLA": 1.05,
        "NVDA": -5.87,
        "META": 0,
        "MSFT": 0,
        "IBM": 0,
        "PLTR": -2.99,
        "BA": 0,
        "SNOW": -1.91,
        "GOOGL": 41133.65,
        "COIN": -4.94,
        "SMCI": 0,
        "HOOD": -47.84,
        "CRWD": 0,
        "LULU": -0.41,
        "PANW": 6365.92,
        "AMD": 0,
        "ARM": -4.78,
        "BABA": -0.85,
        "CELH": 8088.16,
        "QCOM": -5.13,
        "AAPL": 38183.64,
        "DELL": 0.16,
        "SHOP": -1.29,
        "CEG": 0,
        "MU": -6.78,
        "HIMS": -3.73
    }
}