{
    "time": "2024-06-14T09:30:06.439723-04:00",
    "daily_start_net_value": 57419.9524,
    "current_net_value": 57387.0742,
    "daily_pnl": -32.8781999999992,
    "daily_pnl_percentage": -0.06,
    "remain_portion": 180,
    "positions": {
        "TSLA": 0,
        "NVDA": 0,
        "META": 0,
        "MSFT": 0,
        "IBM": 0,
        "PLTR": 12.9,
        "BA": 0,
        "SNOW": 4.69,
        "GOOGL": 0,
        "COIN": 0,
        "SMCI": 0,
        "HOOD": 25.77,
        "CRWD": 0,
        "LULU": 1.9345,
        "PANW": 0,
        "C": 0,
        "AMD": 0,
        "ARM": 0,
        "BABA": 15.68,
        "CELH": 0
    },
    "cash_position": 54147.45,
    "active_orders": {
        "TSLA": [],
        "NVDA": [],
        "META": [],
        "MSFT": [],
        "IBM": [],
        "PLTR": [
            {
                "uuid": "00000000-0000-0000-0000-0000000000",
                "stock": "PLTR",
                "time": "2024-06-14T09:08:33.899417-04:00",
                "price": 23.2504,
                "share": 12.9,
                "remain_portion": -1
            }
        ],
        "BA": [],
        "SNOW": [
            {
                "uuid": "00000000-0000-0000-0000-0000000000",
                "stock": "SNOW",
                "time": "2024-06-14T09:08:33.899452-04:00",
                "price": 127.8251,
                "share": 4.69,
                "remain_portion": -1
            }
        ],
        "GOOGL": [],
        "COIN": [],
        "SMCI": [],
        "HOOD": [
            {
                "uuid": "00000000-0000-0000-0000-0000000000",
                "stock": "HOOD",
                "time": "2024-06-14T09:08:33.899157-04:00",
                "price": 23.2751,
                "share": 25.77,
                "remain_portion": -1
            }
        ],
        "CRWD": [],
        "LULU": [
            {
                "uuid": "00000000-0000-0000-0000-0000000000",
                "stock": "LULU",
                "time": "2024-06-14T09:08:33.899380-04:00",
                "price": 310.1008,
                "share": 1.9345,
                "remain_portion": -1
            }
        ],
        "PANW": [],
        "C": [],
        "AMD": [],
        "ARM": [],
        "BABA": [
            {
                "uuid": "00000000-0000-0000-0000-0000000000",
                "stock": "BABA",
                "time": "2024-06-14T09:08:33.899328-04:00",
                "price": 76.5044,
                "share": 15.68,
                "remain_portion": -1
            }
        ],
        "CELH": []
    },
    "active_pnl": {
        "TSLA": 0,
        "NVDA": 0,
        "META": 0,
        "MSFT": 0,
        "IBM": 0,
        "PLTR": -1.04,
        "BA": 0,
        "SNOW": -9.03,
        "GOOGL": 0,
        "COIN": 0,
        "SMCI": 0,
        "HOOD": -1.42,
        "CRWD": 0,
        "LULU": -10.71,
        "PANW": 0,
        "C": 0,
        "AMD": 0,
        "ARM": 0,
        "BABA": -36.6,
        "CELH": 0
    },
    "active_pnl_percentage": {
        "TSLA": 0,
        "NVDA": 0,
        "META": 0,
        "MSFT": 0,
        "IBM": 0,
        "PLTR": -0.35,
        "BA": 0,
        "SNOW": -1.51,
        "GOOGL": 0,
        "COIN": 0,
        "SMCI": 0,
        "HOOD": -0.32,
        "CRWD": 0,
        "LULU": -1.79,
        "PANW": 0,
        "C": 0,
        "AMD": 0,
        "ARM": 0,
        "BABA": -3.05,
        "CELH": 0
    }
}