{
    "time": "2024-06-17T09:31:01.688821-04:00",
    "daily_start_net_value": 57396.1519,
    "current_net_value": 57390.2304,
    "daily_pnl": -5.92149999999674,
    "daily_pnl_percentage": -0.01,
    "remain_portion": 166,
    "positions": {
        "TSLA": 4.0,
        "NVDA": 0,
        "META": 0.5972,
        "MSFT": 0,
        "IBM": 0,
        "PLTR": 0,
        "BA": 5.09,
        "SNOW": 0,
        "GOOGL": 0,
        "COIN": 0,
        "SMCI": 0,
        "HOOD": 39.87,
        "CRWD": 0.7817,
        "LULU": 1.9345,
        "PANW": 2.8489,
        "C": 5.0,
        "AMD": 0,
        "ARM": 0,
        "BABA": 23.81,
        "CELH": 9.91
    },
    "cash_position": 49897.04,
    "active_orders": {
        "TSLA": [
            {
                "uuid": "00000000-0000-0000-0000-0000000000",
                "stock": "TSLA",
                "time": "2024-06-17T07:25:13.094930-04:00",
                "price": 177.6875,
                "share": 4.0,
                "remain_portion": -1
            }
        ],
        "NVDA": [],
        "META": [
            {
                "uuid": "dd83f4f3-1c23-45f9-9b2a-6294f8c7cba9",
                "stock": "META",
                "time": "2024-06-17T09:30:54.472717-04:00",
                "price": 502.32,
                "share": 0.5972,
                "remain_portion": 168
            }
        ],
        "MSFT": [],
        "IBM": [],
        "PLTR": [],
        "BA": [
            {
                "uuid": "00000000-0000-0000-0000-0000000000",
                "stock": "BA",
                "time": "2024-06-17T07:25:13.095019-04:00",
                "price": 177.0707,
                "share": 5.09,
                "remain_portion": -1
            }
        ],
        "SNOW": [],
        "GOOGL": [],
        "COIN": [],
        "SMCI": [],
        "HOOD": [
            {
                "uuid": "00000000-0000-0000-0000-0000000000",
                "stock": "HOOD",
                "time": "2024-06-17T07:25:13.095061-04:00",
                "price": 22.5659,
                "share": 39.87,
                "remain_portion": -1
            }
        ],
        "CRWD": [
            {
                "uuid": "6b063887-874f-4cfc-b384-fba0e3172530",
                "stock": "CRWD",
                "time": "2024-06-17T09:30:58.286590-04:00",
                "price": 383.8,
                "share": 0.7817,
                "remain_portion": 167
            }
        ],
        "LULU": [
            {
                "uuid": "00000000-0000-0000-0000-0000000000",
                "stock": "LULU",
                "time": "2024-06-17T07:25:13.095156-04:00",
                "price": 310.1008,
                "share": 1.9345,
                "remain_portion": -1
            }
        ],
        "PANW": [
            {
                "uuid": "00000000-0000-0000-0000-0000000000",
                "stock": "PANW",
                "time": "2024-06-17T07:25:13.095210-04:00",
                "price": 316.3274,
                "share": 1.8962,
                "remain_portion": -1
            },
            {
                "uuid": "8cc46e76-07f9-40bd-a240-78944ba8a74a",
                "stock": "PANW",
                "time": "2024-06-17T09:31:01.117903-04:00",
                "price": 314.88,
                "share": 0.9526999999999999,
                "remain_portion": 166
            }
        ],
        "C": [
            {
                "uuid": "00000000-0000-0000-0000-0000000000",
                "stock": "C",
                "time": "2024-06-17T07:25:13.094757-04:00",
                "price": 59.35,
                "share": 5.0,
                "remain_portion": -1
            }
        ],
        "AMD": [],
        "ARM": [],
        "BABA": [
            {
                "uuid": "00000000-0000-0000-0000-0000000000",
                "stock": "BABA",
                "time": "2024-06-17T07:25:13.095112-04:00",
                "price": 75.564,
                "share": 23.81,
                "remain_portion": -1
            }
        ],
        "CELH": [
            {
                "uuid": "00000000-0000-0000-0000-0000000000",
                "stock": "CELH",
                "time": "2024-06-17T07:25:13.095244-04:00",
                "price": 60.5429,
                "share": 9.91,
                "remain_portion": -1
            }
        ]
    },
    "active_pnl": {
        "TSLA": 1.89,
        "NVDA": 0,
        "META": 0.06,
        "MSFT": 0,
        "IBM": 0,
        "PLTR": 0,
        "BA": -1.43,
        "SNOW": 0,
        "GOOGL": 0,
        "COIN": 0,
        "SMCI": 0,
        "HOOD": -1.43,
        "CRWD": -0.64,
        "LULU": -12.2,
        "PANW": -4.31,
        "C": -1.1,
        "AMD": 0,
        "ARM": 0,
        "BABA": -36.41,
        "CELH": -24.41
    },
    "active_pnl_percentage": {
        "TSLA": 0.54,
        "NVDA": 0,
        "META": -0.06,
        "MSFT": 0,
        "IBM": 0,
        "PLTR": 0,
        "BA": -0.11,
        "SNOW": 0,
        "GOOGL": 0,
        "COIN": 0,
        "SMCI": 0,
        "HOOD": -0.2,
        "CRWD": -0.21,
        "LULU": -2.03,
        "PANW": -0.48,
        "C": -0.29,
        "AMD": 0,
        "ARM": 0,
        "BABA": -2.03,
        "CELH": -4.07
    }
}