{
    "time": "2024-06-24T12:33:18.096863-04:00",
    "daily_start_net_value": 82251.5756,
    "current_net_value": 82026.3491,
    "daily_pnl": -225.22649999998976,
    "daily_pnl_percentage": -0.27,
    "remain_portion": 75,
    "positions": {
        "TSLA": 0,
        "NVDA": 4.43,
        "META": 0,
        "MSFT": 0,
        "IBM": 0,
        "PLTR": 97.72,
        "BA": 0,
        "SNOW": 83.58,
        "GOOGL": 0,
        "COIN": 12.04,
        "SMCI": 0,
        "HOOD": 56.48,
        "CRWD": 0,
        "LULU": 0,
        "PANW": 0,
        "AMD": 0,
        "ARM": 3.67,
        "BABA": 0,
        "CELH": 0,
        "QCOM": 10.98,
        "AAPL": 0,
        "DELL": 12.54,
        "SHOP": 0,
        "CEG": 0,
        "MU": 13.18,
        "HIMS": 181.23
    },
    "cash_position": 45235.21,
    "active_orders": {
        "TSLA": [],
        "NVDA": [
            {
                "uuid": "00000000-0000-0000-0000-0000000000",
                "stock": "NVDA",
                "time": "2024-06-24T07:19:51.134655-04:00",
                "price": 135.2009,
                "share": 4.43,
                "remain_portion": -1
            }
        ],
        "META": [],
        "MSFT": [],
        "IBM": [],
        "PLTR": [
            {
                "uuid": "00000000-0000-0000-0000-0000000000",
                "stock": "PLTR",
                "time": "2024-06-24T07:19:51.134873-04:00",
                "price": 24.7467,
                "share": 72.72,
                "remain_portion": -1
            },
            {
                "uuid": "31414226-3457-40c5-b08b-948608530b21",
                "stock": "PLTR",
                "time": "2024-06-24T09:16:23.103521-04:00",
                "price": 23.443420000000003,
                "share": 25.0,
                "remain_portion": 80
            }
        ],
        "BA": [],
        "SNOW": [
            {
                "uuid": "00000000-0000-0000-0000-0000000000",
                "stock": "SNOW",
                "time": "2024-06-24T07:19:51.134903-04:00",
                "price": 128.459,
                "share": 75.58,
                "remain_portion": -1
            },
            {
                "uuid": "0fb9250a-a442-482f-8a08-e7215df9a644",
                "stock": "SNOW",
                "time": "2024-06-24T08:55:49.509463-04:00",
                "price": 127.05,
                "share": 4.0,
                "remain_portion": 84
            },
            {
                "uuid": "957110a8-1acf-4720-8113-eef71b242eee",
                "stock": "SNOW",
                "time": "2024-06-24T09:12:01.939646-04:00",
                "price": 127.02,
                "share": 4.0,
                "remain_portion": 82
            }
        ],
        "GOOGL": [],
        "COIN": [
            {
                "uuid": "00000000-0000-0000-0000-0000000000",
                "stock": "COIN",
                "time": "2024-06-24T07:19:51.134977-04:00",
                "price": 232.759,
                "share": 7.22,
                "remain_portion": -1
            },
            {
                "uuid": "a88b4fd2-d807-4ade-8a7c-d3864caf1dda",
                "stock": "COIN",
                "time": "2024-06-24T09:26:27.826175-04:00",
                "price": 216.11,
                "share": 2.000000000000001,
                "remain_portion": 79
            },
            {
                "uuid": "c59fefc0-20fb-49df-a204-db970f363cd9",
                "stock": "COIN",
                "time": "2024-06-24T12:01:08.051304-04:00",
                "price": 213.0,
                "share": 2.8199999999999985,
                "remain_portion": 76
            }
        ],
        "SMCI": [],
        "HOOD": [
            {
                "uuid": "20507785-fc97-4e62-9bbb-13e1aeca3cde",
                "stock": "HOOD",
                "time": "2024-06-24T11:11:44.886496-04:00",
                "price": 21.5,
                "share": 27.91,
                "remain_portion": 77
            },
            {
                "uuid": "25a5c231-e4a1-4627-a72b-61146c19590d",
                "stock": "HOOD",
                "time": "2024-06-24T12:01:11.448279-04:00",
                "price": 21.0,
                "share": 28.569999999999997,
                "remain_portion": 75
            }
        ],
        "CRWD": [],
        "LULU": [],
        "PANW": [],
        "AMD": [],
        "ARM": [
            {
                "uuid": "00000000-0000-0000-0000-0000000000",
                "stock": "ARM",
                "time": "2024-06-24T07:19:51.134952-04:00",
                "price": 163.3597,
                "share": 3.67,
                "remain_portion": -1
            }
        ],
        "BABA": [],
        "CELH": [],
        "QCOM": [
            {
                "uuid": "00000000-0000-0000-0000-0000000000",
                "stock": "QCOM",
                "time": "2024-06-24T07:19:51.135045-04:00",
                "price": 219.0073,
                "share": 10.98,
                "remain_portion": -1
            },
            {
                "uuid": "fd083965-a479-4843-b410-1b86a9c00a2e",
                "stock": "QCOM",
                "time": "2024-06-24T09:06:09.118530-04:00",
                "price": 208.15,
                "share": 0.0,
                "remain_portion": 83
            }
        ],
        "AAPL": [],
        "DELL": [
            {
                "uuid": "00000000-0000-0000-0000-0000000000",
                "stock": "DELL",
                "time": "2024-06-24T07:19:51.135121-04:00",
                "price": 145.4068,
                "share": 8.21,
                "remain_portion": -1
            },
            {
                "uuid": "a2b6f495-aab7-4121-a763-dfb1b1c85d59",
                "stock": "DELL",
                "time": "2024-06-24T09:12:05.173054-04:00",
                "price": 143.05,
                "share": 4.0,
                "remain_portion": 81
            },
            {
                "uuid": "b6c7a891-da9a-4a3b-af2e-f8ff2080b4ad",
                "stock": "DELL",
                "time": "2024-06-24T10:55:26.554991-04:00",
                "price": 138.6,
                "share": 4.329999999999998,
                "remain_portion": 78
            }
        ],
        "SHOP": [],
        "CEG": [],
        "MU": [
            {
                "uuid": "00000000-0000-0000-0000-0000000000",
                "stock": "MU",
                "time": "2024-06-24T07:19:51.135149-04:00",
                "price": 146.4128,
                "share": 13.18,
                "remain_portion": -1
            }
        ],
        "HIMS": [
            {
                "uuid": "00000000-0000-0000-0000-0000000000",
                "stock": "HIMS",
                "time": "2024-06-24T07:19:51.135014-04:00",
                "price": 23.1429,
                "share": 181.23,
                "remain_portion": -1
            },
            {
                "uuid": "92a9370a-6419-4301-b019-c711d868dbeb",
                "stock": "HIMS",
                "time": "2024-06-24T09:06:20.555528-04:00",
                "price": 22.1221,
                "share": 0.0,
                "remain_portion": 82
            }
        ]
    },
    "active_pnl": {
        "TSLA": 0,
        "NVDA": -62.11,
        "META": 0,
        "MSFT": 0,
        "IBM": 0,
        "PLTR": -24.26,
        "BA": 0,
        "SNOW": -206.67,
        "GOOGL": 0,
        "COIN": -165.74,
        "SMCI": 0,
        "HOOD": 3.55,
        "CRWD": 0,
        "LULU": 0,
        "PANW": 0,
        "AMD": 0,
        "ARM": -36.22,
        "BABA": 0,
        "CELH": 0,
        "QCOM": -155.34,
        "AAPL": 0,
        "DELL": -40.23,
        "SHOP": 0,
        "CEG": 0,
        "MU": -73.45,
        "HIMS": -116.51
    },
    "active_pnl_percentage": {
        "TSLA": 0,
        "NVDA": -10.41,
        "META": 0,
        "MSFT": 0,
        "IBM": 0,
        "PLTR": -1.02,
        "BA": 0,
        "SNOW": -1.93,
        "GOOGL": 0,
        "COIN": -6.07,
        "SMCI": 0,
        "HOOD": 0.3,
        "CRWD": 0,
        "LULU": 0,
        "PANW": 0,
        "AMD": 0,
        "ARM": -6.04,
        "BABA": 0,
        "CELH": 0,
        "QCOM": -6.46,
        "AAPL": 0,
        "DELL": -1.72,
        "SHOP": 0,
        "CEG": 0,
        "MU": -3.85,
        "HIMS": -2.78
    }
}