{
    "time": "2024-06-12T10:44:16.488781-04:00",
    "daily_start_net_value": 57307.5497,
    "current_net_value": 57442.33,
    "daily_pnl": 134.78029999999853,
    "daily_pnl_percentage": 0.24,
    "remain_portion": 189,
    "positions": {
        "TSLA": 0,
        "NVDA": 0,
        "META": 0,
        "MSFT": 0,
        "IBM": 0,
        "PLTR": 0,
        "BA": 0,
        "SNOW": 0,
        "GOOGL": 0,
        "COIN": 0,
        "SMCI": 0,
        "HOOD": 0,
        "CRWD": 0,
        "LULU": 0,
        "PANW": 0,
        "C": 0,
        "AMD": 0,
        "ARM": 0,
        "BABA": 0,
        "CELH": 0
    },
    "cash_position": 55977.47,
    "active_orders": {
        "TSLA": [],
        "NVDA": [],
        "META": [],
        "MSFT": [],
        "IBM": [],
        "PLTR": [],
        "BA": [],
        "SNOW": [],
        "GOOGL": [],
        "COIN": [],
        "SMCI": [],
        "HOOD": [],
        "CRWD": [],
        "LULU": [],
        "PANW": [],
        "C": [],
        "AMD": [],
        "ARM": [],
        "BABA": [],
        "CELH": []
    },
    "active_pnl": {
        "TSLA": 0,
        "NVDA": 0,
        "META": 0,
        "MSFT": 0,
        "IBM": 0,
        "PLTR": 0,
        "BA": 0,
        "SNOW": 0,
        "GOOGL": 0,
        "COIN": 0,
        "SMCI": 0,
        "HOOD": 0,
        "CRWD": 0,
        "LULU": 0,
        "PANW": 0,
        "C": 0,
        "AMD": 0,
        "ARM": 0,
        "BABA": 0,
        "CELH": 0
    },
    "active_pnl_percentage": {
        "TSLA": 0,
        "NVDA": 0,
        "META": 0,
        "MSFT": 0,
        "IBM": 0,
        "PLTR": 0,
        "BA": 0,
        "SNOW": 0,
        "GOOGL": 0,
        "COIN": 0,
        "SMCI": 0,
        "HOOD": 0,
        "CRWD": 0,
        "LULU": 0,
        "PANW": 0,
        "C": 0,
        "AMD": 0,
        "ARM": 0,
        "BABA": 0,
        "CELH": 0
    }
}