{
    "time": "2024-06-17T11:31:48.001437-04:00",
    "daily_start_net_value": 57396.1519,
    "current_net_value": 57446.8676,
    "daily_pnl": 50.71570000000065,
    "daily_pnl_percentage": 0.09,
    "remain_portion": 166,
    "positions": {
        "TSLA": 0,
        "NVDA": 0,
        "META": 0.5972,
        "MSFT": 0,
        "IBM": 0,
        "PLTR": 0,
        "BA": 0,
        "SNOW": 0,
        "GOOGL": 0,
        "COIN": 0,
        "SMCI": 0,
        "HOOD": 39.87,
        "CRWD": 0.7817,
        "LULU": 0,
        "PANW": 2.8489,
        "C": 0,
        "AMD": 0,
        "ARM": 0,
        "BABA": 23.81,
        "CELH": 9.91
    },
    "cash_position": 49897.04,
    "active_orders": {
        "TSLA": [],
        "NVDA": [],
        "META": [
            {
                "uuid": "dd83f4f3-1c23-45f9-9b2a-6294f8c7cba9",
                "stock": "META",
                "time": "2024-06-17T09:30:54.472717-04:00",
                "price": 502.32,
                "share": 0.5972,
                "remain_portion": 168
            }
        ],
        "MSFT": [],
        "IBM": [],
        "PLTR": [],
        "BA": [],
        "SNOW": [],
        "GOOGL": [],
        "COIN": [],
        "SMCI": [],
        "HOOD": [
            {
                "uuid": "00000000-0000-0000-0000-0000000000",
                "stock": "HOOD",
                "time": "2024-06-17T07:25:13.095061-04:00",
                "price": 22.5659,
                "share": 39.87,
                "remain_portion": -1
            }
        ],
        "CRWD": [
            {
                "uuid": "6b063887-874f-4cfc-b384-fba0e3172530",
                "stock": "CRWD",
                "time": "2024-06-17T09:30:58.286590-04:00",
                "price": 383.8,
                "share": 0.7817,
                "remain_portion": 167
            }
        ],
        "LULU": [],
        "PANW": [
            {
                "uuid": "00000000-0000-0000-0000-0000000000",
                "stock": "PANW",
                "time": "2024-06-17T07:25:13.095210-04:00",
                "price": 316.3274,
                "share": 1.8962,
                "remain_portion": -1
            },
            {
                "uuid": "8cc46e76-07f9-40bd-a240-78944ba8a74a",
                "stock": "PANW",
                "time": "2024-06-17T09:31:01.117903-04:00",
                "price": 314.88,
                "share": 0.9526999999999999,
                "remain_portion": 166
            }
        ],
        "C": [],
        "AMD": [],
        "ARM": [],
        "BABA": [
            {
                "uuid": "00000000-0000-0000-0000-0000000000",
                "stock": "BABA",
                "time": "2024-06-17T07:25:13.095112-04:00",
                "price": 75.564,
                "share": 23.81,
                "remain_portion": -1
            }
        ],
        "CELH": [
            {
                "uuid": "00000000-0000-0000-0000-0000000000",
                "stock": "CELH",
                "time": "2024-06-17T07:25:13.095244-04:00",
                "price": 60.5429,
                "share": 9.91,
                "remain_portion": -1
            }
        ]
    },
    "active_pnl": {
        "TSLA": 0,
        "NVDA": 0,
        "META": -0.76,
        "MSFT": 0,
        "IBM": 0,
        "PLTR": 0,
        "BA": 0,
        "SNOW": 0,
        "GOOGL": 0,
        "COIN": 0,
        "SMCI": 0,
        "HOOD": -15.98,
        "CRWD": 2.95,
        "LULU": 0,
        "PANW": 8.48,
        "C": 0,
        "AMD": 0,
        "ARM": 0,
        "BABA": -21.76,
        "CELH": -15.59
    },
    "active_pnl_percentage": {
        "TSLA": 0,
        "NVDA": 0,
        "META": -0.25,
        "MSFT": 0,
        "IBM": 0,
        "PLTR": 0,
        "BA": 0,
        "SNOW": 0,
        "GOOGL": 0,
        "COIN": 0,
        "SMCI": 0,
        "HOOD": -1.8,
        "CRWD": 0.97,
        "LULU": 0,
        "PANW": 0.94,
        "C": 0,
        "AMD": 0,
        "ARM": 0,
        "BABA": -1.21,
        "CELH": -2.58
    }
}