{
    "time": "2024-06-26T07:30:09.334036-04:00",
    "daily_start_net_value": 82593.4952,
    "current_net_value": 82593.4952,
    "daily_pnl": 0.0,
    "daily_pnl_percentage": 0.0,
    "remain_portion": 86,
    "positions": {
        "TSLA": 0,
        "NVDA": 0,
        "META": 0,
        "MSFT": 0,
        "IBM": 13.91,
        "PLTR": 0,
        "BA": 0,
        "SNOW": 98.01,
        "GOOGL": 0,
        "COIN": 12.04,
        "SMCI": 0,
        "HOOD": 0,
        "CRWD": 0,
        "LULU": 5.82,
        "PANW": 0,
        "AMD": 0.82,
        "ARM": 0,
        "BABA": 0.37,
        "CELH": 62.31,
        "QCOM": 17.94,
        "AAPL": 0,
        "DELL": 0,
        "SHOP": 28.0,
        "CEG": 0,
        "MU": 13.18,
        "HIMS": 0
    },
    "cash_position": 52095.21,
    "active_orders": {
        "TSLA": [],
        "NVDA": [],
        "META": [],
        "MSFT": [],
        "IBM": [
            {
                "uuid": "00000000-0000-0000-0000-0000000000",
                "stock": "IBM",
                "time": "2024-06-26T07:14:06.576637-04:00",
                "price": 172.6355,
                "share": 13.91,
                "remain_portion": -1
            }
        ],
        "PLTR": [],
        "BA": [],
        "SNOW": [
            {
                "uuid": "00000000-0000-0000-0000-0000000000",
                "stock": "SNOW",
                "time": "2024-06-26T07:14:06.576751-04:00",
                "price": 127.7745,
                "share": 98.01,
                "remain_portion": -1
            }
        ],
        "GOOGL": [],
        "COIN": [
            {
                "uuid": "00000000-0000-0000-0000-0000000000",
                "stock": "COIN",
                "time": "2024-06-26T07:14:06.576822-04:00",
                "price": 225.3405,
                "share": 12.04,
                "remain_portion": -1
            }
        ],
        "SMCI": [],
        "HOOD": [],
        "CRWD": [],
        "LULU": [
            {
                "uuid": "00000000-0000-0000-0000-0000000000",
                "stock": "LULU",
                "time": "2024-06-26T07:14:06.576716-04:00",
                "price": 309.7577,
                "share": 5.82,
                "remain_portion": -1
            }
        ],
        "PANW": [],
        "AMD": [
            {
                "uuid": "00000000-0000-0000-0000-0000000000",
                "stock": "AMD",
                "time": "2024-06-26T07:14:06.576492-04:00",
                "price": 157.0288,
                "share": 0.82,
                "remain_portion": -1
            }
        ],
        "ARM": [],
        "BABA": [
            {
                "uuid": "00000000-0000-0000-0000-0000000000",
                "stock": "BABA",
                "time": "2024-06-26T07:14:06.576680-04:00",
                "price": 73.8667,
                "share": 0.37,
                "remain_portion": -1
            }
        ],
        "CELH": [
            {
                "uuid": "00000000-0000-0000-0000-0000000000",
                "stock": "CELH",
                "time": "2024-06-26T07:14:06.576785-04:00",
                "price": 57.7174,
                "share": 62.31,
                "remain_portion": -1
            }
        ],
        "QCOM": [
            {
                "uuid": "00000000-0000-0000-0000-0000000000",
                "stock": "QCOM",
                "time": "2024-06-26T07:14:06.576892-04:00",
                "price": 213.0742,
                "share": 17.94,
                "remain_portion": -1
            }
        ],
        "AAPL": [],
        "DELL": [],
        "SHOP": [
            {
                "uuid": "00000000-0000-0000-0000-0000000000",
                "stock": "SHOP",
                "time": "2024-06-26T07:14:06.576857-04:00",
                "price": 64.7928,
                "share": 28.0,
                "remain_portion": -1
            }
        ],
        "CEG": [],
        "MU": [
            {
                "uuid": "00000000-0000-0000-0000-0000000000",
                "stock": "MU",
                "time": "2024-06-26T07:14:06.576937-04:00",
                "price": 146.4128,
                "share": 13.18,
                "remain_portion": -1
            }
        ],
        "HIMS": []
    },
    "active_pnl": {
        "TSLA": 0,
        "NVDA": 0,
        "META": 0,
        "MSFT": 0,
        "IBM": -3.41,
        "PLTR": 0,
        "BA": 0,
        "SNOW": -330.73,
        "GOOGL": 0,
        "COIN": -60.57,
        "SMCI": 0,
        "HOOD": 0,
        "CRWD": 0,
        "LULU": 1.41,
        "PANW": 0,
        "AMD": 3.13,
        "ARM": 0,
        "BABA": 0.2,
        "CELH": -126.33,
        "QCOM": -186.11,
        "AAPL": 0,
        "DELL": 0,
        "SHOP": 29.04,
        "CEG": 0,
        "MU": -18.23,
        "HIMS": 0
    },
    "active_pnl_percentage": {
        "TSLA": 0,
        "NVDA": 0,
        "META": 0,
        "MSFT": 0,
        "IBM": -0.14,
        "PLTR": 0,
        "BA": 0,
        "SNOW": -2.64,
        "GOOGL": 0,
        "COIN": -2.23,
        "SMCI": 0,
        "HOOD": 0,
        "CRWD": 0,
        "LULU": 0.08,
        "PANW": 0,
        "AMD": 2.43,
        "ARM": 0,
        "BABA": 0.74,
        "CELH": -3.51,
        "QCOM": -4.87,
        "AAPL": 0,
        "DELL": 0,
        "SHOP": 1.6,
        "CEG": 0,
        "MU": -0.91,
        "HIMS": 0
    }
}